<?xml version="1.0" encoding="UTF-8" standalone="yes"?>
<kml xmlns="http://www.opengis.net/kml/2.2" xmlns:gx="http://www.google.com/kml/ext/2.2" xmlns:atom="http://www.w3.org/2005/Atom" xmlns:xal="urn:oasis:names:tc:ciq:xsdschema:xAL:2.0">
    <Document>
        <Style id="style0x70000">
            <IconStyle>
                <scale>2.0</scale>
                <heading>0.0</heading>
                <Icon>
                    <href>http://www.razient.com/Razient/iconsgi/customer.gif</href>
                    <refreshInterval>0.0</refreshInterval>
                    <viewRefreshTime>0.0</viewRefreshTime>
                    <viewBoundScale>0.0</viewBoundScale>
                </Icon>
            </IconStyle>
        </Style>
        <Style id="style0x80000">
            <IconStyle>
                <scale>2.0</scale>
                <heading>0.0</heading>
                <Icon>
                    <href>http://www.razient.com/Razient/iconsgi/supplier.gif</href>
                    <refreshInterval>0.0</refreshInterval>
                    <viewRefreshTime>0.0</viewRefreshTime>
                    <viewBoundScale>0.0</viewBoundScale>
                </Icon>
            </IconStyle>
        </Style>
        <Style id="style0x83300">
            <IconStyle>
                <scale>1.0</scale>
                <heading>0.0</heading>
                <Icon>
                    <href>http://www.razient.com/Razient/iconsgi/airplane-accident.gif</href>
                    <refreshInterval>0.0</refreshInterval>
                    <viewRefreshTime>0.0</viewRefreshTime>
                    <viewBoundScale>0.0</viewBoundScale>
                </Icon>
            </IconStyle>
        </Style>
        <Style id="style0x93300">
            <IconStyle>
                <scale>1.0</scale>
                <heading>0.0</heading>
                <Icon>
                    <href>http://www.razient.com/Razient/iconsgi/airplane-accident-min.gif</href>
                    <refreshInterval>0.0</refreshInterval>
                    <viewRefreshTime>0.0</viewRefreshTime>
                    <viewBoundScale>0.0</viewBoundScale>
                </Icon>
            </IconStyle>
        </Style>
        <Style id="style1x83301">
            <IconStyle>
                <scale>1.0</scale>
                <heading>0.0</heading>
                <Icon>
                    <href>http://www.razient.com/Razient/iconsgi/gun.gif</href>
                    <refreshInterval>0.0</refreshInterval>
                    <viewRefreshTime>0.0</viewRefreshTime>
                    <viewBoundScale>0.0</viewBoundScale>
                </Icon>
            </IconStyle>
        </Style>
        <Style id="style1x93301">
            <IconStyle>
                <scale>1.0</scale>
                <heading>0.0</heading>
                <Icon>
                    <href>http://www.razient.com/Razient/iconsgi/gun-min.gif</href>
                    <refreshInterval>0.0</refreshInterval>
                    <viewRefreshTime>0.0</viewRefreshTime>
                    <viewBoundScale>0.0</viewBoundScale>
                </Icon>
            </IconStyle>
        </Style>
        <Style id="style2x83302">
            <IconStyle>
                <scale>1.0</scale>
                <heading>0.0</heading>
                <Icon>
                    <href>http://www.razient.com/Razient/iconsgi/bomb.gif</href>
                    <refreshInterval>0.0</refreshInterval>
                    <viewRefreshTime>0.0</viewRefreshTime>
                    <viewBoundScale>0.0</viewBoundScale>
                </Icon>
            </IconStyle>
        </Style>
        <Style id="style2x93302">
            <IconStyle>
                <scale>1.0</scale>
                <heading>0.0</heading>
                <Icon>
                    <href>http://www.razient.com/Razient/iconsgi/bomb-min.gif</href>
                    <refreshInterval>0.0</refreshInterval>
                    <viewRefreshTime>0.0</viewRefreshTime>
                    <viewBoundScale>0.0</viewBoundScale>
                </Icon>
            </IconStyle>
        </Style>
        <Style id="style3x83303">
            <IconStyle>
                <scale>1.0</scale>
                <heading>0.0</heading>
                <Icon>
                    <href>http://www.razient.com/Razient/iconsgi/explosion.gif</href>
                    <refreshInterval>0.0</refreshInterval>
                    <viewRefreshTime>0.0</viewRefreshTime>
                    <viewBoundScale>0.0</viewBoundScale>
                </Icon>
            </IconStyle>
        </Style>
        <Style id="style4x83304">
            <IconStyle>
                <scale>1.0</scale>
                <heading>0.0</heading>
                <Icon>
                    <href>http://www.razient.com/Razient/iconsgi/train.gif</href>
                    <refreshInterval>0.0</refreshInterval>
                    <viewRefreshTime>0.0</viewRefreshTime>
                    <viewBoundScale>0.0</viewBoundScale>
                </Icon>
            </IconStyle>
        </Style>
        <Style id="style4x93304">
            <IconStyle>
                <scale>1.0</scale>
                <heading>0.0</heading>
                <Icon>
                    <href>http://www.razient.com/Razient/iconsgi/train-min.gif</href>
                    <refreshInterval>0.0</refreshInterval>
                    <viewRefreshTime>0.0</viewRefreshTime>
                    <viewBoundScale>0.0</viewBoundScale>
                </Icon>
            </IconStyle>
        </Style>
        <Style id="style5x83305">
            <IconStyle>
                <scale>1.0</scale>
                <heading>0.0</heading>
                <Icon>
                    <href>http://www.razient.com/Razient/iconsgi/political.gif</href>
                    <refreshInterval>0.0</refreshInterval>
                    <viewRefreshTime>0.0</viewRefreshTime>
                    <viewBoundScale>0.0</viewBoundScale>
                </Icon>
            </IconStyle>
        </Style>
        <Style id="style5x93305">
            <IconStyle>
                <scale>1.0</scale>
                <heading>0.0</heading>
                <Icon>
                    <href>http://www.razient.com/Razient/iconsgi/political-min.gif</href>
                    <refreshInterval>0.0</refreshInterval>
                    <viewRefreshTime>0.0</viewRefreshTime>
                    <viewBoundScale>0.0</viewBoundScale>
                </Icon>
            </IconStyle>
        </Style>
        <Style id="style6x83306">
            <IconStyle>
                <scale>1.0</scale>
                <heading>0.0</heading>
                <Icon>
                    <href>http://www.razient.com/Razient/iconsgi/torn.gif</href>
                    <refreshInterval>0.0</refreshInterval>
                    <viewRefreshTime>0.0</viewRefreshTime>
                    <viewBoundScale>0.0</viewBoundScale>
                </Icon>
            </IconStyle>
        </Style>
        <Style id="style6x93306">
            <IconStyle>
                <scale>1.0</scale>
                <heading>0.0</heading>
                <Icon>
                    <href>http://www.razient.com/Razient/iconsgi/torn-min.gif</href>
                    <refreshInterval>0.0</refreshInterval>
                    <viewRefreshTime>0.0</viewRefreshTime>
                    <viewBoundScale>0.0</viewBoundScale>
                </Icon>
            </IconStyle>
        </Style>
        <Style id="style7x83307">
            <IconStyle>
                <scale>1.0</scale>
                <heading>0.0</heading>
                <Icon>
                    <href>http://www.razient.com/Razient/iconsgi/protest.gif</href>
                    <refreshInterval>0.0</refreshInterval>
                    <viewRefreshTime>0.0</viewRefreshTime>
                    <viewBoundScale>0.0</viewBoundScale>
                </Icon>
            </IconStyle>
        </Style>
        <Style id="style7x93307">
            <IconStyle>
                <scale>1.0</scale>
                <heading>0.0</heading>
                <Icon>
                    <href>http://www.razient.com/Razient/iconsgi/protest-min.gif</href>
                    <refreshInterval>0.0</refreshInterval>
                    <viewRefreshTime>0.0</viewRefreshTime>
                    <viewBoundScale>0.0</viewBoundScale>
                </Icon>
            </IconStyle>
        </Style>
        <Style id="style8x83308">
            <IconStyle>
                <scale>1.0</scale>
                <heading>0.0</heading>
                <Icon>
                    <href>http://www.razient.com/Razient/iconsgi/flood.gif</href>
                    <refreshInterval>0.0</refreshInterval>
                    <viewRefreshTime>0.0</viewRefreshTime>
                    <viewBoundScale>0.0</viewBoundScale>
                </Icon>
            </IconStyle>
        </Style>
        <Style id="style8x93308">
            <IconStyle>
                <scale>1.0</scale>
                <heading>0.0</heading>
                <Icon>
                    <href>http://www.razient.com/Razient/iconsgi/flood-min.gif</href>
                    <refreshInterval>0.0</refreshInterval>
                    <viewRefreshTime>0.0</viewRefreshTime>
                    <viewBoundScale>0.0</viewBoundScale>
                </Icon>
            </IconStyle>
        </Style>
        <Style id="style9x83309">
            <IconStyle>
                <scale>1.0</scale>
                <heading>0.0</heading>
                <Icon>
                    <href>http://www.razient.com/Razient/iconsgi/fire.gif</href>
                    <refreshInterval>0.0</refreshInterval>
                    <viewRefreshTime>0.0</viewRefreshTime>
                    <viewBoundScale>0.0</viewBoundScale>
                </Icon>
            </IconStyle>
        </Style>
        <Style id="style9x93309">
            <IconStyle>
                <scale>1.0</scale>
                <heading>0.0</heading>
                <Icon>
                    <href>http://www.razient.com/Razient/iconsgi/fire-min.gif</href>
                    <refreshInterval>0.0</refreshInterval>
                    <viewRefreshTime>0.0</viewRefreshTime>
                    <viewBoundScale>0.0</viewBoundScale>
                </Icon>
            </IconStyle>
        </Style>
        <Style id="style10x83310">
            <IconStyle>
                <scale>1.0</scale>
                <heading>0.0</heading>
                <Icon>
                    <href>http://www.razient.com/Razient/iconsgi/ship.gif</href>
                    <refreshInterval>0.0</refreshInterval>
                    <viewRefreshTime>0.0</viewRefreshTime>
                    <viewBoundScale>0.0</viewBoundScale>
                </Icon>
            </IconStyle>
        </Style>
        <Style id="style10x93310">
            <IconStyle>
                <scale>1.0</scale>
                <heading>0.0</heading>
                <Icon>
                    <href>http://www.razient.com/Razient/iconsgi/ship.gif</href>
                    <refreshInterval>0.0</refreshInterval>
                    <viewRefreshTime>0.0</viewRefreshTime>
                    <viewBoundScale>0.0</viewBoundScale>
                </Icon>
            </IconStyle>
        </Style>
        <Style id="style11x83311">
            <IconStyle>
                <scale>1.0</scale>
                <heading>0.0</heading>
                <Icon>
                    <href>http://www.razient.com/Razient/iconsgi/freeze.gif</href>
                    <refreshInterval>0.0</refreshInterval>
                    <viewRefreshTime>0.0</viewRefreshTime>
                    <viewBoundScale>0.0</viewBoundScale>
                </Icon>
            </IconStyle>
        </Style>
        <Style id="style11x93311">
            <IconStyle>
                <scale>1.0</scale>
                <heading>0.0</heading>
                <Icon>
                    <href>http://www.razient.com/Razient/iconsgi/freeze-min.gif</href>
                    <refreshInterval>0.0</refreshInterval>
                    <viewRefreshTime>0.0</viewRefreshTime>
                    <viewBoundScale>0.0</viewBoundScale>
                </Icon>
            </IconStyle>
        </Style>
        <Style id="style12x83312">
            <IconStyle>
                <scale>1.0</scale>
                <heading>0.0</heading>
                <Icon>
                    <href>http://www.razient.com/Razient/iconsgi/storm.gif</href>
                    <refreshInterval>0.0</refreshInterval>
                    <viewRefreshTime>0.0</viewRefreshTime>
                    <viewBoundScale>0.0</viewBoundScale>
                </Icon>
            </IconStyle>
        </Style>
        <Style id="style12x93312">
            <IconStyle>
                <scale>1.0</scale>
                <heading>0.0</heading>
                <Icon>
                    <href>http://www.razient.com/Razient/iconsgi/storm-min.gif</href>
                    <refreshInterval>0.0</refreshInterval>
                    <viewRefreshTime>0.0</viewRefreshTime>
                    <viewBoundScale>0.0</viewBoundScale>
                </Icon>
            </IconStyle>
        </Style>
        <Style id="style13x83313">
            <IconStyle>
                <scale>1.0</scale>
                <heading>0.0</heading>
                <Icon>
                    <href>http://www.razient.com/Razient/iconsgi/buildingcollapse.gif</href>
                    <refreshInterval>0.0</refreshInterval>
                    <viewRefreshTime>0.0</viewRefreshTime>
                    <viewBoundScale>0.0</viewBoundScale>
                </Icon>
            </IconStyle>
        </Style>
        <Style id="style13x93313">
            <IconStyle>
                <scale>1.0</scale>
                <heading>0.0</heading>
                <Icon>
                    <href>http://www.razient.com/Razient/iconsgi/buildingcollapse-min.gif</href>
                    <refreshInterval>0.0</refreshInterval>
                    <viewRefreshTime>0.0</viewRefreshTime>
                    <viewBoundScale>0.0</viewBoundScale>
                </Icon>
            </IconStyle>
        </Style>
        <Style id="style14x83314">
            <IconStyle>
                <scale>1.0</scale>
                <heading>0.0</heading>
                <Icon>
                    <href>http://www.razient.com/Razient/iconsgi/buildingfire.gif</href>
                    <refreshInterval>0.0</refreshInterval>
                    <viewRefreshTime>0.0</viewRefreshTime>
                    <viewBoundScale>0.0</viewBoundScale>
                </Icon>
            </IconStyle>
        </Style>
        <Style id="style14x93314">
            <IconStyle>
                <scale>1.0</scale>
                <heading>0.0</heading>
                <Icon>
                    <href>http://www.razient.com/Razient/iconsgi/buildingfire-min.gif</href>
                    <refreshInterval>0.0</refreshInterval>
                    <viewRefreshTime>0.0</viewRefreshTime>
                    <viewBoundScale>0.0</viewBoundScale>
                </Icon>
            </IconStyle>
        </Style>
        <Style id="style15x83315">
            <IconStyle>
                <scale>1.0</scale>
                <heading>0.0</heading>
                <Icon>
                    <href>http://www.razient.com/Razient/iconsgi/chemical.gif</href>
                    <refreshInterval>0.0</refreshInterval>
                    <viewRefreshTime>0.0</viewRefreshTime>
                    <viewBoundScale>0.0</viewBoundScale>
                </Icon>
            </IconStyle>
        </Style>
        <Style id="style15x93315">
            <IconStyle>
                <scale>1.0</scale>
                <heading>0.0</heading>
                <Icon>
                    <href>http://www.razient.com/Razient/iconsgi/chemical-min.gif</href>
                    <refreshInterval>0.0</refreshInterval>
                    <viewRefreshTime>0.0</viewRefreshTime>
                    <viewBoundScale>0.0</viewBoundScale>
                </Icon>
            </IconStyle>
        </Style>
        <Style id="style16x83316">
            <IconStyle>
                <scale>1.0</scale>
                <heading>0.0</heading>
                <Icon>
                    <href>http://www.razient.com/Razient/iconsgi/airplane-closed.gif</href>
                    <refreshInterval>0.0</refreshInterval>
                    <viewRefreshTime>0.0</viewRefreshTime>
                    <viewBoundScale>0.0</viewBoundScale>
                </Icon>
            </IconStyle>
        </Style>
        <Style id="style16x93316">
            <IconStyle>
                <scale>1.0</scale>
                <heading>0.0</heading>
                <Icon>
                    <href>http://www.razient.com/Razient/iconsgi/airplane-closed-min.gif</href>
                    <refreshInterval>0.0</refreshInterval>
                    <viewRefreshTime>0.0</viewRefreshTime>
                    <viewBoundScale>0.0</viewBoundScale>
                </Icon>
            </IconStyle>
        </Style>
        <Style id="style17x83317">
            <IconStyle>
                <scale>5.0</scale>
                <heading>0.0</heading>
                <Icon>
                    <href>http://www.razient.com/Razient/iconsgi/earthquake.gif</href>
                    <refreshInterval>0.0</refreshInterval>
                    <viewRefreshTime>0.0</viewRefreshTime>
                    <viewBoundScale>0.0</viewBoundScale>
                </Icon>
            </IconStyle>
        </Style>
        <Style id="style17x93317">
            <IconStyle>
                <scale>5.0</scale>
                <heading>0.0</heading>
                <Icon>
                    <href>http://www.razient.com/Razient/iconsgi/earthquake-min.gif</href>
                    <refreshInterval>0.0</refreshInterval>
                    <viewRefreshTime>0.0</viewRefreshTime>
                    <viewBoundScale>0.0</viewBoundScale>
                </Icon>
            </IconStyle>
        </Style>
        <Style id="style18x83318">
            <IconStyle>
                <scale>1.0</scale>
                <heading>0.0</heading>
                <Icon>
                    <href>http://www.razient.com/Razient/iconsgi/evacuated.gif</href>
                    <refreshInterval>0.0</refreshInterval>
                    <viewRefreshTime>0.0</viewRefreshTime>
                    <viewBoundScale>0.0</viewBoundScale>
                </Icon>
            </IconStyle>
        </Style>
        <Style id="style18x93318">
            <IconStyle>
                <scale>1.0</scale>
                <heading>0.0</heading>
                <Icon>
                    <href>http://www.razient.com/Razient/iconsgi/evacuated-min.gif</href>
                    <refreshInterval>0.0</refreshInterval>
                    <viewRefreshTime>0.0</viewRefreshTime>
                    <viewBoundScale>0.0</viewBoundScale>
                </Icon>
            </IconStyle>
        </Style>
        <Style id="style19x83319">
            <IconStyle>
                <scale>1.0</scale>
                <heading>0.0</heading>
                <Icon>
                    <href>http://www.razient.com/Razient/iconsgi/hazardous.gif</href>
                    <refreshInterval>0.0</refreshInterval>
                    <viewRefreshTime>0.0</viewRefreshTime>
                    <viewBoundScale>0.0</viewBoundScale>
                </Icon>
            </IconStyle>
        </Style>
        <Style id="style19x93319">
            <IconStyle>
                <scale>1.0</scale>
                <heading>0.0</heading>
                <Icon>
                    <href>http://www.razient.com/Razient/iconsgi/hazardous-min.gif</href>
                    <refreshInterval>0.0</refreshInterval>
                    <viewRefreshTime>0.0</viewRefreshTime>
                    <viewBoundScale>0.0</viewBoundScale>
                </Icon>
            </IconStyle>
        </Style>
        <Style id="style20x83320">
            <IconStyle>
                <scale>1.0</scale>
                <heading>0.0</heading>
                <Icon>
                    <href>http://www.razient.com/Razient/iconsgi/volcano.gif</href>
                    <refreshInterval>0.0</refreshInterval>
                    <viewRefreshTime>0.0</viewRefreshTime>
                    <viewBoundScale>0.0</viewBoundScale>
                </Icon>
            </IconStyle>
        </Style>
        <Style id="style20x93320">
            <IconStyle>
                <scale>1.0</scale>
                <heading>0.0</heading>
                <Icon>
                    <href>http://www.razient.com/Razient/iconsgi/volcano-min.gif</href>
                    <refreshInterval>0.0</refreshInterval>
                    <viewRefreshTime>0.0</viewRefreshTime>
                    <viewBoundScale>0.0</viewBoundScale>
                </Icon>
            </IconStyle>
        </Style>
        <Style id="style21x83321">
            <IconStyle>
                <scale>1.0</scale>
                <heading>0.0</heading>
                <Icon>
                    <href>http://www.razient.com/Razient/iconsgi/terrorism.gif</href>
                    <refreshInterval>0.0</refreshInterval>
                    <viewRefreshTime>0.0</viewRefreshTime>
                    <viewBoundScale>0.0</viewBoundScale>
                </Icon>
            </IconStyle>
        </Style>
        <Style id="style21x93321">
            <IconStyle>
                <scale>1.0</scale>
                <heading>0.0</heading>
                <Icon>
                    <href>http://www.razient.com/Razient/iconsgi/terrorism-min.gif</href>
                    <refreshInterval>0.0</refreshInterval>
                    <viewRefreshTime>0.0</viewRefreshTime>
                    <viewBoundScale>0.0</viewBoundScale>
                </Icon>
            </IconStyle>
        </Style>
        <Style id="style23x83323">
            <IconStyle>
                <scale>1.0</scale>
                <heading>0.0</heading>
                <Icon>
                    <href>http://www.razient.com/Razient/iconsgi/armed.gif</href>
                    <refreshInterval>0.0</refreshInterval>
                    <viewRefreshTime>0.0</viewRefreshTime>
                    <viewBoundScale>0.0</viewBoundScale>
                </Icon>
            </IconStyle>
        </Style>
        <Style id="style23x93323">
            <IconStyle>
                <scale>1.0</scale>
                <heading>0.0</heading>
                <Icon>
                    <href>http://www.razient.com/Razient/iconsgi/armed-min.gif</href>
                    <refreshInterval>0.0</refreshInterval>
                    <viewRefreshTime>0.0</viewRefreshTime>
                    <viewBoundScale>0.0</viewBoundScale>
                </Icon>
            </IconStyle>
        </Style>
        <Style id="style24x83324">
            <IconStyle>
                <scale>1.0</scale>
                <heading>0.0</heading>
                <Icon>
                    <href>http://www.razient.com/Razient/iconsgi/hazmat.gif</href>
                    <refreshInterval>0.0</refreshInterval>
                    <viewRefreshTime>0.0</viewRefreshTime>
                    <viewBoundScale>0.0</viewBoundScale>
                </Icon>
            </IconStyle>
        </Style>
        <Style id="style24x93324">
            <IconStyle>
                <scale>1.0</scale>
                <heading>0.0</heading>
                <Icon>
                    <href>http://www.razient.com/Razient/iconsgi/hazmat-min.gif</href>
                    <refreshInterval>0.0</refreshInterval>
                    <viewRefreshTime>0.0</viewRefreshTime>
                    <viewBoundScale>0.0</viewBoundScale>
                </Icon>
            </IconStyle>
        </Style>
        <Style id="style25x83325">
            <IconStyle>
                <scale>1.0</scale>
                <heading>0.0</heading>
                <Icon>
                    <href>http://www.razient.com/Razient/iconsgi/poweroutage.gif</href>
                    <refreshInterval>0.0</refreshInterval>
                    <viewRefreshTime>0.0</viewRefreshTime>
                    <viewBoundScale>0.0</viewBoundScale>
                </Icon>
            </IconStyle>
        </Style>
        <Style id="style25x93325">
            <IconStyle>
                <scale>1.0</scale>
                <heading>0.0</heading>
                <Icon>
                    <href>http://www.razient.com/Razient/iconsgi/poweroutage-min.gif</href>
                    <refreshInterval>0.0</refreshInterval>
                    <viewRefreshTime>0.0</viewRefreshTime>
                    <viewBoundScale>0.0</viewBoundScale>
                </Icon>
            </IconStyle>
        </Style>
        <Style id="style26x83326">
            <IconStyle>
                <scale>1.0</scale>
                <heading>0.0</heading>
                <Icon>
                    <href>http://www.razient.com/Razient/iconsgi/pirate.gif</href>
                    <refreshInterval>0.0</refreshInterval>
                    <viewRefreshTime>0.0</viewRefreshTime>
                    <viewBoundScale>0.0</viewBoundScale>
                </Icon>
            </IconStyle>
        </Style>
        <Style id="style26x93326">
            <IconStyle>
                <scale>1.0</scale>
                <heading>0.0</heading>
                <Icon>
                    <href>http://www.razient.com/Razient/iconsgi/pirate-min.gif</href>
                    <refreshInterval>0.0</refreshInterval>
                    <viewRefreshTime>0.0</viewRefreshTime>
                    <viewBoundScale>0.0</viewBoundScale>
                </Icon>
            </IconStyle>
        </Style>
        <Style id="style27x83327">
            <IconStyle>
                <scale>1.0</scale>
                <heading>0.0</heading>
                <Icon>
                    <href>http://www.razient.com/Razient/iconsgi/mudslide.gif</href>
                    <refreshInterval>0.0</refreshInterval>
                    <viewRefreshTime>0.0</viewRefreshTime>
                    <viewBoundScale>0.0</viewBoundScale>
                </Icon>
            </IconStyle>
        </Style>
        <Style id="style27x93327">
            <IconStyle>
                <scale>1.0</scale>
                <heading>0.0</heading>
                <Icon>
                    <href>http://www.razient.com/Razient/iconsgi/mudslide-min.gif</href>
                    <refreshInterval>0.0</refreshInterval>
                    <viewRefreshTime>0.0</viewRefreshTime>
                    <viewBoundScale>0.0</viewBoundScale>
                </Icon>
            </IconStyle>
        </Style>
        <Style id="style28x83328">
            <IconStyle>
                <scale>1.0</scale>
                <heading>0.0</heading>
                <Icon>
                    <href>http://www.razient.com/Razient/iconsgi/roadflooded.gif</href>
                    <refreshInterval>0.0</refreshInterval>
                    <viewRefreshTime>0.0</viewRefreshTime>
                    <viewBoundScale>0.0</viewBoundScale>
                </Icon>
            </IconStyle>
        </Style>
        <Style id="style28x93328">
            <IconStyle>
                <scale>1.0</scale>
                <heading>0.0</heading>
                <Icon>
                    <href>http://www.razient.com/Razient/iconsgi/roadflooded-min.gif</href>
                    <refreshInterval>0.0</refreshInterval>
                    <viewRefreshTime>0.0</viewRefreshTime>
                    <viewBoundScale>0.0</viewBoundScale>
                </Icon>
            </IconStyle>
        </Style>
        <Style id="style29x83329">
            <IconStyle>
                <scale>1.0</scale>
                <heading>0.0</heading>
                <Icon>
                    <href>http://www.razient.com/Razient/iconsgi/collision.gif</href>
                    <refreshInterval>0.0</refreshInterval>
                    <viewRefreshTime>0.0</viewRefreshTime>
                    <viewBoundScale>0.0</viewBoundScale>
                </Icon>
            </IconStyle>
        </Style>
        <Style id="style29x93329">
            <IconStyle>
                <scale>1.0</scale>
                <heading>0.0</heading>
                <Icon>
                    <href>http://www.razient.com/Razient/iconsgi/collision-min.gif</href>
                    <refreshInterval>0.0</refreshInterval>
                    <viewRefreshTime>0.0</viewRefreshTime>
                    <viewBoundScale>0.0</viewBoundScale>
                </Icon>
            </IconStyle>
        </Style>
        <Style id="style30x83330">
            <IconStyle>
                <scale>1.0</scale>
                <heading>0.0</heading>
                <Icon>
                    <href>http://www.razient.com/Razient/iconsgi/gasmask.gif</href>
                    <refreshInterval>0.0</refreshInterval>
                    <viewRefreshTime>0.0</viewRefreshTime>
                    <viewBoundScale>0.0</viewBoundScale>
                </Icon>
            </IconStyle>
        </Style>
        <Style id="style30x93330">
            <IconStyle>
                <scale>1.0</scale>
                <heading>0.0</heading>
                <Icon>
                    <href>http://www.razient.com/Razient/iconsgi/gasmask-min.gif</href>
                    <refreshInterval>0.0</refreshInterval>
                    <viewRefreshTime>0.0</viewRefreshTime>
                    <viewBoundScale>0.0</viewBoundScale>
                </Icon>
            </IconStyle>
        </Style>
        <Style id="style31x83331">
            <IconStyle>
                <scale>1.0</scale>
                <heading>0.0</heading>
                <Icon>
                    <href>http://www.razient.com/Razient/iconsgi/hurricane.gif</href>
                    <refreshInterval>0.0</refreshInterval>
                    <viewRefreshTime>0.0</viewRefreshTime>
                    <viewBoundScale>0.0</viewBoundScale>
                </Icon>
            </IconStyle>
        </Style>
        <Style id="style31x93331">
            <IconStyle>
                <scale>1.0</scale>
                <heading>0.0</heading>
                <Icon>
                    <href>http://www.razient.com/Razient/iconsgi/hurricane-min.gif</href>
                    <refreshInterval>0.0</refreshInterval>
                    <viewRefreshTime>0.0</viewRefreshTime>
                    <viewBoundScale>0.0</viewBoundScale>
                </Icon>
            </IconStyle>
        </Style>
        <Style id="style32x83332">
            <IconStyle>
                <scale>1.0</scale>
                <heading>0.0</heading>
                <Icon>
                    <href>http://www.razient.com/Razient/iconsgi/tsunami.gif</href>
                    <refreshInterval>0.0</refreshInterval>
                    <viewRefreshTime>0.0</viewRefreshTime>
                    <viewBoundScale>0.0</viewBoundScale>
                </Icon>
            </IconStyle>
        </Style>
        <Style id="style32x93332">
            <IconStyle>
                <scale>1.0</scale>
                <heading>0.0</heading>
                <Icon>
                    <href>http://www.razient.com/Razient/iconsgi/tsunami-min.gif</href>
                    <refreshInterval>0.0</refreshInterval>
                    <viewRefreshTime>0.0</viewRefreshTime>
                    <viewBoundScale>0.0</viewBoundScale>
                </Icon>
            </IconStyle>
        </Style>
        <Style id="style33x83333">
            <IconStyle>
                <scale>1.0</scale>
                <heading>0.0</heading>
                <Icon>
                    <href>http://www.razient.com/Razient/iconsgi/roadsclosed.gif</href>
                    <refreshInterval>0.0</refreshInterval>
                    <viewRefreshTime>0.0</viewRefreshTime>
                    <viewBoundScale>0.0</viewBoundScale>
                </Icon>
            </IconStyle>
        </Style>
        <Style id="style33x93333">
            <IconStyle>
                <scale>1.0</scale>
                <heading>0.0</heading>
                <Icon>
                    <href>http://www.razient.com/Razient/iconsgi/roadsclosed-min.gif</href>
                    <refreshInterval>0.0</refreshInterval>
                    <viewRefreshTime>0.0</viewRefreshTime>
                    <viewBoundScale>0.0</viewBoundScale>
                </Icon>
            </IconStyle>
        </Style>
        <Style id="style9999x8339999">
            <IconStyle>
                <scale>1.0</scale>
                <heading>0.0</heading>
                <Icon>
                    <href>http://www.razient.com/Razient/iconsgi/nosymbol.gif</href>
                    <refreshInterval>0.0</refreshInterval>
                    <viewRefreshTime>0.0</viewRefreshTime>
                    <viewBoundScale>0.0</viewBoundScale>
                </Icon>
            </IconStyle>
        </Style>
        <Style id="style9999x9339999">
            <IconStyle>
                <scale>1.0</scale>
                <heading>0.0</heading>
                <Icon>
                    <href>http://www.razient.com/Razient/iconsgi/nosymbol-min.gif</href>
                    <refreshInterval>0.0</refreshInterval>
                    <viewRefreshTime>0.0</viewRefreshTime>
                    <viewBoundScale>0.0</viewBoundScale>
                </Icon>
            </IconStyle>
        </Style>
        <Folder>
            <name>www.kraazient.com</name>
            <description>Maps events, incidents and other suspicious activity by kraazient</description>
            <Placemark>
                <name>G-Chile</name>
                <visibility xmlns:ns5="http://www.w3.org/2001/XMLSchema-instance" xmlns:ns6="http://www.w3.org/2001/XMLSchema" ns5:type="ns6:boolean">true</visibility>
                <open xmlns:ns5="http://www.w3.org/2001/XMLSchema-instance" xmlns:ns6="http://www.w3.org/2001/XMLSchema" ns5:type="ns6:boolean">true</open>
                <address>Calle Abdon Somoza,santiago,Region Metropolitana,Chile</address>
                <description>&lt;table style='text-align: left; width: 480px; height: 240px;' border='1' border-color='gray' border-style='solid' cellpadding='2' cellspacing='2'&gt;
&lt;tbody&gt;
    &lt;tr style='font-weight: bold;'&gt;
		&lt;td style='height: 78px; width: 184px;' align='undefined' valign='undefined'&gt;&lt;span style='font-weight: normal;'&gt;&lt;img src='http:\\www.razient.com\Razient\iconsgi\customer.png'/&gt;&lt;/span&gt;&lt;/td&gt;
		&lt;td colspan='3' rowspan='1' style='height: 78px; width: 291px;' align='undefined' valign='undefined'&gt;Name: G-Chile&amp;nbsp;&lt;br&gt; Address: Calle Abdon Somoza - santiago - Region Metropolitana - Chile&amp;nbsp;&lt;br&gt; Phone Number: &amp;nbsp;&lt;br&gt; Email: &amp;nbsp;&lt;br&gt; Primary Contact: &amp;nbsp;&lt;/td&gt;
    &lt;/tr&gt;
    &lt;tr&gt;
	   &lt;td colspan='3' rowspan='1' style='height: 0px; width: 291px;' align='undefined' valign='undefined'&gt;&amp;nbsp;&lt;/td&gt;
    &lt;/tr&gt;
  &lt;/tbody&gt;
&lt;/table&gt;</description>
                <styleUrl>#style0x70000</styleUrl>
                <Point>
                    <extrude xmlns:ns5="http://www.w3.org/2001/XMLSchema-instance" xmlns:ns6="http://www.w3.org/2001/XMLSchema" ns5:type="ns6:boolean">false</extrude>
                    <altitudeMode>clampToGround</altitudeMode>
                    <coordinates>-70.57195,-33.45178</coordinates>
                </Point>
            </Placemark>
            <Placemark>
                <name> Incident :  Chile police, students clash in banned protests</name>
                <visibility xmlns:ns5="http://www.w3.org/2001/XMLSchema-instance" xmlns:ns6="http://www.w3.org/2001/XMLSchema" ns5:type="ns6:boolean">true</visibility>
                <open xmlns:ns5="http://www.w3.org/2001/XMLSchema-instance" xmlns:ns6="http://www.w3.org/2001/XMLSchema" ns5:type="ns6:boolean">false</open>
                <description>&lt;table style='text-align: left; width: 480px; height: 240px;' border='1' border-color='gray' border-style='solid' cellpadding='2' cellspacing='2'&gt;
&lt;tbody&gt;
    &lt;tr style='font-weight: bold;'&gt;
		&lt;td style='height: 78px; width: 184px;' align='undefined' valign='undefined'&gt;&lt;span style='font-weight: normal;'&gt;&lt;img src='http:\\66.216.18.155\Razient\iconsgi\suppliers.gif'/&gt;&lt;/span&gt;&lt;/td&gt;
		&lt;td colspan='3' rowspan='1' style='height: 78px; width: 291px;' align='undefined' valign='undefined'&gt;G-Chile&amp;nbsp;
Calle Abdon Somoza&amp;nbsp;&lt;/td&gt;
    &lt;/tr&gt;
    &lt;tr&gt;
      &lt;td style='height: 0px; width: 184px; text-align: left;' valign='undefined'&gt;&lt;span style='font-weight: bold;'&gt;Summary:&lt;/span&gt;&lt;/td&gt;
	   &lt;td colspan='3' rowspan='1' style='height: 0px; width: 291px;' align='undefined' valign='undefined'&gt; Chile police, students clash in banned protests&amp;nbsp;&lt;/td&gt;
    &lt;/tr&gt;
    &lt;tr&gt;
      &lt;td style='width: 184px; height: 26px; font-weight: bold;' align='undefined' valign='undefined'&gt;Country&lt;/td&gt;
      &lt;td style='width: 292px; height: 26px;' align='undefined' valign='undefined'&gt;Chile&amp;nbsp;&lt;/td&gt;
      &lt;td style='height: 26px; width: 184px; font-weight: bold;' align='undefined' valign='undefined'&gt;Severity	&lt;/td&gt;
      &lt;td style='height: 26px; width: 291px;' align='undefined' valign='undefined'&gt;High&amp;nbsp;&lt;/td&gt;
    &lt;/tr&gt;
    &lt;tr&gt;
      &lt;td style='width: 184px; height: 30px; font-weight: bold;' align='undefined' valign='undefined'&gt;State&lt;/td&gt;
      &lt;td style='width: 292px; height: 30px;' align='undefined' valign='undefined'&gt;Region Metropolitana&amp;nbsp;
&lt;/td&gt;
      &lt;td style='height: 30px; width: 184px; font-weight: bold;' align='undefined' valign='undefined'&gt;Type&lt;/td&gt;
      &lt;td style='height: 30px; width: 291px;' align='undefined' valign='undefined'&gt;Riot&amp;nbsp;&lt;/td&gt;
    &lt;/tr&gt;
    &lt;tr&gt;
      &lt;td style='width: 184px; height: 24px; font-weight: bold;' align='undefined' valign='undefined'&gt;City&lt;/td&gt;
      &lt;td style='width: 292px; height: 24px;' align='undefined' valign='undefined'&gt;santiago&amp;nbsp;
&lt;/td&gt;
      &lt;td style='height: 24px; width: 184px; font-weight: bold;' align='undefined' valign='undefined'&gt;Date&lt;/td&gt;
      &lt;td style='height: 24px; width: 291px;' align='undefined' valign='undefined'&gt;2011-08-04&amp;nbsp;
&lt;/td&gt;
    &lt;/tr&gt;
    &lt;tr&gt;
      &lt;td style='width: 184px; height: 26px; font-weight: bold;' align='undefined' valign='undefined'&gt;Deaths&lt;/td&gt;
      &lt;td style='width: 292px; height: 26px;' align='undefined' valign='undefined'&gt;0&amp;nbsp;
&lt;/td&gt;
      &lt;td style='height: 26px; width: 184px; font-weight: bold;' align='undefined' valign='undefined'&gt;Url&lt;/td&gt;
      &lt;td style='height: 26px; width: 291px;' align='undefined' valign='undefined'&gt;&lt;A href=' http://www.google.com/hostednews/ap/article/ALeqM5jqULtHKWIxzqGF8PYMun6Dw3Nucg?docId=7bf760a51e494f089d0814a63d50e5dd'&gt;Link to News&amp;nbsp;&lt;/A&gt;
&lt;/td&gt;
    &lt;/tr&gt;
    &lt;tr&gt;
      &lt;td style='width: 184px; height: 90px; font-weight: bold;' align='undefined' valign='undefined'&gt;Description&lt;/td&gt;
      &lt;td colspan='3' rowspan='1' style='height: 90px; width: 291px;' align='undefined' valign='undefined'&gt; Students and police are battling in the streets in Chile, with riot police using water cannons, tear gas and officers on horseback to break up flaming barricades. Its a chaotic scene in Santiago&amp;nbsp;
&lt;/td&gt;
    &lt;/tr&gt;
  &lt;/tbody&gt;
&lt;/table&gt;</description>
                <styleUrl>#style7x93307</styleUrl>
                <Point>
                    <extrude xmlns:ns5="http://www.w3.org/2001/XMLSchema-instance" xmlns:ns6="http://www.w3.org/2001/XMLSchema" ns5:type="ns6:boolean">false</extrude>
                    <altitudeMode>clampToGround</altitudeMode>
                    <coordinates>-70.6667,-33.45</coordinates>
                </Point>
            </Placemark>
            <Placemark>
                <name>G-Chile</name>
                <visibility xmlns:ns5="http://www.w3.org/2001/XMLSchema-instance" xmlns:ns6="http://www.w3.org/2001/XMLSchema" ns5:type="ns6:boolean">true</visibility>
                <open xmlns:ns5="http://www.w3.org/2001/XMLSchema-instance" xmlns:ns6="http://www.w3.org/2001/XMLSchema" ns5:type="ns6:boolean">true</open>
                <address>Calle Abdon Somoza,santiago,Region Metropolitana,Chile</address>
                <description>&lt;table style='text-align: left; width: 480px; height: 240px;' border='1' border-color='gray' border-style='solid' cellpadding='2' cellspacing='2'&gt;
&lt;tbody&gt;
    &lt;tr style='font-weight: bold;'&gt;
		&lt;td style='height: 78px; width: 184px;' align='undefined' valign='undefined'&gt;&lt;span style='font-weight: normal;'&gt;&lt;img src='http:\\www.razient.com\Razient\iconsgi\customer.png'/&gt;&lt;/span&gt;&lt;/td&gt;
		&lt;td colspan='3' rowspan='1' style='height: 78px; width: 291px;' align='undefined' valign='undefined'&gt;Name: G-Chile&amp;nbsp;&lt;br&gt; Address: Calle Abdon Somoza - santiago - Region Metropolitana - Chile&amp;nbsp;&lt;br&gt; Phone Number: &amp;nbsp;&lt;br&gt; Email: &amp;nbsp;&lt;br&gt; Primary Contact: &amp;nbsp;&lt;/td&gt;
    &lt;/tr&gt;
    &lt;tr&gt;
	   &lt;td colspan='3' rowspan='1' style='height: 0px; width: 291px;' align='undefined' valign='undefined'&gt;&amp;nbsp;&lt;/td&gt;
    &lt;/tr&gt;
  &lt;/tbody&gt;
&lt;/table&gt;</description>
                <styleUrl>#style0x70000</styleUrl>
                <Point>
                    <extrude xmlns:ns5="http://www.w3.org/2001/XMLSchema-instance" xmlns:ns6="http://www.w3.org/2001/XMLSchema" ns5:type="ns6:boolean">false</extrude>
                    <altitudeMode>clampToGround</altitudeMode>
                    <coordinates>-70.57195,-33.45178</coordinates>
                </Point>
            </Placemark>
            <Placemark>
                <name> Incident :  Chile police, students clash in banned protests</name>
                <visibility xmlns:ns5="http://www.w3.org/2001/XMLSchema-instance" xmlns:ns6="http://www.w3.org/2001/XMLSchema" ns5:type="ns6:boolean">true</visibility>
                <open xmlns:ns5="http://www.w3.org/2001/XMLSchema-instance" xmlns:ns6="http://www.w3.org/2001/XMLSchema" ns5:type="ns6:boolean">false</open>
                <description>&lt;table style='text-align: left; width: 480px; height: 240px;' border='1' border-color='gray' border-style='solid' cellpadding='2' cellspacing='2'&gt;
&lt;tbody&gt;
    &lt;tr style='font-weight: bold;'&gt;
		&lt;td style='height: 78px; width: 184px;' align='undefined' valign='undefined'&gt;&lt;span style='font-weight: normal;'&gt;&lt;img src='http:\\66.216.18.155\Razient\iconsgi\suppliers.gif'/&gt;&lt;/span&gt;&lt;/td&gt;
		&lt;td colspan='3' rowspan='1' style='height: 78px; width: 291px;' align='undefined' valign='undefined'&gt;G-Chile&amp;nbsp;
Calle Abdon Somoza&amp;nbsp;&lt;/td&gt;
    &lt;/tr&gt;
    &lt;tr&gt;
      &lt;td style='height: 0px; width: 184px; text-align: left;' valign='undefined'&gt;&lt;span style='font-weight: bold;'&gt;Summary:&lt;/span&gt;&lt;/td&gt;
	   &lt;td colspan='3' rowspan='1' style='height: 0px; width: 291px;' align='undefined' valign='undefined'&gt; Chile police, students clash in banned protests&amp;nbsp;&lt;/td&gt;
    &lt;/tr&gt;
    &lt;tr&gt;
      &lt;td style='width: 184px; height: 26px; font-weight: bold;' align='undefined' valign='undefined'&gt;Country&lt;/td&gt;
      &lt;td style='width: 292px; height: 26px;' align='undefined' valign='undefined'&gt;Chile&amp;nbsp;&lt;/td&gt;
      &lt;td style='height: 26px; width: 184px; font-weight: bold;' align='undefined' valign='undefined'&gt;Severity	&lt;/td&gt;
      &lt;td style='height: 26px; width: 291px;' align='undefined' valign='undefined'&gt;High&amp;nbsp;&lt;/td&gt;
    &lt;/tr&gt;
    &lt;tr&gt;
      &lt;td style='width: 184px; height: 30px; font-weight: bold;' align='undefined' valign='undefined'&gt;State&lt;/td&gt;
      &lt;td style='width: 292px; height: 30px;' align='undefined' valign='undefined'&gt;Region Metropolitana&amp;nbsp;
&lt;/td&gt;
      &lt;td style='height: 30px; width: 184px; font-weight: bold;' align='undefined' valign='undefined'&gt;Type&lt;/td&gt;
      &lt;td style='height: 30px; width: 291px;' align='undefined' valign='undefined'&gt;Riot&amp;nbsp;&lt;/td&gt;
    &lt;/tr&gt;
    &lt;tr&gt;
      &lt;td style='width: 184px; height: 24px; font-weight: bold;' align='undefined' valign='undefined'&gt;City&lt;/td&gt;
      &lt;td style='width: 292px; height: 24px;' align='undefined' valign='undefined'&gt;santiago&amp;nbsp;
&lt;/td&gt;
      &lt;td style='height: 24px; width: 184px; font-weight: bold;' align='undefined' valign='undefined'&gt;Date&lt;/td&gt;
      &lt;td style='height: 24px; width: 291px;' align='undefined' valign='undefined'&gt;2011-08-04&amp;nbsp;
&lt;/td&gt;
    &lt;/tr&gt;
    &lt;tr&gt;
      &lt;td style='width: 184px; height: 26px; font-weight: bold;' align='undefined' valign='undefined'&gt;Deaths&lt;/td&gt;
      &lt;td style='width: 292px; height: 26px;' align='undefined' valign='undefined'&gt;0&amp;nbsp;
&lt;/td&gt;
      &lt;td style='height: 26px; width: 184px; font-weight: bold;' align='undefined' valign='undefined'&gt;Url&lt;/td&gt;
      &lt;td style='height: 26px; width: 291px;' align='undefined' valign='undefined'&gt;&lt;A href=' http://www.google.com/hostednews/ap/article/ALeqM5jqULtHKWIxzqGF8PYMun6Dw3Nucg?docId=7bf760a51e494f089d0814a63d50e5dd'&gt;Link to News&amp;nbsp;&lt;/A&gt;
&lt;/td&gt;
    &lt;/tr&gt;
    &lt;tr&gt;
      &lt;td style='width: 184px; height: 90px; font-weight: bold;' align='undefined' valign='undefined'&gt;Description&lt;/td&gt;
      &lt;td colspan='3' rowspan='1' style='height: 90px; width: 291px;' align='undefined' valign='undefined'&gt; Students and police are battling in the streets in Chile, with riot police using water cannons, tear gas and officers on horseback to break up flaming barricades. Its a chaotic scene in Santiago&amp;nbsp;
&lt;/td&gt;
    &lt;/tr&gt;
  &lt;/tbody&gt;
&lt;/table&gt;</description>
                <styleUrl>#style7x93307</styleUrl>
                <Point>
                    <extrude xmlns:ns5="http://www.w3.org/2001/XMLSchema-instance" xmlns:ns6="http://www.w3.org/2001/XMLSchema" ns5:type="ns6:boolean">false</extrude>
                    <altitudeMode>clampToGround</altitudeMode>
                    <coordinates>-70.6667,-33.45</coordinates>
                </Point>
            </Placemark>
            <Placemark>
                <name>G-United Kingdom</name>
                <visibility xmlns:ns5="http://www.w3.org/2001/XMLSchema-instance" xmlns:ns6="http://www.w3.org/2001/XMLSchema" ns5:type="ns6:boolean">true</visibility>
                <open xmlns:ns5="http://www.w3.org/2001/XMLSchema-instance" xmlns:ns6="http://www.w3.org/2001/XMLSchema" ns5:type="ns6:boolean">true</open>
                <address>No 1 Liverpool Street,london,London,United Kingdom</address>
                <description>&lt;table style='text-align: left; width: 480px; height: 240px;' border='1' border-color='gray' border-style='solid' cellpadding='2' cellspacing='2'&gt;
&lt;tbody&gt;
    &lt;tr style='font-weight: bold;'&gt;
		&lt;td style='height: 78px; width: 184px;' align='undefined' valign='undefined'&gt;&lt;span style='font-weight: normal;'&gt;&lt;img src='http:\\www.razient.com\Razient\iconsgi\customer.png'/&gt;&lt;/span&gt;&lt;/td&gt;
		&lt;td colspan='3' rowspan='1' style='height: 78px; width: 291px;' align='undefined' valign='undefined'&gt;Name: G-United Kingdom&amp;nbsp;&lt;br&gt; Address: No 1 Liverpool Street - london - London - United Kingdom&amp;nbsp;&lt;br&gt; Phone Number: &amp;nbsp;&lt;br&gt; Email: &amp;nbsp;&lt;br&gt; Primary Contact: &amp;nbsp;&lt;/td&gt;
    &lt;/tr&gt;
    &lt;tr&gt;
	   &lt;td colspan='3' rowspan='1' style='height: 0px; width: 291px;' align='undefined' valign='undefined'&gt;&amp;nbsp;&lt;/td&gt;
    &lt;/tr&gt;
  &lt;/tbody&gt;
&lt;/table&gt;</description>
                <styleUrl>#style0x70000</styleUrl>
                <Point>
                    <extrude xmlns:ns5="http://www.w3.org/2001/XMLSchema-instance" xmlns:ns6="http://www.w3.org/2001/XMLSchema" ns5:type="ns6:boolean">false</extrude>
                    <altitudeMode>clampToGround</altitudeMode>
                    <coordinates>-0.0837456,51.517666</coordinates>
                </Point>
            </Placemark>
            <Placemark>
                <name> Incident :  Sussex rail passengers still facing severe disruption following track flooding</name>
                <visibility xmlns:ns5="http://www.w3.org/2001/XMLSchema-instance" xmlns:ns6="http://www.w3.org/2001/XMLSchema" ns5:type="ns6:boolean">true</visibility>
                <open xmlns:ns5="http://www.w3.org/2001/XMLSchema-instance" xmlns:ns6="http://www.w3.org/2001/XMLSchema" ns5:type="ns6:boolean">false</open>
                <description>&lt;table style='text-align: left; width: 480px; height: 240px;' border='1' border-color='gray' border-style='solid' cellpadding='2' cellspacing='2'&gt;
&lt;tbody&gt;
    &lt;tr style='font-weight: bold;'&gt;
		&lt;td style='height: 78px; width: 184px;' align='undefined' valign='undefined'&gt;&lt;span style='font-weight: normal;'&gt;&lt;img src='http:\\66.216.18.155\Razient\iconsgi\suppliers.gif'/&gt;&lt;/span&gt;&lt;/td&gt;
		&lt;td colspan='3' rowspan='1' style='height: 78px; width: 291px;' align='undefined' valign='undefined'&gt;G-United Kingdom&amp;nbsp;
No 1 Liverpool Street&amp;nbsp;&lt;/td&gt;
    &lt;/tr&gt;
    &lt;tr&gt;
      &lt;td style='height: 0px; width: 184px; text-align: left;' valign='undefined'&gt;&lt;span style='font-weight: bold;'&gt;Summary:&lt;/span&gt;&lt;/td&gt;
	   &lt;td colspan='3' rowspan='1' style='height: 0px; width: 291px;' align='undefined' valign='undefined'&gt; Sussex rail passengers still facing severe disruption following track flooding&amp;nbsp;&lt;/td&gt;
    &lt;/tr&gt;
    &lt;tr&gt;
      &lt;td style='width: 184px; height: 26px; font-weight: bold;' align='undefined' valign='undefined'&gt;Country&lt;/td&gt;
      &lt;td style='width: 292px; height: 26px;' align='undefined' valign='undefined'&gt;United Kingdom&amp;nbsp;&lt;/td&gt;
      &lt;td style='height: 26px; width: 184px; font-weight: bold;' align='undefined' valign='undefined'&gt;Severity	&lt;/td&gt;
      &lt;td style='height: 26px; width: 291px;' align='undefined' valign='undefined'&gt;Low&amp;nbsp;&lt;/td&gt;
    &lt;/tr&gt;
    &lt;tr&gt;
      &lt;td style='width: 184px; height: 30px; font-weight: bold;' align='undefined' valign='undefined'&gt;State&lt;/td&gt;
      &lt;td style='width: 292px; height: 30px;' align='undefined' valign='undefined'&gt;London&amp;nbsp;
&lt;/td&gt;
      &lt;td style='height: 30px; width: 184px; font-weight: bold;' align='undefined' valign='undefined'&gt;Type&lt;/td&gt;
      &lt;td style='height: 30px; width: 291px;' align='undefined' valign='undefined'&gt;Train Disruption&amp;nbsp;&lt;/td&gt;
    &lt;/tr&gt;
    &lt;tr&gt;
      &lt;td style='width: 184px; height: 24px; font-weight: bold;' align='undefined' valign='undefined'&gt;City&lt;/td&gt;
      &lt;td style='width: 292px; height: 24px;' align='undefined' valign='undefined'&gt;london&amp;nbsp;
&lt;/td&gt;
      &lt;td style='height: 24px; width: 184px; font-weight: bold;' align='undefined' valign='undefined'&gt;Date&lt;/td&gt;
      &lt;td style='height: 24px; width: 291px;' align='undefined' valign='undefined'&gt;2011-08-02&amp;nbsp;
&lt;/td&gt;
    &lt;/tr&gt;
    &lt;tr&gt;
      &lt;td style='width: 184px; height: 26px; font-weight: bold;' align='undefined' valign='undefined'&gt;Deaths&lt;/td&gt;
      &lt;td style='width: 292px; height: 26px;' align='undefined' valign='undefined'&gt;0&amp;nbsp;
&lt;/td&gt;
      &lt;td style='height: 26px; width: 184px; font-weight: bold;' align='undefined' valign='undefined'&gt;Url&lt;/td&gt;
      &lt;td style='height: 26px; width: 291px;' align='undefined' valign='undefined'&gt;&lt;A href=' http://www.theargus.co.uk/news/9172036.Sussex_rail_passengers_still_facing_severe_disruption_following_track_flooding/'&gt;Link to News&amp;nbsp;&lt;/A&gt;
&lt;/td&gt;
    &lt;/tr&gt;
    &lt;tr&gt;
      &lt;td style='width: 184px; height: 90px; font-weight: bold;' align='undefined' valign='undefined'&gt;Description&lt;/td&gt;
      &lt;td colspan='3' rowspan='1' style='height: 90px; width: 291px;' align='undefined' valign='undefined'&gt; Commuters are still facing severe disruption to rail services this morning after a water main burst and flooded the tracks. &amp;nbsp;
&lt;/td&gt;
    &lt;/tr&gt;
  &lt;/tbody&gt;
&lt;/table&gt;</description>
                <styleUrl>#style4x93304</styleUrl>
                <Point>
                    <extrude xmlns:ns5="http://www.w3.org/2001/XMLSchema-instance" xmlns:ns6="http://www.w3.org/2001/XMLSchema" ns5:type="ns6:boolean">false</extrude>
                    <altitudeMode>clampToGround</altitudeMode>
                    <coordinates>-0.116667,51.5</coordinates>
                </Point>
            </Placemark>
            <Placemark>
                <name>G-Philippines</name>
                <visibility xmlns:ns5="http://www.w3.org/2001/XMLSchema-instance" xmlns:ns6="http://www.w3.org/2001/XMLSchema" ns5:type="ns6:boolean">true</visibility>
                <open xmlns:ns5="http://www.w3.org/2001/XMLSchema-instance" xmlns:ns6="http://www.w3.org/2001/XMLSchema" ns5:type="ns6:boolean">true</open>
                <address>Unit 1-D La Fuerza Plaza 1 Com,manila,Manila,Philippines</address>
                <description>&lt;table style='text-align: left; width: 480px; height: 240px;' border='1' border-color='gray' border-style='solid' cellpadding='2' cellspacing='2'&gt;
&lt;tbody&gt;
    &lt;tr style='font-weight: bold;'&gt;
		&lt;td style='height: 78px; width: 184px;' align='undefined' valign='undefined'&gt;&lt;span style='font-weight: normal;'&gt;&lt;img src='http:\\www.razient.com\Razient\iconsgi\customer.png'/&gt;&lt;/span&gt;&lt;/td&gt;
		&lt;td colspan='3' rowspan='1' style='height: 78px; width: 291px;' align='undefined' valign='undefined'&gt;Name: G-Philippines&amp;nbsp;&lt;br&gt; Address: Unit 1-D La Fuerza Plaza 1 Com - manila - Manila - Philippines&amp;nbsp;&lt;br&gt; Phone Number: &amp;nbsp;&lt;br&gt; Email: &amp;nbsp;&lt;br&gt; Primary Contact: &amp;nbsp;&lt;/td&gt;
    &lt;/tr&gt;
    &lt;tr&gt;
	   &lt;td colspan='3' rowspan='1' style='height: 0px; width: 291px;' align='undefined' valign='undefined'&gt;&amp;nbsp;&lt;/td&gt;
    &lt;/tr&gt;
  &lt;/tbody&gt;
&lt;/table&gt;</description>
                <styleUrl>#style0x70000</styleUrl>
                <Point>
                    <extrude xmlns:ns5="http://www.w3.org/2001/XMLSchema-instance" xmlns:ns6="http://www.w3.org/2001/XMLSchema" ns5:type="ns6:boolean">false</extrude>
                    <altitudeMode>clampToGround</altitudeMode>
                    <coordinates>120.96667,14.583333</coordinates>
                </Point>
            </Placemark>
            <Placemark>
                <name> Incident :  Big floods hit Manila, kill 1, shut schools, work</name>
                <visibility xmlns:ns5="http://www.w3.org/2001/XMLSchema-instance" xmlns:ns6="http://www.w3.org/2001/XMLSchema" ns5:type="ns6:boolean">true</visibility>
                <open xmlns:ns5="http://www.w3.org/2001/XMLSchema-instance" xmlns:ns6="http://www.w3.org/2001/XMLSchema" ns5:type="ns6:boolean">false</open>
                <description>&lt;table style='text-align: left; width: 480px; height: 240px;' border='1' border-color='gray' border-style='solid' cellpadding='2' cellspacing='2'&gt;
&lt;tbody&gt;
    &lt;tr style='font-weight: bold;'&gt;
		&lt;td style='height: 78px; width: 184px;' align='undefined' valign='undefined'&gt;&lt;span style='font-weight: normal;'&gt;&lt;img src='http:\\66.216.18.155\Razient\iconsgi\suppliers.gif'/&gt;&lt;/span&gt;&lt;/td&gt;
		&lt;td colspan='3' rowspan='1' style='height: 78px; width: 291px;' align='undefined' valign='undefined'&gt;G-Philippines&amp;nbsp;
Unit 1-D La Fuerza Plaza 1 Com&amp;nbsp;&lt;/td&gt;
    &lt;/tr&gt;
    &lt;tr&gt;
      &lt;td style='height: 0px; width: 184px; text-align: left;' valign='undefined'&gt;&lt;span style='font-weight: bold;'&gt;Summary:&lt;/span&gt;&lt;/td&gt;
	   &lt;td colspan='3' rowspan='1' style='height: 0px; width: 291px;' align='undefined' valign='undefined'&gt; Big floods hit Manila, kill 1, shut schools, work&amp;nbsp;&lt;/td&gt;
    &lt;/tr&gt;
    &lt;tr&gt;
      &lt;td style='width: 184px; height: 26px; font-weight: bold;' align='undefined' valign='undefined'&gt;Country&lt;/td&gt;
      &lt;td style='width: 292px; height: 26px;' align='undefined' valign='undefined'&gt;Philippines&amp;nbsp;&lt;/td&gt;
      &lt;td style='height: 26px; width: 184px; font-weight: bold;' align='undefined' valign='undefined'&gt;Severity	&lt;/td&gt;
      &lt;td style='height: 26px; width: 291px;' align='undefined' valign='undefined'&gt;High&amp;nbsp;&lt;/td&gt;
    &lt;/tr&gt;
    &lt;tr&gt;
      &lt;td style='width: 184px; height: 30px; font-weight: bold;' align='undefined' valign='undefined'&gt;State&lt;/td&gt;
      &lt;td style='width: 292px; height: 30px;' align='undefined' valign='undefined'&gt;Manila&amp;nbsp;
&lt;/td&gt;
      &lt;td style='height: 30px; width: 184px; font-weight: bold;' align='undefined' valign='undefined'&gt;Type&lt;/td&gt;
      &lt;td style='height: 30px; width: 291px;' align='undefined' valign='undefined'&gt;Flood&amp;nbsp;&lt;/td&gt;
    &lt;/tr&gt;
    &lt;tr&gt;
      &lt;td style='width: 184px; height: 24px; font-weight: bold;' align='undefined' valign='undefined'&gt;City&lt;/td&gt;
      &lt;td style='width: 292px; height: 24px;' align='undefined' valign='undefined'&gt;manila&amp;nbsp;
&lt;/td&gt;
      &lt;td style='height: 24px; width: 184px; font-weight: bold;' align='undefined' valign='undefined'&gt;Date&lt;/td&gt;
      &lt;td style='height: 24px; width: 291px;' align='undefined' valign='undefined'&gt;2011-08-02&amp;nbsp;
&lt;/td&gt;
    &lt;/tr&gt;
    &lt;tr&gt;
      &lt;td style='width: 184px; height: 26px; font-weight: bold;' align='undefined' valign='undefined'&gt;Deaths&lt;/td&gt;
      &lt;td style='width: 292px; height: 26px;' align='undefined' valign='undefined'&gt;1&amp;nbsp;
&lt;/td&gt;
      &lt;td style='height: 26px; width: 184px; font-weight: bold;' align='undefined' valign='undefined'&gt;Url&lt;/td&gt;
      &lt;td style='height: 26px; width: 291px;' align='undefined' valign='undefined'&gt;&lt;A href=' http://www.mercurynews.com/breaking-news/ci_18599756?nclick_check=1'&gt;Link to News&amp;nbsp;&lt;/A&gt;
&lt;/td&gt;
    &lt;/tr&gt;
    &lt;tr&gt;
      &lt;td style='width: 184px; height: 90px; font-weight: bold;' align='undefined' valign='undefined'&gt;Description&lt;/td&gt;
      &lt;td colspan='3' rowspan='1' style='height: 90px; width: 291px;' align='undefined' valign='undefined'&gt;At least one person has drowned in waist-deep floods that swamped the streets of the Philippine capital after a night of monsoon rains closed down schools and government offices&amp;nbsp;
&lt;/td&gt;
    &lt;/tr&gt;
  &lt;/tbody&gt;
&lt;/table&gt;</description>
                <styleUrl>#style8x93308</styleUrl>
                <Point>
                    <extrude xmlns:ns5="http://www.w3.org/2001/XMLSchema-instance" xmlns:ns6="http://www.w3.org/2001/XMLSchema" ns5:type="ns6:boolean">false</extrude>
                    <altitudeMode>clampToGround</altitudeMode>
                    <coordinates>120.982,14.6042</coordinates>
                </Point>
            </Placemark>
            <Placemark>
                <name>G-Philippines</name>
                <visibility xmlns:ns5="http://www.w3.org/2001/XMLSchema-instance" xmlns:ns6="http://www.w3.org/2001/XMLSchema" ns5:type="ns6:boolean">true</visibility>
                <open xmlns:ns5="http://www.w3.org/2001/XMLSchema-instance" xmlns:ns6="http://www.w3.org/2001/XMLSchema" ns5:type="ns6:boolean">true</open>
                <address>Unit 1-D La Fuerza Plaza 1 Com,manila,Manila,Philippines</address>
                <description>&lt;table style='text-align: left; width: 480px; height: 240px;' border='1' border-color='gray' border-style='solid' cellpadding='2' cellspacing='2'&gt;
&lt;tbody&gt;
    &lt;tr style='font-weight: bold;'&gt;
		&lt;td style='height: 78px; width: 184px;' align='undefined' valign='undefined'&gt;&lt;span style='font-weight: normal;'&gt;&lt;img src='http:\\www.razient.com\Razient\iconsgi\customer.png'/&gt;&lt;/span&gt;&lt;/td&gt;
		&lt;td colspan='3' rowspan='1' style='height: 78px; width: 291px;' align='undefined' valign='undefined'&gt;Name: G-Philippines&amp;nbsp;&lt;br&gt; Address: Unit 1-D La Fuerza Plaza 1 Com - manila - Manila - Philippines&amp;nbsp;&lt;br&gt; Phone Number: &amp;nbsp;&lt;br&gt; Email: &amp;nbsp;&lt;br&gt; Primary Contact: &amp;nbsp;&lt;/td&gt;
    &lt;/tr&gt;
    &lt;tr&gt;
	   &lt;td colspan='3' rowspan='1' style='height: 0px; width: 291px;' align='undefined' valign='undefined'&gt;&amp;nbsp;&lt;/td&gt;
    &lt;/tr&gt;
  &lt;/tbody&gt;
&lt;/table&gt;</description>
                <styleUrl>#style0x70000</styleUrl>
                <Point>
                    <extrude xmlns:ns5="http://www.w3.org/2001/XMLSchema-instance" xmlns:ns6="http://www.w3.org/2001/XMLSchema" ns5:type="ns6:boolean">false</extrude>
                    <altitudeMode>clampToGround</altitudeMode>
                    <coordinates>120.96667,14.583333</coordinates>
                </Point>
            </Placemark>
            <Placemark>
                <name> Incident :  Strong typhoon leaves 4 dead in Philippines</name>
                <visibility xmlns:ns5="http://www.w3.org/2001/XMLSchema-instance" xmlns:ns6="http://www.w3.org/2001/XMLSchema" ns5:type="ns6:boolean">true</visibility>
                <open xmlns:ns5="http://www.w3.org/2001/XMLSchema-instance" xmlns:ns6="http://www.w3.org/2001/XMLSchema" ns5:type="ns6:boolean">false</open>
                <description>&lt;table style='text-align: left; width: 480px; height: 240px;' border='1' border-color='gray' border-style='solid' cellpadding='2' cellspacing='2'&gt;
&lt;tbody&gt;
    &lt;tr style='font-weight: bold;'&gt;
		&lt;td style='height: 78px; width: 184px;' align='undefined' valign='undefined'&gt;&lt;span style='font-weight: normal;'&gt;&lt;img src='http:\\66.216.18.155\Razient\iconsgi\suppliers.gif'/&gt;&lt;/span&gt;&lt;/td&gt;
		&lt;td colspan='3' rowspan='1' style='height: 78px; width: 291px;' align='undefined' valign='undefined'&gt;G-Philippines&amp;nbsp;
Unit 1-D La Fuerza Plaza 1 Com&amp;nbsp;&lt;/td&gt;
    &lt;/tr&gt;
    &lt;tr&gt;
      &lt;td style='height: 0px; width: 184px; text-align: left;' valign='undefined'&gt;&lt;span style='font-weight: bold;'&gt;Summary:&lt;/span&gt;&lt;/td&gt;
	   &lt;td colspan='3' rowspan='1' style='height: 0px; width: 291px;' align='undefined' valign='undefined'&gt; Strong typhoon leaves 4 dead in Philippines&amp;nbsp;&lt;/td&gt;
    &lt;/tr&gt;
    &lt;tr&gt;
      &lt;td style='width: 184px; height: 26px; font-weight: bold;' align='undefined' valign='undefined'&gt;Country&lt;/td&gt;
      &lt;td style='width: 292px; height: 26px;' align='undefined' valign='undefined'&gt;Philippines&amp;nbsp;&lt;/td&gt;
      &lt;td style='height: 26px; width: 184px; font-weight: bold;' align='undefined' valign='undefined'&gt;Severity	&lt;/td&gt;
      &lt;td style='height: 26px; width: 291px;' align='undefined' valign='undefined'&gt;High&amp;nbsp;&lt;/td&gt;
    &lt;/tr&gt;
    &lt;tr&gt;
      &lt;td style='width: 184px; height: 30px; font-weight: bold;' align='undefined' valign='undefined'&gt;State&lt;/td&gt;
      &lt;td style='width: 292px; height: 30px;' align='undefined' valign='undefined'&gt;Manila&amp;nbsp;
&lt;/td&gt;
      &lt;td style='height: 30px; width: 184px; font-weight: bold;' align='undefined' valign='undefined'&gt;Type&lt;/td&gt;
      &lt;td style='height: 30px; width: 291px;' align='undefined' valign='undefined'&gt;Typhoon&amp;nbsp;&lt;/td&gt;
    &lt;/tr&gt;
    &lt;tr&gt;
      &lt;td style='width: 184px; height: 24px; font-weight: bold;' align='undefined' valign='undefined'&gt;City&lt;/td&gt;
      &lt;td style='width: 292px; height: 24px;' align='undefined' valign='undefined'&gt;manila&amp;nbsp;
&lt;/td&gt;
      &lt;td style='height: 24px; width: 184px; font-weight: bold;' align='undefined' valign='undefined'&gt;Date&lt;/td&gt;
      &lt;td style='height: 24px; width: 291px;' align='undefined' valign='undefined'&gt;2011-07-31&amp;nbsp;
&lt;/td&gt;
    &lt;/tr&gt;
    &lt;tr&gt;
      &lt;td style='width: 184px; height: 26px; font-weight: bold;' align='undefined' valign='undefined'&gt;Deaths&lt;/td&gt;
      &lt;td style='width: 292px; height: 26px;' align='undefined' valign='undefined'&gt;4&amp;nbsp;
&lt;/td&gt;
      &lt;td style='height: 26px; width: 184px; font-weight: bold;' align='undefined' valign='undefined'&gt;Url&lt;/td&gt;
      &lt;td style='height: 26px; width: 291px;' align='undefined' valign='undefined'&gt;&lt;A href=' http://www.sacbee.com/2011/07/31/3807663/strong-typhoon-leaves-4-dead-in.html'&gt;Link to News&amp;nbsp;&lt;/A&gt;
&lt;/td&gt;
    &lt;/tr&gt;
    &lt;tr&gt;
      &lt;td style='width: 184px; height: 90px; font-weight: bold;' align='undefined' valign='undefined'&gt;Description&lt;/td&gt;
      &lt;td colspan='3' rowspan='1' style='height: 90px; width: 291px;' align='undefined' valign='undefined'&gt;A powerful typhoon is blowing away from the northern Philippines after leaving at least four people dead despite not making landfall.Office of Civil Defense chief Benito Ramos says slow-moving Typhoon Muifa was packing sustained winds of 108 miles &#xD;
&amp;nbsp;
&lt;/td&gt;
    &lt;/tr&gt;
  &lt;/tbody&gt;
&lt;/table&gt;</description>
                <styleUrl>#style6x93306</styleUrl>
                <Point>
                    <extrude xmlns:ns5="http://www.w3.org/2001/XMLSchema-instance" xmlns:ns6="http://www.w3.org/2001/XMLSchema" ns5:type="ns6:boolean">false</extrude>
                    <altitudeMode>clampToGround</altitudeMode>
                    <coordinates>120.982,14.6087</coordinates>
                </Point>
            </Placemark>
            <Placemark>
                <name>G-Russia</name>
                <visibility xmlns:ns5="http://www.w3.org/2001/XMLSchema-instance" xmlns:ns6="http://www.w3.org/2001/XMLSchema" ns5:type="ns6:boolean">true</visibility>
                <open xmlns:ns5="http://www.w3.org/2001/XMLSchema-instance" xmlns:ns6="http://www.w3.org/2001/XMLSchema" ns5:type="ns6:boolean">true</open>
                <address>Alexandra Solzhenitsyna street,moscow,Moscow City,Russian Federation</address>
                <description>&lt;table style='text-align: left; width: 480px; height: 240px;' border='1' border-color='gray' border-style='solid' cellpadding='2' cellspacing='2'&gt;
&lt;tbody&gt;
    &lt;tr style='font-weight: bold;'&gt;
		&lt;td style='height: 78px; width: 184px;' align='undefined' valign='undefined'&gt;&lt;span style='font-weight: normal;'&gt;&lt;img src='http:\\www.razient.com\Razient\iconsgi\customer.png'/&gt;&lt;/span&gt;&lt;/td&gt;
		&lt;td colspan='3' rowspan='1' style='height: 78px; width: 291px;' align='undefined' valign='undefined'&gt;Name: G-Russia&amp;nbsp;&lt;br&gt; Address: Alexandra Solzhenitsyna street - moscow - Moscow City - Russian Federation&amp;nbsp;&lt;br&gt; Phone Number: &amp;nbsp;&lt;br&gt; Email: &amp;nbsp;&lt;br&gt; Primary Contact: &amp;nbsp;&lt;/td&gt;
    &lt;/tr&gt;
    &lt;tr&gt;
	   &lt;td colspan='3' rowspan='1' style='height: 0px; width: 291px;' align='undefined' valign='undefined'&gt;&amp;nbsp;&lt;/td&gt;
    &lt;/tr&gt;
  &lt;/tbody&gt;
&lt;/table&gt;</description>
                <styleUrl>#style0x70000</styleUrl>
                <Point>
                    <extrude xmlns:ns5="http://www.w3.org/2001/XMLSchema-instance" xmlns:ns6="http://www.w3.org/2001/XMLSchema" ns5:type="ns6:boolean">false</extrude>
                    <altitudeMode>clampToGround</altitudeMode>
                    <coordinates>37.617634,55.755787</coordinates>
                </Point>
            </Placemark>
            <Placemark>
                <name> Incident :  Moscow pleasure boat sinking leaves at least eight dead</name>
                <visibility xmlns:ns5="http://www.w3.org/2001/XMLSchema-instance" xmlns:ns6="http://www.w3.org/2001/XMLSchema" ns5:type="ns6:boolean">true</visibility>
                <open xmlns:ns5="http://www.w3.org/2001/XMLSchema-instance" xmlns:ns6="http://www.w3.org/2001/XMLSchema" ns5:type="ns6:boolean">false</open>
                <description>&lt;table style='text-align: left; width: 480px; height: 240px;' border='1' border-color='gray' border-style='solid' cellpadding='2' cellspacing='2'&gt;
&lt;tbody&gt;
    &lt;tr style='font-weight: bold;'&gt;
		&lt;td style='height: 78px; width: 184px;' align='undefined' valign='undefined'&gt;&lt;span style='font-weight: normal;'&gt;&lt;img src='http:\\66.216.18.155\Razient\iconsgi\suppliers.gif'/&gt;&lt;/span&gt;&lt;/td&gt;
		&lt;td colspan='3' rowspan='1' style='height: 78px; width: 291px;' align='undefined' valign='undefined'&gt;G-Russia&amp;nbsp;
Alexandra Solzhenitsyna street&amp;nbsp;&lt;/td&gt;
    &lt;/tr&gt;
    &lt;tr&gt;
      &lt;td style='height: 0px; width: 184px; text-align: left;' valign='undefined'&gt;&lt;span style='font-weight: bold;'&gt;Summary:&lt;/span&gt;&lt;/td&gt;
	   &lt;td colspan='3' rowspan='1' style='height: 0px; width: 291px;' align='undefined' valign='undefined'&gt; Moscow pleasure boat sinking leaves at least eight dead&amp;nbsp;&lt;/td&gt;
    &lt;/tr&gt;
    &lt;tr&gt;
      &lt;td style='width: 184px; height: 26px; font-weight: bold;' align='undefined' valign='undefined'&gt;Country&lt;/td&gt;
      &lt;td style='width: 292px; height: 26px;' align='undefined' valign='undefined'&gt;Russian Federation&amp;nbsp;&lt;/td&gt;
      &lt;td style='height: 26px; width: 184px; font-weight: bold;' align='undefined' valign='undefined'&gt;Severity	&lt;/td&gt;
      &lt;td style='height: 26px; width: 291px;' align='undefined' valign='undefined'&gt;High&amp;nbsp;&lt;/td&gt;
    &lt;/tr&gt;
    &lt;tr&gt;
      &lt;td style='width: 184px; height: 30px; font-weight: bold;' align='undefined' valign='undefined'&gt;State&lt;/td&gt;
      &lt;td style='width: 292px; height: 30px;' align='undefined' valign='undefined'&gt;Moscow City&amp;nbsp;
&lt;/td&gt;
      &lt;td style='height: 30px; width: 184px; font-weight: bold;' align='undefined' valign='undefined'&gt;Type&lt;/td&gt;
      &lt;td style='height: 30px; width: 291px;' align='undefined' valign='undefined'&gt;Boat Sinking&amp;nbsp;&lt;/td&gt;
    &lt;/tr&gt;
    &lt;tr&gt;
      &lt;td style='width: 184px; height: 24px; font-weight: bold;' align='undefined' valign='undefined'&gt;City&lt;/td&gt;
      &lt;td style='width: 292px; height: 24px;' align='undefined' valign='undefined'&gt;moscow&amp;nbsp;
&lt;/td&gt;
      &lt;td style='height: 24px; width: 184px; font-weight: bold;' align='undefined' valign='undefined'&gt;Date&lt;/td&gt;
      &lt;td style='height: 24px; width: 291px;' align='undefined' valign='undefined'&gt;2011-07-31&amp;nbsp;
&lt;/td&gt;
    &lt;/tr&gt;
    &lt;tr&gt;
      &lt;td style='width: 184px; height: 26px; font-weight: bold;' align='undefined' valign='undefined'&gt;Deaths&lt;/td&gt;
      &lt;td style='width: 292px; height: 26px;' align='undefined' valign='undefined'&gt;8&amp;nbsp;
&lt;/td&gt;
      &lt;td style='height: 26px; width: 184px; font-weight: bold;' align='undefined' valign='undefined'&gt;Url&lt;/td&gt;
      &lt;td style='height: 26px; width: 291px;' align='undefined' valign='undefined'&gt;&lt;A href=' http://www.guardian.co.uk/world/2011/jul/31/moscow-pleasure-boat-fatal-accident'&gt;Link to News&amp;nbsp;&lt;/A&gt;
&lt;/td&gt;
    &lt;/tr&gt;
    &lt;tr&gt;
      &lt;td style='width: 184px; height: 90px; font-weight: bold;' align='undefined' valign='undefined'&gt;Description&lt;/td&gt;
      &lt;td colspan='3' rowspan='1' style='height: 90px; width: 291px;' align='undefined' valign='undefined'&gt; At least eight people drowned when an overcrowded pleasure boat collided with a barge on Moscows Moskva river.&amp;nbsp;
&lt;/td&gt;
    &lt;/tr&gt;
  &lt;/tbody&gt;
&lt;/table&gt;</description>
                <styleUrl>#style10x93310</styleUrl>
                <Point>
                    <extrude xmlns:ns5="http://www.w3.org/2001/XMLSchema-instance" xmlns:ns6="http://www.w3.org/2001/XMLSchema" ns5:type="ns6:boolean">false</extrude>
                    <altitudeMode>clampToGround</altitudeMode>
                    <coordinates>37.6156,55.7522</coordinates>
                </Point>
            </Placemark>
            <Placemark>
                <name>G-Russia</name>
                <visibility xmlns:ns5="http://www.w3.org/2001/XMLSchema-instance" xmlns:ns6="http://www.w3.org/2001/XMLSchema" ns5:type="ns6:boolean">true</visibility>
                <open xmlns:ns5="http://www.w3.org/2001/XMLSchema-instance" xmlns:ns6="http://www.w3.org/2001/XMLSchema" ns5:type="ns6:boolean">true</open>
                <address>Alexandra Solzhenitsyna street,moscow,Moscow City,Russian Federation</address>
                <description>&lt;table style='text-align: left; width: 480px; height: 240px;' border='1' border-color='gray' border-style='solid' cellpadding='2' cellspacing='2'&gt;
&lt;tbody&gt;
    &lt;tr style='font-weight: bold;'&gt;
		&lt;td style='height: 78px; width: 184px;' align='undefined' valign='undefined'&gt;&lt;span style='font-weight: normal;'&gt;&lt;img src='http:\\www.razient.com\Razient\iconsgi\customer.png'/&gt;&lt;/span&gt;&lt;/td&gt;
		&lt;td colspan='3' rowspan='1' style='height: 78px; width: 291px;' align='undefined' valign='undefined'&gt;Name: G-Russia&amp;nbsp;&lt;br&gt; Address: Alexandra Solzhenitsyna street - moscow - Moscow City - Russian Federation&amp;nbsp;&lt;br&gt; Phone Number: &amp;nbsp;&lt;br&gt; Email: &amp;nbsp;&lt;br&gt; Primary Contact: &amp;nbsp;&lt;/td&gt;
    &lt;/tr&gt;
    &lt;tr&gt;
	   &lt;td colspan='3' rowspan='1' style='height: 0px; width: 291px;' align='undefined' valign='undefined'&gt;&amp;nbsp;&lt;/td&gt;
    &lt;/tr&gt;
  &lt;/tbody&gt;
&lt;/table&gt;</description>
                <styleUrl>#style0x70000</styleUrl>
                <Point>
                    <extrude xmlns:ns5="http://www.w3.org/2001/XMLSchema-instance" xmlns:ns6="http://www.w3.org/2001/XMLSchema" ns5:type="ns6:boolean">false</extrude>
                    <altitudeMode>clampToGround</altitudeMode>
                    <coordinates>37.617634,55.755787</coordinates>
                </Point>
            </Placemark>
            <Placemark>
                <name> Incident :  Russian crews still battling wildfires</name>
                <visibility xmlns:ns5="http://www.w3.org/2001/XMLSchema-instance" xmlns:ns6="http://www.w3.org/2001/XMLSchema" ns5:type="ns6:boolean">true</visibility>
                <open xmlns:ns5="http://www.w3.org/2001/XMLSchema-instance" xmlns:ns6="http://www.w3.org/2001/XMLSchema" ns5:type="ns6:boolean">false</open>
                <description>&lt;table style='text-align: left; width: 480px; height: 240px;' border='1' border-color='gray' border-style='solid' cellpadding='2' cellspacing='2'&gt;
&lt;tbody&gt;
    &lt;tr style='font-weight: bold;'&gt;
		&lt;td style='height: 78px; width: 184px;' align='undefined' valign='undefined'&gt;&lt;span style='font-weight: normal;'&gt;&lt;img src='http:\\66.216.18.155\Razient\iconsgi\suppliers.gif'/&gt;&lt;/span&gt;&lt;/td&gt;
		&lt;td colspan='3' rowspan='1' style='height: 78px; width: 291px;' align='undefined' valign='undefined'&gt;G-Russia&amp;nbsp;
Alexandra Solzhenitsyna street&amp;nbsp;&lt;/td&gt;
    &lt;/tr&gt;
    &lt;tr&gt;
      &lt;td style='height: 0px; width: 184px; text-align: left;' valign='undefined'&gt;&lt;span style='font-weight: bold;'&gt;Summary:&lt;/span&gt;&lt;/td&gt;
	   &lt;td colspan='3' rowspan='1' style='height: 0px; width: 291px;' align='undefined' valign='undefined'&gt; Russian crews still battling wildfires&amp;nbsp;&lt;/td&gt;
    &lt;/tr&gt;
    &lt;tr&gt;
      &lt;td style='width: 184px; height: 26px; font-weight: bold;' align='undefined' valign='undefined'&gt;Country&lt;/td&gt;
      &lt;td style='width: 292px; height: 26px;' align='undefined' valign='undefined'&gt;Russian Federation&amp;nbsp;&lt;/td&gt;
      &lt;td style='height: 26px; width: 184px; font-weight: bold;' align='undefined' valign='undefined'&gt;Severity	&lt;/td&gt;
      &lt;td style='height: 26px; width: 291px;' align='undefined' valign='undefined'&gt;Medium&amp;nbsp;&lt;/td&gt;
    &lt;/tr&gt;
    &lt;tr&gt;
      &lt;td style='width: 184px; height: 30px; font-weight: bold;' align='undefined' valign='undefined'&gt;State&lt;/td&gt;
      &lt;td style='width: 292px; height: 30px;' align='undefined' valign='undefined'&gt;Moscow City&amp;nbsp;
&lt;/td&gt;
      &lt;td style='height: 30px; width: 184px; font-weight: bold;' align='undefined' valign='undefined'&gt;Type&lt;/td&gt;
      &lt;td style='height: 30px; width: 291px;' align='undefined' valign='undefined'&gt;Forest Fire&amp;nbsp;&lt;/td&gt;
    &lt;/tr&gt;
    &lt;tr&gt;
      &lt;td style='width: 184px; height: 24px; font-weight: bold;' align='undefined' valign='undefined'&gt;City&lt;/td&gt;
      &lt;td style='width: 292px; height: 24px;' align='undefined' valign='undefined'&gt;moscow&amp;nbsp;
&lt;/td&gt;
      &lt;td style='height: 24px; width: 184px; font-weight: bold;' align='undefined' valign='undefined'&gt;Date&lt;/td&gt;
      &lt;td style='height: 24px; width: 291px;' align='undefined' valign='undefined'&gt;2011-07-29&amp;nbsp;
&lt;/td&gt;
    &lt;/tr&gt;
    &lt;tr&gt;
      &lt;td style='width: 184px; height: 26px; font-weight: bold;' align='undefined' valign='undefined'&gt;Deaths&lt;/td&gt;
      &lt;td style='width: 292px; height: 26px;' align='undefined' valign='undefined'&gt;0&amp;nbsp;
&lt;/td&gt;
      &lt;td style='height: 26px; width: 184px; font-weight: bold;' align='undefined' valign='undefined'&gt;Url&lt;/td&gt;
      &lt;td style='height: 26px; width: 291px;' align='undefined' valign='undefined'&gt;&lt;A href=' http://www.upi.com/Top_News/World-News/2011/07/29/Russian-crews-still-battling-wildfires/UPI-62051311938309/'&gt;Link to News&amp;nbsp;&lt;/A&gt;
&lt;/td&gt;
    &lt;/tr&gt;
    &lt;tr&gt;
      &lt;td style='width: 184px; height: 90px; font-weight: bold;' align='undefined' valign='undefined'&gt;Description&lt;/td&gt;
      &lt;td colspan='3' rowspan='1' style='height: 90px; width: 291px;' align='undefined' valign='undefined'&gt;Forty one forest fires covering an area of 1,334 hectares about 3,300 acres were registered in the Far East over the past 24 hours&#xD;
&amp;nbsp;
&lt;/td&gt;
    &lt;/tr&gt;
  &lt;/tbody&gt;
&lt;/table&gt;</description>
                <styleUrl>#style9999x9339999</styleUrl>
                <Point>
                    <extrude xmlns:ns5="http://www.w3.org/2001/XMLSchema-instance" xmlns:ns6="http://www.w3.org/2001/XMLSchema" ns5:type="ns6:boolean">false</extrude>
                    <altitudeMode>clampToGround</altitudeMode>
                    <coordinates>37.6156,55.7567</coordinates>
                </Point>
            </Placemark>
            <Placemark>
                <name>G-Philippines</name>
                <visibility xmlns:ns5="http://www.w3.org/2001/XMLSchema-instance" xmlns:ns6="http://www.w3.org/2001/XMLSchema" ns5:type="ns6:boolean">true</visibility>
                <open xmlns:ns5="http://www.w3.org/2001/XMLSchema-instance" xmlns:ns6="http://www.w3.org/2001/XMLSchema" ns5:type="ns6:boolean">true</open>
                <address>Unit 1-D La Fuerza Plaza 1 Com,manila,Manila,Philippines</address>
                <description>&lt;table style='text-align: left; width: 480px; height: 240px;' border='1' border-color='gray' border-style='solid' cellpadding='2' cellspacing='2'&gt;
&lt;tbody&gt;
    &lt;tr style='font-weight: bold;'&gt;
		&lt;td style='height: 78px; width: 184px;' align='undefined' valign='undefined'&gt;&lt;span style='font-weight: normal;'&gt;&lt;img src='http:\\www.razient.com\Razient\iconsgi\customer.png'/&gt;&lt;/span&gt;&lt;/td&gt;
		&lt;td colspan='3' rowspan='1' style='height: 78px; width: 291px;' align='undefined' valign='undefined'&gt;Name: G-Philippines&amp;nbsp;&lt;br&gt; Address: Unit 1-D La Fuerza Plaza 1 Com - manila - Manila - Philippines&amp;nbsp;&lt;br&gt; Phone Number: &amp;nbsp;&lt;br&gt; Email: &amp;nbsp;&lt;br&gt; Primary Contact: &amp;nbsp;&lt;/td&gt;
    &lt;/tr&gt;
    &lt;tr&gt;
	   &lt;td colspan='3' rowspan='1' style='height: 0px; width: 291px;' align='undefined' valign='undefined'&gt;&amp;nbsp;&lt;/td&gt;
    &lt;/tr&gt;
  &lt;/tbody&gt;
&lt;/table&gt;</description>
                <styleUrl>#style0x70000</styleUrl>
                <Point>
                    <extrude xmlns:ns5="http://www.w3.org/2001/XMLSchema-instance" xmlns:ns6="http://www.w3.org/2001/XMLSchema" ns5:type="ns6:boolean">false</extrude>
                    <altitudeMode>clampToGround</altitudeMode>
                    <coordinates>120.96667,14.583333</coordinates>
                </Point>
            </Placemark>
            <Placemark>
                <name> Incident :  10000 families evacuated in Phl storm&#xD;
</name>
                <visibility xmlns:ns5="http://www.w3.org/2001/XMLSchema-instance" xmlns:ns6="http://www.w3.org/2001/XMLSchema" ns5:type="ns6:boolean">true</visibility>
                <open xmlns:ns5="http://www.w3.org/2001/XMLSchema-instance" xmlns:ns6="http://www.w3.org/2001/XMLSchema" ns5:type="ns6:boolean">false</open>
                <description>&lt;table style='text-align: left; width: 480px; height: 240px;' border='1' border-color='gray' border-style='solid' cellpadding='2' cellspacing='2'&gt;
&lt;tbody&gt;
    &lt;tr style='font-weight: bold;'&gt;
		&lt;td style='height: 78px; width: 184px;' align='undefined' valign='undefined'&gt;&lt;span style='font-weight: normal;'&gt;&lt;img src='http:\\66.216.18.155\Razient\iconsgi\suppliers.gif'/&gt;&lt;/span&gt;&lt;/td&gt;
		&lt;td colspan='3' rowspan='1' style='height: 78px; width: 291px;' align='undefined' valign='undefined'&gt;G-Philippines&amp;nbsp;
Unit 1-D La Fuerza Plaza 1 Com&amp;nbsp;&lt;/td&gt;
    &lt;/tr&gt;
    &lt;tr&gt;
      &lt;td style='height: 0px; width: 184px; text-align: left;' valign='undefined'&gt;&lt;span style='font-weight: bold;'&gt;Summary:&lt;/span&gt;&lt;/td&gt;
	   &lt;td colspan='3' rowspan='1' style='height: 0px; width: 291px;' align='undefined' valign='undefined'&gt; 10000 families evacuated in Phl storm&#xD;
&amp;nbsp;&lt;/td&gt;
    &lt;/tr&gt;
    &lt;tr&gt;
      &lt;td style='width: 184px; height: 26px; font-weight: bold;' align='undefined' valign='undefined'&gt;Country&lt;/td&gt;
      &lt;td style='width: 292px; height: 26px;' align='undefined' valign='undefined'&gt;Philippines&amp;nbsp;&lt;/td&gt;
      &lt;td style='height: 26px; width: 184px; font-weight: bold;' align='undefined' valign='undefined'&gt;Severity	&lt;/td&gt;
      &lt;td style='height: 26px; width: 291px;' align='undefined' valign='undefined'&gt;Medium&amp;nbsp;&lt;/td&gt;
    &lt;/tr&gt;
    &lt;tr&gt;
      &lt;td style='width: 184px; height: 30px; font-weight: bold;' align='undefined' valign='undefined'&gt;State&lt;/td&gt;
      &lt;td style='width: 292px; height: 30px;' align='undefined' valign='undefined'&gt;Manila&amp;nbsp;
&lt;/td&gt;
      &lt;td style='height: 30px; width: 184px; font-weight: bold;' align='undefined' valign='undefined'&gt;Type&lt;/td&gt;
      &lt;td style='height: 30px; width: 291px;' align='undefined' valign='undefined'&gt;Evacuated&amp;nbsp;&lt;/td&gt;
    &lt;/tr&gt;
    &lt;tr&gt;
      &lt;td style='width: 184px; height: 24px; font-weight: bold;' align='undefined' valign='undefined'&gt;City&lt;/td&gt;
      &lt;td style='width: 292px; height: 24px;' align='undefined' valign='undefined'&gt;manila&amp;nbsp;
&lt;/td&gt;
      &lt;td style='height: 24px; width: 184px; font-weight: bold;' align='undefined' valign='undefined'&gt;Date&lt;/td&gt;
      &lt;td style='height: 24px; width: 291px;' align='undefined' valign='undefined'&gt;2011-07-27&amp;nbsp;
&lt;/td&gt;
    &lt;/tr&gt;
    &lt;tr&gt;
      &lt;td style='width: 184px; height: 26px; font-weight: bold;' align='undefined' valign='undefined'&gt;Deaths&lt;/td&gt;
      &lt;td style='width: 292px; height: 26px;' align='undefined' valign='undefined'&gt;0&amp;nbsp;
&lt;/td&gt;
      &lt;td style='height: 26px; width: 184px; font-weight: bold;' align='undefined' valign='undefined'&gt;Url&lt;/td&gt;
      &lt;td style='height: 26px; width: 291px;' align='undefined' valign='undefined'&gt;&lt;A href=' http://www.allvoices.com/contributed-news/9785068-10000-families-evacuated-in-phl-storm'&gt;Link to News&amp;nbsp;&lt;/A&gt;
&lt;/td&gt;
    &lt;/tr&gt;
    &lt;tr&gt;
      &lt;td style='width: 184px; height: 90px; font-weight: bold;' align='undefined' valign='undefined'&gt;Description&lt;/td&gt;
      &lt;td colspan='3' rowspan='1' style='height: 90px; width: 291px;' align='undefined' valign='undefined'&gt;The Philippine Red Cross  said Wednesday it went full swing in its rescue and relief operations for 10,000 families affected by Tropical Storm Juaning&amp;nbsp;
&lt;/td&gt;
    &lt;/tr&gt;
  &lt;/tbody&gt;
&lt;/table&gt;</description>
                <styleUrl>#style18x93318</styleUrl>
                <Point>
                    <extrude xmlns:ns5="http://www.w3.org/2001/XMLSchema-instance" xmlns:ns6="http://www.w3.org/2001/XMLSchema" ns5:type="ns6:boolean">false</extrude>
                    <altitudeMode>clampToGround</altitudeMode>
                    <coordinates>120.98649999999999,14.6087</coordinates>
                </Point>
            </Placemark>
            <Placemark>
                <name>G-Chile</name>
                <visibility xmlns:ns5="http://www.w3.org/2001/XMLSchema-instance" xmlns:ns6="http://www.w3.org/2001/XMLSchema" ns5:type="ns6:boolean">true</visibility>
                <open xmlns:ns5="http://www.w3.org/2001/XMLSchema-instance" xmlns:ns6="http://www.w3.org/2001/XMLSchema" ns5:type="ns6:boolean">true</open>
                <address>Calle Abdon Somoza,santiago,Region Metropolitana,Chile</address>
                <description>&lt;table style='text-align: left; width: 480px; height: 240px;' border='1' border-color='gray' border-style='solid' cellpadding='2' cellspacing='2'&gt;
&lt;tbody&gt;
    &lt;tr style='font-weight: bold;'&gt;
		&lt;td style='height: 78px; width: 184px;' align='undefined' valign='undefined'&gt;&lt;span style='font-weight: normal;'&gt;&lt;img src='http:\\www.razient.com\Razient\iconsgi\customer.png'/&gt;&lt;/span&gt;&lt;/td&gt;
		&lt;td colspan='3' rowspan='1' style='height: 78px; width: 291px;' align='undefined' valign='undefined'&gt;Name: G-Chile&amp;nbsp;&lt;br&gt; Address: Calle Abdon Somoza - santiago - Region Metropolitana - Chile&amp;nbsp;&lt;br&gt; Phone Number: &amp;nbsp;&lt;br&gt; Email: &amp;nbsp;&lt;br&gt; Primary Contact: &amp;nbsp;&lt;/td&gt;
    &lt;/tr&gt;
    &lt;tr&gt;
	   &lt;td colspan='3' rowspan='1' style='height: 0px; width: 291px;' align='undefined' valign='undefined'&gt;&amp;nbsp;&lt;/td&gt;
    &lt;/tr&gt;
  &lt;/tbody&gt;
&lt;/table&gt;</description>
                <styleUrl>#style0x70000</styleUrl>
                <Point>
                    <extrude xmlns:ns5="http://www.w3.org/2001/XMLSchema-instance" xmlns:ns6="http://www.w3.org/2001/XMLSchema" ns5:type="ns6:boolean">false</extrude>
                    <altitudeMode>clampToGround</altitudeMode>
                    <coordinates>-70.57195,-33.45178</coordinates>
                </Point>
            </Placemark>
            <Placemark>
                <name> Incident :  Copper mine strike continues in Chile</name>
                <visibility xmlns:ns5="http://www.w3.org/2001/XMLSchema-instance" xmlns:ns6="http://www.w3.org/2001/XMLSchema" ns5:type="ns6:boolean">true</visibility>
                <open xmlns:ns5="http://www.w3.org/2001/XMLSchema-instance" xmlns:ns6="http://www.w3.org/2001/XMLSchema" ns5:type="ns6:boolean">false</open>
                <description>&lt;table style='text-align: left; width: 480px; height: 240px;' border='1' border-color='gray' border-style='solid' cellpadding='2' cellspacing='2'&gt;
&lt;tbody&gt;
    &lt;tr style='font-weight: bold;'&gt;
		&lt;td style='height: 78px; width: 184px;' align='undefined' valign='undefined'&gt;&lt;span style='font-weight: normal;'&gt;&lt;img src='http:\\66.216.18.155\Razient\iconsgi\suppliers.gif'/&gt;&lt;/span&gt;&lt;/td&gt;
		&lt;td colspan='3' rowspan='1' style='height: 78px; width: 291px;' align='undefined' valign='undefined'&gt;G-Chile&amp;nbsp;
Calle Abdon Somoza&amp;nbsp;&lt;/td&gt;
    &lt;/tr&gt;
    &lt;tr&gt;
      &lt;td style='height: 0px; width: 184px; text-align: left;' valign='undefined'&gt;&lt;span style='font-weight: bold;'&gt;Summary:&lt;/span&gt;&lt;/td&gt;
	   &lt;td colspan='3' rowspan='1' style='height: 0px; width: 291px;' align='undefined' valign='undefined'&gt; Copper mine strike continues in Chile&amp;nbsp;&lt;/td&gt;
    &lt;/tr&gt;
    &lt;tr&gt;
      &lt;td style='width: 184px; height: 26px; font-weight: bold;' align='undefined' valign='undefined'&gt;Country&lt;/td&gt;
      &lt;td style='width: 292px; height: 26px;' align='undefined' valign='undefined'&gt;Chile&amp;nbsp;&lt;/td&gt;
      &lt;td style='height: 26px; width: 184px; font-weight: bold;' align='undefined' valign='undefined'&gt;Severity	&lt;/td&gt;
      &lt;td style='height: 26px; width: 291px;' align='undefined' valign='undefined'&gt;Low&amp;nbsp;&lt;/td&gt;
    &lt;/tr&gt;
    &lt;tr&gt;
      &lt;td style='width: 184px; height: 30px; font-weight: bold;' align='undefined' valign='undefined'&gt;State&lt;/td&gt;
      &lt;td style='width: 292px; height: 30px;' align='undefined' valign='undefined'&gt;Region Metropolitana&amp;nbsp;
&lt;/td&gt;
      &lt;td style='height: 30px; width: 184px; font-weight: bold;' align='undefined' valign='undefined'&gt;Type&lt;/td&gt;
      &lt;td style='height: 30px; width: 291px;' align='undefined' valign='undefined'&gt;Strike&amp;nbsp;&lt;/td&gt;
    &lt;/tr&gt;
    &lt;tr&gt;
      &lt;td style='width: 184px; height: 24px; font-weight: bold;' align='undefined' valign='undefined'&gt;City&lt;/td&gt;
      &lt;td style='width: 292px; height: 24px;' align='undefined' valign='undefined'&gt;santiago&amp;nbsp;
&lt;/td&gt;
      &lt;td style='height: 24px; width: 184px; font-weight: bold;' align='undefined' valign='undefined'&gt;Date&lt;/td&gt;
      &lt;td style='height: 24px; width: 291px;' align='undefined' valign='undefined'&gt;2011-07-26&amp;nbsp;
&lt;/td&gt;
    &lt;/tr&gt;
    &lt;tr&gt;
      &lt;td style='width: 184px; height: 26px; font-weight: bold;' align='undefined' valign='undefined'&gt;Deaths&lt;/td&gt;
      &lt;td style='width: 292px; height: 26px;' align='undefined' valign='undefined'&gt;0&amp;nbsp;
&lt;/td&gt;
      &lt;td style='height: 26px; width: 184px; font-weight: bold;' align='undefined' valign='undefined'&gt;Url&lt;/td&gt;
      &lt;td style='height: 26px; width: 291px;' align='undefined' valign='undefined'&gt;&lt;A href=' http://www.marketwatch.com/story/copper-mine-strike-continues-in-chile-2011-07-26'&gt;Link to News&amp;nbsp;&lt;/A&gt;
&lt;/td&gt;
    &lt;/tr&gt;
    &lt;tr&gt;
      &lt;td style='width: 184px; height: 90px; font-weight: bold;' align='undefined' valign='undefined'&gt;Description&lt;/td&gt;
      &lt;td colspan='3' rowspan='1' style='height: 90px; width: 291px;' align='undefined' valign='undefined'&gt; As a strike at Chilean copper mine Escondida rolled into its sixth consecutive day&amp;nbsp;
&lt;/td&gt;
    &lt;/tr&gt;
  &lt;/tbody&gt;
&lt;/table&gt;</description>
                <styleUrl>#style7x93307</styleUrl>
                <Point>
                    <extrude xmlns:ns5="http://www.w3.org/2001/XMLSchema-instance" xmlns:ns6="http://www.w3.org/2001/XMLSchema" ns5:type="ns6:boolean">false</extrude>
                    <altitudeMode>clampToGround</altitudeMode>
                    <coordinates>-70.6667,-33.4455</coordinates>
                </Point>
            </Placemark>
            <Placemark>
                <name>G-Philippines</name>
                <visibility xmlns:ns5="http://www.w3.org/2001/XMLSchema-instance" xmlns:ns6="http://www.w3.org/2001/XMLSchema" ns5:type="ns6:boolean">true</visibility>
                <open xmlns:ns5="http://www.w3.org/2001/XMLSchema-instance" xmlns:ns6="http://www.w3.org/2001/XMLSchema" ns5:type="ns6:boolean">true</open>
                <address>Unit 1-D La Fuerza Plaza 1 Com,manila,Manila,Philippines</address>
                <description>&lt;table style='text-align: left; width: 480px; height: 240px;' border='1' border-color='gray' border-style='solid' cellpadding='2' cellspacing='2'&gt;
&lt;tbody&gt;
    &lt;tr style='font-weight: bold;'&gt;
		&lt;td style='height: 78px; width: 184px;' align='undefined' valign='undefined'&gt;&lt;span style='font-weight: normal;'&gt;&lt;img src='http:\\www.razient.com\Razient\iconsgi\customer.png'/&gt;&lt;/span&gt;&lt;/td&gt;
		&lt;td colspan='3' rowspan='1' style='height: 78px; width: 291px;' align='undefined' valign='undefined'&gt;Name: G-Philippines&amp;nbsp;&lt;br&gt; Address: Unit 1-D La Fuerza Plaza 1 Com - manila - Manila - Philippines&amp;nbsp;&lt;br&gt; Phone Number: &amp;nbsp;&lt;br&gt; Email: &amp;nbsp;&lt;br&gt; Primary Contact: &amp;nbsp;&lt;/td&gt;
    &lt;/tr&gt;
    &lt;tr&gt;
	   &lt;td colspan='3' rowspan='1' style='height: 0px; width: 291px;' align='undefined' valign='undefined'&gt;&amp;nbsp;&lt;/td&gt;
    &lt;/tr&gt;
  &lt;/tbody&gt;
&lt;/table&gt;</description>
                <styleUrl>#style0x70000</styleUrl>
                <Point>
                    <extrude xmlns:ns5="http://www.w3.org/2001/XMLSchema-instance" xmlns:ns6="http://www.w3.org/2001/XMLSchema" ns5:type="ns6:boolean">false</extrude>
                    <altitudeMode>clampToGround</altitudeMode>
                    <coordinates>120.96667,14.583333</coordinates>
                </Point>
            </Placemark>
            <Placemark>
                <name> Incident :  Intensity 5 quake shakes Zambales, Central Luzon</name>
                <visibility xmlns:ns5="http://www.w3.org/2001/XMLSchema-instance" xmlns:ns6="http://www.w3.org/2001/XMLSchema" ns5:type="ns6:boolean">true</visibility>
                <open xmlns:ns5="http://www.w3.org/2001/XMLSchema-instance" xmlns:ns6="http://www.w3.org/2001/XMLSchema" ns5:type="ns6:boolean">false</open>
                <description>&lt;table style='text-align: left; width: 480px; height: 240px;' border='1' border-color='gray' border-style='solid' cellpadding='2' cellspacing='2'&gt;
&lt;tbody&gt;
    &lt;tr style='font-weight: bold;'&gt;
		&lt;td style='height: 78px; width: 184px;' align='undefined' valign='undefined'&gt;&lt;span style='font-weight: normal;'&gt;&lt;img src='http:\\66.216.18.155\Razient\iconsgi\suppliers.gif'/&gt;&lt;/span&gt;&lt;/td&gt;
		&lt;td colspan='3' rowspan='1' style='height: 78px; width: 291px;' align='undefined' valign='undefined'&gt;G-Philippines&amp;nbsp;
Unit 1-D La Fuerza Plaza 1 Com&amp;nbsp;&lt;/td&gt;
    &lt;/tr&gt;
    &lt;tr&gt;
      &lt;td style='height: 0px; width: 184px; text-align: left;' valign='undefined'&gt;&lt;span style='font-weight: bold;'&gt;Summary:&lt;/span&gt;&lt;/td&gt;
	   &lt;td colspan='3' rowspan='1' style='height: 0px; width: 291px;' align='undefined' valign='undefined'&gt; Intensity 5 quake shakes Zambales, Central Luzon&amp;nbsp;&lt;/td&gt;
    &lt;/tr&gt;
    &lt;tr&gt;
      &lt;td style='width: 184px; height: 26px; font-weight: bold;' align='undefined' valign='undefined'&gt;Country&lt;/td&gt;
      &lt;td style='width: 292px; height: 26px;' align='undefined' valign='undefined'&gt;Philippines&amp;nbsp;&lt;/td&gt;
      &lt;td style='height: 26px; width: 184px; font-weight: bold;' align='undefined' valign='undefined'&gt;Severity	&lt;/td&gt;
      &lt;td style='height: 26px; width: 291px;' align='undefined' valign='undefined'&gt;Low&amp;nbsp;&lt;/td&gt;
    &lt;/tr&gt;
    &lt;tr&gt;
      &lt;td style='width: 184px; height: 30px; font-weight: bold;' align='undefined' valign='undefined'&gt;State&lt;/td&gt;
      &lt;td style='width: 292px; height: 30px;' align='undefined' valign='undefined'&gt;Manila&amp;nbsp;
&lt;/td&gt;
      &lt;td style='height: 30px; width: 184px; font-weight: bold;' align='undefined' valign='undefined'&gt;Type&lt;/td&gt;
      &lt;td style='height: 30px; width: 291px;' align='undefined' valign='undefined'&gt;Earthquake&amp;nbsp;&lt;/td&gt;
    &lt;/tr&gt;
    &lt;tr&gt;
      &lt;td style='width: 184px; height: 24px; font-weight: bold;' align='undefined' valign='undefined'&gt;City&lt;/td&gt;
      &lt;td style='width: 292px; height: 24px;' align='undefined' valign='undefined'&gt;manila&amp;nbsp;
&lt;/td&gt;
      &lt;td style='height: 24px; width: 184px; font-weight: bold;' align='undefined' valign='undefined'&gt;Date&lt;/td&gt;
      &lt;td style='height: 24px; width: 291px;' align='undefined' valign='undefined'&gt;2011-07-26&amp;nbsp;
&lt;/td&gt;
    &lt;/tr&gt;
    &lt;tr&gt;
      &lt;td style='width: 184px; height: 26px; font-weight: bold;' align='undefined' valign='undefined'&gt;Deaths&lt;/td&gt;
      &lt;td style='width: 292px; height: 26px;' align='undefined' valign='undefined'&gt;0&amp;nbsp;
&lt;/td&gt;
      &lt;td style='height: 26px; width: 184px; font-weight: bold;' align='undefined' valign='undefined'&gt;Url&lt;/td&gt;
      &lt;td style='height: 26px; width: 291px;' align='undefined' valign='undefined'&gt;&lt;A href=' http://newsinfo.inquirer.net/30709/intensity-5-quake-shakes-zambales-central-luzon'&gt;Link to News&amp;nbsp;&lt;/A&gt;
&lt;/td&gt;
    &lt;/tr&gt;
    &lt;tr&gt;
      &lt;td style='width: 184px; height: 90px; font-weight: bold;' align='undefined' valign='undefined'&gt;Description&lt;/td&gt;
      &lt;td colspan='3' rowspan='1' style='height: 90px; width: 291px;' align='undefined' valign='undefined'&gt;  moderate earthquake shook Zambales and other parts of Central Luzon and Metro Manila early Tuesday.&amp;nbsp;
&lt;/td&gt;
    &lt;/tr&gt;
  &lt;/tbody&gt;
&lt;/table&gt;</description>
                <styleUrl>#style17x93317</styleUrl>
                <Point>
                    <extrude xmlns:ns5="http://www.w3.org/2001/XMLSchema-instance" xmlns:ns6="http://www.w3.org/2001/XMLSchema" ns5:type="ns6:boolean">false</extrude>
                    <altitudeMode>clampToGround</altitudeMode>
                    <coordinates>120.98649999999999,14.6042</coordinates>
                </Point>
            </Placemark>
            <Placemark>
                <name>G-United Kingdom</name>
                <visibility xmlns:ns5="http://www.w3.org/2001/XMLSchema-instance" xmlns:ns6="http://www.w3.org/2001/XMLSchema" ns5:type="ns6:boolean">true</visibility>
                <open xmlns:ns5="http://www.w3.org/2001/XMLSchema-instance" xmlns:ns6="http://www.w3.org/2001/XMLSchema" ns5:type="ns6:boolean">true</open>
                <address>No 1 Liverpool Street,london,London,United Kingdom</address>
                <description>&lt;table style='text-align: left; width: 480px; height: 240px;' border='1' border-color='gray' border-style='solid' cellpadding='2' cellspacing='2'&gt;
&lt;tbody&gt;
    &lt;tr style='font-weight: bold;'&gt;
		&lt;td style='height: 78px; width: 184px;' align='undefined' valign='undefined'&gt;&lt;span style='font-weight: normal;'&gt;&lt;img src='http:\\www.razient.com\Razient\iconsgi\customer.png'/&gt;&lt;/span&gt;&lt;/td&gt;
		&lt;td colspan='3' rowspan='1' style='height: 78px; width: 291px;' align='undefined' valign='undefined'&gt;Name: G-United Kingdom&amp;nbsp;&lt;br&gt; Address: No 1 Liverpool Street - london - London - United Kingdom&amp;nbsp;&lt;br&gt; Phone Number: &amp;nbsp;&lt;br&gt; Email: &amp;nbsp;&lt;br&gt; Primary Contact: &amp;nbsp;&lt;/td&gt;
    &lt;/tr&gt;
    &lt;tr&gt;
	   &lt;td colspan='3' rowspan='1' style='height: 0px; width: 291px;' align='undefined' valign='undefined'&gt;&amp;nbsp;&lt;/td&gt;
    &lt;/tr&gt;
  &lt;/tbody&gt;
&lt;/table&gt;</description>
                <styleUrl>#style0x70000</styleUrl>
                <Point>
                    <extrude xmlns:ns5="http://www.w3.org/2001/XMLSchema-instance" xmlns:ns6="http://www.w3.org/2001/XMLSchema" ns5:type="ns6:boolean">false</extrude>
                    <altitudeMode>clampToGround</altitudeMode>
                    <coordinates>-0.0837456,51.517666</coordinates>
                </Point>
            </Placemark>
            <Placemark>
                <name> Incident :  Tanker rescues 6 from Cayman Islands boat sinking</name>
                <visibility xmlns:ns5="http://www.w3.org/2001/XMLSchema-instance" xmlns:ns6="http://www.w3.org/2001/XMLSchema" ns5:type="ns6:boolean">true</visibility>
                <open xmlns:ns5="http://www.w3.org/2001/XMLSchema-instance" xmlns:ns6="http://www.w3.org/2001/XMLSchema" ns5:type="ns6:boolean">false</open>
                <description>&lt;table style='text-align: left; width: 480px; height: 240px;' border='1' border-color='gray' border-style='solid' cellpadding='2' cellspacing='2'&gt;
&lt;tbody&gt;
    &lt;tr style='font-weight: bold;'&gt;
		&lt;td style='height: 78px; width: 184px;' align='undefined' valign='undefined'&gt;&lt;span style='font-weight: normal;'&gt;&lt;img src='http:\\66.216.18.155\Razient\iconsgi\suppliers.gif'/&gt;&lt;/span&gt;&lt;/td&gt;
		&lt;td colspan='3' rowspan='1' style='height: 78px; width: 291px;' align='undefined' valign='undefined'&gt;G-United Kingdom&amp;nbsp;
No 1 Liverpool Street&amp;nbsp;&lt;/td&gt;
    &lt;/tr&gt;
    &lt;tr&gt;
      &lt;td style='height: 0px; width: 184px; text-align: left;' valign='undefined'&gt;&lt;span style='font-weight: bold;'&gt;Summary:&lt;/span&gt;&lt;/td&gt;
	   &lt;td colspan='3' rowspan='1' style='height: 0px; width: 291px;' align='undefined' valign='undefined'&gt; Tanker rescues 6 from Cayman Islands boat sinking&amp;nbsp;&lt;/td&gt;
    &lt;/tr&gt;
    &lt;tr&gt;
      &lt;td style='width: 184px; height: 26px; font-weight: bold;' align='undefined' valign='undefined'&gt;Country&lt;/td&gt;
      &lt;td style='width: 292px; height: 26px;' align='undefined' valign='undefined'&gt;United Kingdom&amp;nbsp;&lt;/td&gt;
      &lt;td style='height: 26px; width: 184px; font-weight: bold;' align='undefined' valign='undefined'&gt;Severity	&lt;/td&gt;
      &lt;td style='height: 26px; width: 291px;' align='undefined' valign='undefined'&gt;Low&amp;nbsp;&lt;/td&gt;
    &lt;/tr&gt;
    &lt;tr&gt;
      &lt;td style='width: 184px; height: 30px; font-weight: bold;' align='undefined' valign='undefined'&gt;State&lt;/td&gt;
      &lt;td style='width: 292px; height: 30px;' align='undefined' valign='undefined'&gt;London&amp;nbsp;
&lt;/td&gt;
      &lt;td style='height: 30px; width: 184px; font-weight: bold;' align='undefined' valign='undefined'&gt;Type&lt;/td&gt;
      &lt;td style='height: 30px; width: 291px;' align='undefined' valign='undefined'&gt;Boat Sinking&amp;nbsp;&lt;/td&gt;
    &lt;/tr&gt;
    &lt;tr&gt;
      &lt;td style='width: 184px; height: 24px; font-weight: bold;' align='undefined' valign='undefined'&gt;City&lt;/td&gt;
      &lt;td style='width: 292px; height: 24px;' align='undefined' valign='undefined'&gt;london&amp;nbsp;
&lt;/td&gt;
      &lt;td style='height: 24px; width: 184px; font-weight: bold;' align='undefined' valign='undefined'&gt;Date&lt;/td&gt;
      &lt;td style='height: 24px; width: 291px;' align='undefined' valign='undefined'&gt;2011-07-26&amp;nbsp;
&lt;/td&gt;
    &lt;/tr&gt;
    &lt;tr&gt;
      &lt;td style='width: 184px; height: 26px; font-weight: bold;' align='undefined' valign='undefined'&gt;Deaths&lt;/td&gt;
      &lt;td style='width: 292px; height: 26px;' align='undefined' valign='undefined'&gt;0&amp;nbsp;
&lt;/td&gt;
      &lt;td style='height: 26px; width: 184px; font-weight: bold;' align='undefined' valign='undefined'&gt;Url&lt;/td&gt;
      &lt;td style='height: 26px; width: 291px;' align='undefined' valign='undefined'&gt;&lt;A href=' http://news.google.com/news/url?sa=t&amp;fd=R&amp;usg=AFQjCNFxPgsZTzt-KX5OsfRoO7nrYccenA&amp;url=http://www.taiwannews.com.tw/etn/news_content.php?id%3D1664023'&gt;Link to News&amp;nbsp;&lt;/A&gt;
&lt;/td&gt;
    &lt;/tr&gt;
    &lt;tr&gt;
      &lt;td style='width: 184px; height: 90px; font-weight: bold;' align='undefined' valign='undefined'&gt;Description&lt;/td&gt;
      &lt;td colspan='3' rowspan='1' style='height: 90px; width: 291px;' align='undefined' valign='undefined'&gt; AP Police in the Cayman Islands say six men whose boat sank after leaving the British territory have been found by a tanker passing through the Caribbean.They were found floating in the sea Tuesday just as authorities called off an air and sea search that had covered 4,000 square miles&amp;nbsp;
&lt;/td&gt;
    &lt;/tr&gt;
  &lt;/tbody&gt;
&lt;/table&gt;</description>
                <styleUrl>#style10x93310</styleUrl>
                <Point>
                    <extrude xmlns:ns5="http://www.w3.org/2001/XMLSchema-instance" xmlns:ns6="http://www.w3.org/2001/XMLSchema" ns5:type="ns6:boolean">false</extrude>
                    <altitudeMode>clampToGround</altitudeMode>
                    <coordinates>-0.116667,51.5045</coordinates>
                </Point>
            </Placemark>
            <Placemark>
                <name>G-Russia</name>
                <visibility xmlns:ns5="http://www.w3.org/2001/XMLSchema-instance" xmlns:ns6="http://www.w3.org/2001/XMLSchema" ns5:type="ns6:boolean">true</visibility>
                <open xmlns:ns5="http://www.w3.org/2001/XMLSchema-instance" xmlns:ns6="http://www.w3.org/2001/XMLSchema" ns5:type="ns6:boolean">true</open>
                <address>Alexandra Solzhenitsyna street,moscow,Moscow City,Russian Federation</address>
                <description>&lt;table style='text-align: left; width: 480px; height: 240px;' border='1' border-color='gray' border-style='solid' cellpadding='2' cellspacing='2'&gt;
&lt;tbody&gt;
    &lt;tr style='font-weight: bold;'&gt;
		&lt;td style='height: 78px; width: 184px;' align='undefined' valign='undefined'&gt;&lt;span style='font-weight: normal;'&gt;&lt;img src='http:\\www.razient.com\Razient\iconsgi\customer.png'/&gt;&lt;/span&gt;&lt;/td&gt;
		&lt;td colspan='3' rowspan='1' style='height: 78px; width: 291px;' align='undefined' valign='undefined'&gt;Name: G-Russia&amp;nbsp;&lt;br&gt; Address: Alexandra Solzhenitsyna street - moscow - Moscow City - Russian Federation&amp;nbsp;&lt;br&gt; Phone Number: &amp;nbsp;&lt;br&gt; Email: &amp;nbsp;&lt;br&gt; Primary Contact: &amp;nbsp;&lt;/td&gt;
    &lt;/tr&gt;
    &lt;tr&gt;
	   &lt;td colspan='3' rowspan='1' style='height: 0px; width: 291px;' align='undefined' valign='undefined'&gt;&amp;nbsp;&lt;/td&gt;
    &lt;/tr&gt;
  &lt;/tbody&gt;
&lt;/table&gt;</description>
                <styleUrl>#style0x70000</styleUrl>
                <Point>
                    <extrude xmlns:ns5="http://www.w3.org/2001/XMLSchema-instance" xmlns:ns6="http://www.w3.org/2001/XMLSchema" ns5:type="ns6:boolean">false</extrude>
                    <altitudeMode>clampToGround</altitudeMode>
                    <coordinates>37.617634,55.755787</coordinates>
                </Point>
            </Placemark>
            <Placemark>
                <name> Incident :  Kosovo policeman wounded near Kosovo-Serbia border</name>
                <visibility xmlns:ns5="http://www.w3.org/2001/XMLSchema-instance" xmlns:ns6="http://www.w3.org/2001/XMLSchema" ns5:type="ns6:boolean">true</visibility>
                <open xmlns:ns5="http://www.w3.org/2001/XMLSchema-instance" xmlns:ns6="http://www.w3.org/2001/XMLSchema" ns5:type="ns6:boolean">false</open>
                <description>&lt;table style='text-align: left; width: 480px; height: 240px;' border='1' border-color='gray' border-style='solid' cellpadding='2' cellspacing='2'&gt;
&lt;tbody&gt;
    &lt;tr style='font-weight: bold;'&gt;
		&lt;td style='height: 78px; width: 184px;' align='undefined' valign='undefined'&gt;&lt;span style='font-weight: normal;'&gt;&lt;img src='http:\\66.216.18.155\Razient\iconsgi\suppliers.gif'/&gt;&lt;/span&gt;&lt;/td&gt;
		&lt;td colspan='3' rowspan='1' style='height: 78px; width: 291px;' align='undefined' valign='undefined'&gt;G-Russia&amp;nbsp;
Alexandra Solzhenitsyna street&amp;nbsp;&lt;/td&gt;
    &lt;/tr&gt;
    &lt;tr&gt;
      &lt;td style='height: 0px; width: 184px; text-align: left;' valign='undefined'&gt;&lt;span style='font-weight: bold;'&gt;Summary:&lt;/span&gt;&lt;/td&gt;
	   &lt;td colspan='3' rowspan='1' style='height: 0px; width: 291px;' align='undefined' valign='undefined'&gt; Kosovo policeman wounded near Kosovo-Serbia border&amp;nbsp;&lt;/td&gt;
    &lt;/tr&gt;
    &lt;tr&gt;
      &lt;td style='width: 184px; height: 26px; font-weight: bold;' align='undefined' valign='undefined'&gt;Country&lt;/td&gt;
      &lt;td style='width: 292px; height: 26px;' align='undefined' valign='undefined'&gt;Russian Federation&amp;nbsp;&lt;/td&gt;
      &lt;td style='height: 26px; width: 184px; font-weight: bold;' align='undefined' valign='undefined'&gt;Severity	&lt;/td&gt;
      &lt;td style='height: 26px; width: 291px;' align='undefined' valign='undefined'&gt;Medium&amp;nbsp;&lt;/td&gt;
    &lt;/tr&gt;
    &lt;tr&gt;
      &lt;td style='width: 184px; height: 30px; font-weight: bold;' align='undefined' valign='undefined'&gt;State&lt;/td&gt;
      &lt;td style='width: 292px; height: 30px;' align='undefined' valign='undefined'&gt;Moscow City&amp;nbsp;
&lt;/td&gt;
      &lt;td style='height: 30px; width: 184px; font-weight: bold;' align='undefined' valign='undefined'&gt;Type&lt;/td&gt;
      &lt;td style='height: 30px; width: 291px;' align='undefined' valign='undefined'&gt;Ambush&amp;nbsp;&lt;/td&gt;
    &lt;/tr&gt;
    &lt;tr&gt;
      &lt;td style='width: 184px; height: 24px; font-weight: bold;' align='undefined' valign='undefined'&gt;City&lt;/td&gt;
      &lt;td style='width: 292px; height: 24px;' align='undefined' valign='undefined'&gt;moscow&amp;nbsp;
&lt;/td&gt;
      &lt;td style='height: 24px; width: 184px; font-weight: bold;' align='undefined' valign='undefined'&gt;Date&lt;/td&gt;
      &lt;td style='height: 24px; width: 291px;' align='undefined' valign='undefined'&gt;2011-07-26&amp;nbsp;
&lt;/td&gt;
    &lt;/tr&gt;
    &lt;tr&gt;
      &lt;td style='width: 184px; height: 26px; font-weight: bold;' align='undefined' valign='undefined'&gt;Deaths&lt;/td&gt;
      &lt;td style='width: 292px; height: 26px;' align='undefined' valign='undefined'&gt;1&amp;nbsp;
&lt;/td&gt;
      &lt;td style='height: 26px; width: 184px; font-weight: bold;' align='undefined' valign='undefined'&gt;Url&lt;/td&gt;
      &lt;td style='height: 26px; width: 291px;' align='undefined' valign='undefined'&gt;&lt;A href=' http://www.google.com/hostednews/ap/article/ALeqM5glV8m5Cg4Ay642BLCoLFbWaSLwkw?docId=0757e51d08fa4c279f95990d467dcbbe'&gt;Link to News&amp;nbsp;&lt;/A&gt;
&lt;/td&gt;
    &lt;/tr&gt;
    &lt;tr&gt;
      &lt;td style='width: 184px; height: 90px; font-weight: bold;' align='undefined' valign='undefined'&gt;Description&lt;/td&gt;
      &lt;td colspan='3' rowspan='1' style='height: 90px; width: 291px;' align='undefined' valign='undefined'&gt; A policeman was seriously wounded after an ambush in Kosovos north as tensions grow with local Serbs, a police official said Tuesday.The officer was shot and wounded in the head during a firefight near the northern town of Zubin Potok&amp;nbsp;
&lt;/td&gt;
    &lt;/tr&gt;
  &lt;/tbody&gt;
&lt;/table&gt;</description>
                <styleUrl>#style23x93323</styleUrl>
                <Point>
                    <extrude xmlns:ns5="http://www.w3.org/2001/XMLSchema-instance" xmlns:ns6="http://www.w3.org/2001/XMLSchema" ns5:type="ns6:boolean">false</extrude>
                    <altitudeMode>clampToGround</altitudeMode>
                    <coordinates>37.6201,55.7567</coordinates>
                </Point>
            </Placemark>
            <Placemark>
                <name>G-Norway</name>
                <visibility xmlns:ns5="http://www.w3.org/2001/XMLSchema-instance" xmlns:ns6="http://www.w3.org/2001/XMLSchema" ns5:type="ns6:boolean">true</visibility>
                <open xmlns:ns5="http://www.w3.org/2001/XMLSchema-instance" xmlns:ns6="http://www.w3.org/2001/XMLSchema" ns5:type="ns6:boolean">true</open>
                <address>Sandakerveien 118,oslo,Oslo,Norway</address>
                <description>&lt;table style='text-align: left; width: 480px; height: 240px;' border='1' border-color='gray' border-style='solid' cellpadding='2' cellspacing='2'&gt;
&lt;tbody&gt;
    &lt;tr style='font-weight: bold;'&gt;
		&lt;td style='height: 78px; width: 184px;' align='undefined' valign='undefined'&gt;&lt;span style='font-weight: normal;'&gt;&lt;img src='http:\\www.razient.com\Razient\iconsgi\customer.png'/&gt;&lt;/span&gt;&lt;/td&gt;
		&lt;td colspan='3' rowspan='1' style='height: 78px; width: 291px;' align='undefined' valign='undefined'&gt;Name: G-Norway&amp;nbsp;&lt;br&gt; Address: Sandakerveien 118 - oslo - Oslo - Norway&amp;nbsp;&lt;br&gt; Phone Number: &amp;nbsp;&lt;br&gt; Email: &amp;nbsp;&lt;br&gt; Primary Contact: &amp;nbsp;&lt;/td&gt;
    &lt;/tr&gt;
    &lt;tr&gt;
	   &lt;td colspan='3' rowspan='1' style='height: 0px; width: 291px;' align='undefined' valign='undefined'&gt;&amp;nbsp;&lt;/td&gt;
    &lt;/tr&gt;
  &lt;/tbody&gt;
&lt;/table&gt;</description>
                <styleUrl>#style0x70000</styleUrl>
                <Point>
                    <extrude xmlns:ns5="http://www.w3.org/2001/XMLSchema-instance" xmlns:ns6="http://www.w3.org/2001/XMLSchema" ns5:type="ns6:boolean">false</extrude>
                    <altitudeMode>clampToGround</altitudeMode>
                    <coordinates>10.769168,59.948715</coordinates>
                </Point>
            </Placemark>
            <Placemark>
                <name> Incident :  Report 20 Bodies At Norway Youth Camp After Gunman Opens Fire</name>
                <visibility xmlns:ns5="http://www.w3.org/2001/XMLSchema-instance" xmlns:ns6="http://www.w3.org/2001/XMLSchema" ns5:type="ns6:boolean">true</visibility>
                <open xmlns:ns5="http://www.w3.org/2001/XMLSchema-instance" xmlns:ns6="http://www.w3.org/2001/XMLSchema" ns5:type="ns6:boolean">false</open>
                <description>&lt;table style='text-align: left; width: 480px; height: 240px;' border='1' border-color='gray' border-style='solid' cellpadding='2' cellspacing='2'&gt;
&lt;tbody&gt;
    &lt;tr style='font-weight: bold;'&gt;
		&lt;td style='height: 78px; width: 184px;' align='undefined' valign='undefined'&gt;&lt;span style='font-weight: normal;'&gt;&lt;img src='http:\\66.216.18.155\Razient\iconsgi\suppliers.gif'/&gt;&lt;/span&gt;&lt;/td&gt;
		&lt;td colspan='3' rowspan='1' style='height: 78px; width: 291px;' align='undefined' valign='undefined'&gt;G-Norway&amp;nbsp;
Sandakerveien 118&amp;nbsp;&lt;/td&gt;
    &lt;/tr&gt;
    &lt;tr&gt;
      &lt;td style='height: 0px; width: 184px; text-align: left;' valign='undefined'&gt;&lt;span style='font-weight: bold;'&gt;Summary:&lt;/span&gt;&lt;/td&gt;
	   &lt;td colspan='3' rowspan='1' style='height: 0px; width: 291px;' align='undefined' valign='undefined'&gt; Report 20 Bodies At Norway Youth Camp After Gunman Opens Fire&amp;nbsp;&lt;/td&gt;
    &lt;/tr&gt;
    &lt;tr&gt;
      &lt;td style='width: 184px; height: 26px; font-weight: bold;' align='undefined' valign='undefined'&gt;Country&lt;/td&gt;
      &lt;td style='width: 292px; height: 26px;' align='undefined' valign='undefined'&gt;Norway&amp;nbsp;&lt;/td&gt;
      &lt;td style='height: 26px; width: 184px; font-weight: bold;' align='undefined' valign='undefined'&gt;Severity	&lt;/td&gt;
      &lt;td style='height: 26px; width: 291px;' align='undefined' valign='undefined'&gt;Medium&amp;nbsp;&lt;/td&gt;
    &lt;/tr&gt;
    &lt;tr&gt;
      &lt;td style='width: 184px; height: 30px; font-weight: bold;' align='undefined' valign='undefined'&gt;State&lt;/td&gt;
      &lt;td style='width: 292px; height: 30px;' align='undefined' valign='undefined'&gt;Oslo&amp;nbsp;
&lt;/td&gt;
      &lt;td style='height: 30px; width: 184px; font-weight: bold;' align='undefined' valign='undefined'&gt;Type&lt;/td&gt;
      &lt;td style='height: 30px; width: 291px;' align='undefined' valign='undefined'&gt;Shooting&amp;nbsp;&lt;/td&gt;
    &lt;/tr&gt;
    &lt;tr&gt;
      &lt;td style='width: 184px; height: 24px; font-weight: bold;' align='undefined' valign='undefined'&gt;City&lt;/td&gt;
      &lt;td style='width: 292px; height: 24px;' align='undefined' valign='undefined'&gt;oslo&amp;nbsp;
&lt;/td&gt;
      &lt;td style='height: 24px; width: 184px; font-weight: bold;' align='undefined' valign='undefined'&gt;Date&lt;/td&gt;
      &lt;td style='height: 24px; width: 291px;' align='undefined' valign='undefined'&gt;2011-07-22&amp;nbsp;
&lt;/td&gt;
    &lt;/tr&gt;
    &lt;tr&gt;
      &lt;td style='width: 184px; height: 26px; font-weight: bold;' align='undefined' valign='undefined'&gt;Deaths&lt;/td&gt;
      &lt;td style='width: 292px; height: 26px;' align='undefined' valign='undefined'&gt;5&amp;nbsp;
&lt;/td&gt;
      &lt;td style='height: 26px; width: 184px; font-weight: bold;' align='undefined' valign='undefined'&gt;Url&lt;/td&gt;
      &lt;td style='height: 26px; width: 291px;' align='undefined' valign='undefined'&gt;&lt;A href=' http://abcnews.go.com/Blotter/gunman-opens-fire-norway-youth-camp-deaths-reported/story?id=14135844'&gt;Link to News&amp;nbsp;&lt;/A&gt;
&lt;/td&gt;
    &lt;/tr&gt;
    &lt;tr&gt;
      &lt;td style='width: 184px; height: 90px; font-weight: bold;' align='undefined' valign='undefined'&gt;Description&lt;/td&gt;
      &lt;td colspan='3' rowspan='1' style='height: 90px; width: 291px;' align='undefined' valign='undefined'&gt;A gunman dressed as a policeman opened fire at a summer youth camp on a Norwegian island near Oslo, according to media reports. Unconfirmed reports say that as many as five people have died on the island of Utoya, and a witness told Norwegian television of seeing 20 bodies on the shoreline&amp;nbsp;
&lt;/td&gt;
    &lt;/tr&gt;
  &lt;/tbody&gt;
&lt;/table&gt;</description>
                <styleUrl>#style1x93301</styleUrl>
                <Point>
                    <extrude xmlns:ns5="http://www.w3.org/2001/XMLSchema-instance" xmlns:ns6="http://www.w3.org/2001/XMLSchema" ns5:type="ns6:boolean">false</extrude>
                    <altitudeMode>clampToGround</altitudeMode>
                    <coordinates>10.75,59.9167</coordinates>
                </Point>
            </Placemark>
            <Placemark>
                <name>G-Norway</name>
                <visibility xmlns:ns5="http://www.w3.org/2001/XMLSchema-instance" xmlns:ns6="http://www.w3.org/2001/XMLSchema" ns5:type="ns6:boolean">true</visibility>
                <open xmlns:ns5="http://www.w3.org/2001/XMLSchema-instance" xmlns:ns6="http://www.w3.org/2001/XMLSchema" ns5:type="ns6:boolean">true</open>
                <address>Sandakerveien 118,oslo,Oslo,Norway</address>
                <description>&lt;table style='text-align: left; width: 480px; height: 240px;' border='1' border-color='gray' border-style='solid' cellpadding='2' cellspacing='2'&gt;
&lt;tbody&gt;
    &lt;tr style='font-weight: bold;'&gt;
		&lt;td style='height: 78px; width: 184px;' align='undefined' valign='undefined'&gt;&lt;span style='font-weight: normal;'&gt;&lt;img src='http:\\www.razient.com\Razient\iconsgi\customer.png'/&gt;&lt;/span&gt;&lt;/td&gt;
		&lt;td colspan='3' rowspan='1' style='height: 78px; width: 291px;' align='undefined' valign='undefined'&gt;Name: G-Norway&amp;nbsp;&lt;br&gt; Address: Sandakerveien 118 - oslo - Oslo - Norway&amp;nbsp;&lt;br&gt; Phone Number: &amp;nbsp;&lt;br&gt; Email: &amp;nbsp;&lt;br&gt; Primary Contact: &amp;nbsp;&lt;/td&gt;
    &lt;/tr&gt;
    &lt;tr&gt;
	   &lt;td colspan='3' rowspan='1' style='height: 0px; width: 291px;' align='undefined' valign='undefined'&gt;&amp;nbsp;&lt;/td&gt;
    &lt;/tr&gt;
  &lt;/tbody&gt;
&lt;/table&gt;</description>
                <styleUrl>#style0x70000</styleUrl>
                <Point>
                    <extrude xmlns:ns5="http://www.w3.org/2001/XMLSchema-instance" xmlns:ns6="http://www.w3.org/2001/XMLSchema" ns5:type="ns6:boolean">false</extrude>
                    <altitudeMode>clampToGround</altitudeMode>
                    <coordinates>10.769168,59.948715</coordinates>
                </Point>
            </Placemark>
            <Placemark>
                <name> Incident :  Blasts hit government buildings in Oslo, Norway</name>
                <visibility xmlns:ns5="http://www.w3.org/2001/XMLSchema-instance" xmlns:ns6="http://www.w3.org/2001/XMLSchema" ns5:type="ns6:boolean">true</visibility>
                <open xmlns:ns5="http://www.w3.org/2001/XMLSchema-instance" xmlns:ns6="http://www.w3.org/2001/XMLSchema" ns5:type="ns6:boolean">false</open>
                <description>&lt;table style='text-align: left; width: 480px; height: 240px;' border='1' border-color='gray' border-style='solid' cellpadding='2' cellspacing='2'&gt;
&lt;tbody&gt;
    &lt;tr style='font-weight: bold;'&gt;
		&lt;td style='height: 78px; width: 184px;' align='undefined' valign='undefined'&gt;&lt;span style='font-weight: normal;'&gt;&lt;img src='http:\\66.216.18.155\Razient\iconsgi\suppliers.gif'/&gt;&lt;/span&gt;&lt;/td&gt;
		&lt;td colspan='3' rowspan='1' style='height: 78px; width: 291px;' align='undefined' valign='undefined'&gt;G-Norway&amp;nbsp;
Sandakerveien 118&amp;nbsp;&lt;/td&gt;
    &lt;/tr&gt;
    &lt;tr&gt;
      &lt;td style='height: 0px; width: 184px; text-align: left;' valign='undefined'&gt;&lt;span style='font-weight: bold;'&gt;Summary:&lt;/span&gt;&lt;/td&gt;
	   &lt;td colspan='3' rowspan='1' style='height: 0px; width: 291px;' align='undefined' valign='undefined'&gt; Blasts hit government buildings in Oslo, Norway&amp;nbsp;&lt;/td&gt;
    &lt;/tr&gt;
    &lt;tr&gt;
      &lt;td style='width: 184px; height: 26px; font-weight: bold;' align='undefined' valign='undefined'&gt;Country&lt;/td&gt;
      &lt;td style='width: 292px; height: 26px;' align='undefined' valign='undefined'&gt;Norway&amp;nbsp;&lt;/td&gt;
      &lt;td style='height: 26px; width: 184px; font-weight: bold;' align='undefined' valign='undefined'&gt;Severity	&lt;/td&gt;
      &lt;td style='height: 26px; width: 291px;' align='undefined' valign='undefined'&gt;High&amp;nbsp;&lt;/td&gt;
    &lt;/tr&gt;
    &lt;tr&gt;
      &lt;td style='width: 184px; height: 30px; font-weight: bold;' align='undefined' valign='undefined'&gt;State&lt;/td&gt;
      &lt;td style='width: 292px; height: 30px;' align='undefined' valign='undefined'&gt;Oslo&amp;nbsp;
&lt;/td&gt;
      &lt;td style='height: 30px; width: 184px; font-weight: bold;' align='undefined' valign='undefined'&gt;Type&lt;/td&gt;
      &lt;td style='height: 30px; width: 291px;' align='undefined' valign='undefined'&gt;Explosion&amp;nbsp;&lt;/td&gt;
    &lt;/tr&gt;
    &lt;tr&gt;
      &lt;td style='width: 184px; height: 24px; font-weight: bold;' align='undefined' valign='undefined'&gt;City&lt;/td&gt;
      &lt;td style='width: 292px; height: 24px;' align='undefined' valign='undefined'&gt;oslo&amp;nbsp;
&lt;/td&gt;
      &lt;td style='height: 24px; width: 184px; font-weight: bold;' align='undefined' valign='undefined'&gt;Date&lt;/td&gt;
      &lt;td style='height: 24px; width: 291px;' align='undefined' valign='undefined'&gt;2011-07-22&amp;nbsp;
&lt;/td&gt;
    &lt;/tr&gt;
    &lt;tr&gt;
      &lt;td style='width: 184px; height: 26px; font-weight: bold;' align='undefined' valign='undefined'&gt;Deaths&lt;/td&gt;
      &lt;td style='width: 292px; height: 26px;' align='undefined' valign='undefined'&gt;0&amp;nbsp;
&lt;/td&gt;
      &lt;td style='height: 26px; width: 184px; font-weight: bold;' align='undefined' valign='undefined'&gt;Url&lt;/td&gt;
      &lt;td style='height: 26px; width: 291px;' align='undefined' valign='undefined'&gt;&lt;A href=' http://edition.cnn.com/2011/WORLD/europe/07/22/norway.explosion/index.html?hpt=hp_t1'&gt;Link to News&amp;nbsp;&lt;/A&gt;
&lt;/td&gt;
    &lt;/tr&gt;
    &lt;tr&gt;
      &lt;td style='width: 184px; height: 90px; font-weight: bold;' align='undefined' valign='undefined'&gt;Description&lt;/td&gt;
      &lt;td colspan='3' rowspan='1' style='height: 90px; width: 291px;' align='undefined' valign='undefined'&gt; Two explosions rocked government buildings in Oslo, Norway, on Friday, state TV and witnesses said.Windows in several buildings had been blown out, and people were in the street bleeding, state TV broadcaster NRK said on its website&amp;nbsp;
&lt;/td&gt;
    &lt;/tr&gt;
  &lt;/tbody&gt;
&lt;/table&gt;</description>
                <styleUrl>#style2x93302</styleUrl>
                <Point>
                    <extrude xmlns:ns5="http://www.w3.org/2001/XMLSchema-instance" xmlns:ns6="http://www.w3.org/2001/XMLSchema" ns5:type="ns6:boolean">false</extrude>
                    <altitudeMode>clampToGround</altitudeMode>
                    <coordinates>10.75,59.9212</coordinates>
                </Point>
            </Placemark>
            <Placemark>
                <name>G-Norway</name>
                <visibility xmlns:ns5="http://www.w3.org/2001/XMLSchema-instance" xmlns:ns6="http://www.w3.org/2001/XMLSchema" ns5:type="ns6:boolean">true</visibility>
                <open xmlns:ns5="http://www.w3.org/2001/XMLSchema-instance" xmlns:ns6="http://www.w3.org/2001/XMLSchema" ns5:type="ns6:boolean">true</open>
                <address>Sandakerveien 118,oslo,Oslo,Norway</address>
                <description>&lt;table style='text-align: left; width: 480px; height: 240px;' border='1' border-color='gray' border-style='solid' cellpadding='2' cellspacing='2'&gt;
&lt;tbody&gt;
    &lt;tr style='font-weight: bold;'&gt;
		&lt;td style='height: 78px; width: 184px;' align='undefined' valign='undefined'&gt;&lt;span style='font-weight: normal;'&gt;&lt;img src='http:\\www.razient.com\Razient\iconsgi\customer.png'/&gt;&lt;/span&gt;&lt;/td&gt;
		&lt;td colspan='3' rowspan='1' style='height: 78px; width: 291px;' align='undefined' valign='undefined'&gt;Name: G-Norway&amp;nbsp;&lt;br&gt; Address: Sandakerveien 118 - oslo - Oslo - Norway&amp;nbsp;&lt;br&gt; Phone Number: &amp;nbsp;&lt;br&gt; Email: &amp;nbsp;&lt;br&gt; Primary Contact: &amp;nbsp;&lt;/td&gt;
    &lt;/tr&gt;
    &lt;tr&gt;
	   &lt;td colspan='3' rowspan='1' style='height: 0px; width: 291px;' align='undefined' valign='undefined'&gt;&amp;nbsp;&lt;/td&gt;
    &lt;/tr&gt;
  &lt;/tbody&gt;
&lt;/table&gt;</description>
                <styleUrl>#style0x70000</styleUrl>
                <Point>
                    <extrude xmlns:ns5="http://www.w3.org/2001/XMLSchema-instance" xmlns:ns6="http://www.w3.org/2001/XMLSchema" ns5:type="ns6:boolean">false</extrude>
                    <altitudeMode>clampToGround</altitudeMode>
                    <coordinates>10.769168,59.948715</coordinates>
                </Point>
            </Placemark>
            <Placemark>
                <name> Incident : Norways oil ministry evacuated in Oslo blast</name>
                <visibility xmlns:ns5="http://www.w3.org/2001/XMLSchema-instance" xmlns:ns6="http://www.w3.org/2001/XMLSchema" ns5:type="ns6:boolean">true</visibility>
                <open xmlns:ns5="http://www.w3.org/2001/XMLSchema-instance" xmlns:ns6="http://www.w3.org/2001/XMLSchema" ns5:type="ns6:boolean">false</open>
                <description>&lt;table style='text-align: left; width: 480px; height: 240px;' border='1' border-color='gray' border-style='solid' cellpadding='2' cellspacing='2'&gt;
&lt;tbody&gt;
    &lt;tr style='font-weight: bold;'&gt;
		&lt;td style='height: 78px; width: 184px;' align='undefined' valign='undefined'&gt;&lt;span style='font-weight: normal;'&gt;&lt;img src='http:\\66.216.18.155\Razient\iconsgi\suppliers.gif'/&gt;&lt;/span&gt;&lt;/td&gt;
		&lt;td colspan='3' rowspan='1' style='height: 78px; width: 291px;' align='undefined' valign='undefined'&gt;G-Norway&amp;nbsp;
Sandakerveien 118&amp;nbsp;&lt;/td&gt;
    &lt;/tr&gt;
    &lt;tr&gt;
      &lt;td style='height: 0px; width: 184px; text-align: left;' valign='undefined'&gt;&lt;span style='font-weight: bold;'&gt;Summary:&lt;/span&gt;&lt;/td&gt;
	   &lt;td colspan='3' rowspan='1' style='height: 0px; width: 291px;' align='undefined' valign='undefined'&gt;Norways oil ministry evacuated in Oslo blast&amp;nbsp;&lt;/td&gt;
    &lt;/tr&gt;
    &lt;tr&gt;
      &lt;td style='width: 184px; height: 26px; font-weight: bold;' align='undefined' valign='undefined'&gt;Country&lt;/td&gt;
      &lt;td style='width: 292px; height: 26px;' align='undefined' valign='undefined'&gt;Norway&amp;nbsp;&lt;/td&gt;
      &lt;td style='height: 26px; width: 184px; font-weight: bold;' align='undefined' valign='undefined'&gt;Severity	&lt;/td&gt;
      &lt;td style='height: 26px; width: 291px;' align='undefined' valign='undefined'&gt;High&amp;nbsp;&lt;/td&gt;
    &lt;/tr&gt;
    &lt;tr&gt;
      &lt;td style='width: 184px; height: 30px; font-weight: bold;' align='undefined' valign='undefined'&gt;State&lt;/td&gt;
      &lt;td style='width: 292px; height: 30px;' align='undefined' valign='undefined'&gt;Oslo&amp;nbsp;
&lt;/td&gt;
      &lt;td style='height: 30px; width: 184px; font-weight: bold;' align='undefined' valign='undefined'&gt;Type&lt;/td&gt;
      &lt;td style='height: 30px; width: 291px;' align='undefined' valign='undefined'&gt;Evacuated&amp;nbsp;&lt;/td&gt;
    &lt;/tr&gt;
    &lt;tr&gt;
      &lt;td style='width: 184px; height: 24px; font-weight: bold;' align='undefined' valign='undefined'&gt;City&lt;/td&gt;
      &lt;td style='width: 292px; height: 24px;' align='undefined' valign='undefined'&gt;oslo&amp;nbsp;
&lt;/td&gt;
      &lt;td style='height: 24px; width: 184px; font-weight: bold;' align='undefined' valign='undefined'&gt;Date&lt;/td&gt;
      &lt;td style='height: 24px; width: 291px;' align='undefined' valign='undefined'&gt;2011-07-22&amp;nbsp;
&lt;/td&gt;
    &lt;/tr&gt;
    &lt;tr&gt;
      &lt;td style='width: 184px; height: 26px; font-weight: bold;' align='undefined' valign='undefined'&gt;Deaths&lt;/td&gt;
      &lt;td style='width: 292px; height: 26px;' align='undefined' valign='undefined'&gt;0&amp;nbsp;
&lt;/td&gt;
      &lt;td style='height: 26px; width: 184px; font-weight: bold;' align='undefined' valign='undefined'&gt;Url&lt;/td&gt;
      &lt;td style='height: 26px; width: 291px;' align='undefined' valign='undefined'&gt;&lt;A href=' http://www.platts.com/RSSFeedDetailedNews/RSSFeed/Oil/8155145'&gt;Link to News&amp;nbsp;&lt;/A&gt;
&lt;/td&gt;
    &lt;/tr&gt;
    &lt;tr&gt;
      &lt;td style='width: 184px; height: 90px; font-weight: bold;' align='undefined' valign='undefined'&gt;Description&lt;/td&gt;
      &lt;td colspan='3' rowspan='1' style='height: 90px; width: 291px;' align='undefined' valign='undefined'&gt; Norways oil ministry has been evacuated following an explosion close to the governments headquarters amid reports that the oil ministry is on fire and may have been the target of the attack&amp;nbsp;
&lt;/td&gt;
    &lt;/tr&gt;
  &lt;/tbody&gt;
&lt;/table&gt;</description>
                <styleUrl>#style18x93318</styleUrl>
                <Point>
                    <extrude xmlns:ns5="http://www.w3.org/2001/XMLSchema-instance" xmlns:ns6="http://www.w3.org/2001/XMLSchema" ns5:type="ns6:boolean">false</extrude>
                    <altitudeMode>clampToGround</altitudeMode>
                    <coordinates>10.7545,59.9212</coordinates>
                </Point>
            </Placemark>
            <Placemark>
                <name>Headquarters</name>
                <visibility xmlns:ns5="http://www.w3.org/2001/XMLSchema-instance" xmlns:ns6="http://www.w3.org/2001/XMLSchema" ns5:type="ns6:boolean">true</visibility>
                <open xmlns:ns5="http://www.w3.org/2001/XMLSchema-instance" xmlns:ns6="http://www.w3.org/2001/XMLSchema" ns5:type="ns6:boolean">true</open>
                <address>600 W Chicago Ave #600,chicago,Illinois,United States</address>
                <description>&lt;table style='text-align: left; width: 480px; height: 240px;' border='1' border-color='gray' border-style='solid' cellpadding='2' cellspacing='2'&gt;
&lt;tbody&gt;
    &lt;tr style='font-weight: bold;'&gt;
		&lt;td style='height: 78px; width: 184px;' align='undefined' valign='undefined'&gt;&lt;span style='font-weight: normal;'&gt;&lt;img src='http:\\www.razient.com\Razient\iconsgi\customer.png'/&gt;&lt;/span&gt;&lt;/td&gt;
		&lt;td colspan='3' rowspan='1' style='height: 78px; width: 291px;' align='undefined' valign='undefined'&gt;Name: Headquarters&amp;nbsp;&lt;br&gt; Address: 600 W Chicago Ave #600 - chicago - Illinois - United States&amp;nbsp;&lt;br&gt; Phone Number: &amp;nbsp;&lt;br&gt; Email: &amp;nbsp;&lt;br&gt; Primary Contact: &amp;nbsp;&lt;/td&gt;
    &lt;/tr&gt;
    &lt;tr&gt;
	   &lt;td colspan='3' rowspan='1' style='height: 0px; width: 291px;' align='undefined' valign='undefined'&gt;&amp;nbsp;&lt;/td&gt;
    &lt;/tr&gt;
  &lt;/tbody&gt;
&lt;/table&gt;</description>
                <styleUrl>#style0x70000</styleUrl>
                <Point>
                    <extrude xmlns:ns5="http://www.w3.org/2001/XMLSchema-instance" xmlns:ns6="http://www.w3.org/2001/XMLSchema" ns5:type="ns6:boolean">false</extrude>
                    <altitudeMode>clampToGround</altitudeMode>
                    <coordinates>-87.64308,41.897316</coordinates>
                </Point>
            </Placemark>
            <Placemark>
                <name> Incident :  Suburban power outages persist on hot day</name>
                <visibility xmlns:ns5="http://www.w3.org/2001/XMLSchema-instance" xmlns:ns6="http://www.w3.org/2001/XMLSchema" ns5:type="ns6:boolean">true</visibility>
                <open xmlns:ns5="http://www.w3.org/2001/XMLSchema-instance" xmlns:ns6="http://www.w3.org/2001/XMLSchema" ns5:type="ns6:boolean">false</open>
                <description>&lt;table style='text-align: left; width: 480px; height: 240px;' border='1' border-color='gray' border-style='solid' cellpadding='2' cellspacing='2'&gt;
&lt;tbody&gt;
    &lt;tr style='font-weight: bold;'&gt;
		&lt;td style='height: 78px; width: 184px;' align='undefined' valign='undefined'&gt;&lt;span style='font-weight: normal;'&gt;&lt;img src='http:\\66.216.18.155\Razient\iconsgi\suppliers.gif'/&gt;&lt;/span&gt;&lt;/td&gt;
		&lt;td colspan='3' rowspan='1' style='height: 78px; width: 291px;' align='undefined' valign='undefined'&gt;Headquarters&amp;nbsp;
600 W Chicago Ave #600&amp;nbsp;&lt;/td&gt;
    &lt;/tr&gt;
    &lt;tr&gt;
      &lt;td style='height: 0px; width: 184px; text-align: left;' valign='undefined'&gt;&lt;span style='font-weight: bold;'&gt;Summary:&lt;/span&gt;&lt;/td&gt;
	   &lt;td colspan='3' rowspan='1' style='height: 0px; width: 291px;' align='undefined' valign='undefined'&gt; Suburban power outages persist on hot day&amp;nbsp;&lt;/td&gt;
    &lt;/tr&gt;
    &lt;tr&gt;
      &lt;td style='width: 184px; height: 26px; font-weight: bold;' align='undefined' valign='undefined'&gt;Country&lt;/td&gt;
      &lt;td style='width: 292px; height: 26px;' align='undefined' valign='undefined'&gt;United States&amp;nbsp;&lt;/td&gt;
      &lt;td style='height: 26px; width: 184px; font-weight: bold;' align='undefined' valign='undefined'&gt;Severity	&lt;/td&gt;
      &lt;td style='height: 26px; width: 291px;' align='undefined' valign='undefined'&gt;Low&amp;nbsp;&lt;/td&gt;
    &lt;/tr&gt;
    &lt;tr&gt;
      &lt;td style='width: 184px; height: 30px; font-weight: bold;' align='undefined' valign='undefined'&gt;State&lt;/td&gt;
      &lt;td style='width: 292px; height: 30px;' align='undefined' valign='undefined'&gt;Illinois&amp;nbsp;
&lt;/td&gt;
      &lt;td style='height: 30px; width: 184px; font-weight: bold;' align='undefined' valign='undefined'&gt;Type&lt;/td&gt;
      &lt;td style='height: 30px; width: 291px;' align='undefined' valign='undefined'&gt;Power Outage&amp;nbsp;&lt;/td&gt;
    &lt;/tr&gt;
    &lt;tr&gt;
      &lt;td style='width: 184px; height: 24px; font-weight: bold;' align='undefined' valign='undefined'&gt;City&lt;/td&gt;
      &lt;td style='width: 292px; height: 24px;' align='undefined' valign='undefined'&gt;chicago&amp;nbsp;
&lt;/td&gt;
      &lt;td style='height: 24px; width: 184px; font-weight: bold;' align='undefined' valign='undefined'&gt;Date&lt;/td&gt;
      &lt;td style='height: 24px; width: 291px;' align='undefined' valign='undefined'&gt;2011-07-20&amp;nbsp;
&lt;/td&gt;
    &lt;/tr&gt;
    &lt;tr&gt;
      &lt;td style='width: 184px; height: 26px; font-weight: bold;' align='undefined' valign='undefined'&gt;Deaths&lt;/td&gt;
      &lt;td style='width: 292px; height: 26px;' align='undefined' valign='undefined'&gt;0&amp;nbsp;
&lt;/td&gt;
      &lt;td style='height: 26px; width: 184px; font-weight: bold;' align='undefined' valign='undefined'&gt;Url&lt;/td&gt;
      &lt;td style='height: 26px; width: 291px;' align='undefined' valign='undefined'&gt;&lt;A href=' http://abclocal.go.com/wls/story?section=news/local&amp;id=8261057'&gt;Link to News&amp;nbsp;&lt;/A&gt;
&lt;/td&gt;
    &lt;/tr&gt;
    &lt;tr&gt;
      &lt;td style='width: 184px; height: 90px; font-weight: bold;' align='undefined' valign='undefined'&gt;Description&lt;/td&gt;
      &lt;td colspan='3' rowspan='1' style='height: 90px; width: 291px;' align='undefined' valign='undefined'&gt; Some Chicago area residents are dealing with power outages Wednesday.&amp;nbsp;
&lt;/td&gt;
    &lt;/tr&gt;
  &lt;/tbody&gt;
&lt;/table&gt;</description>
                <styleUrl>#style25x93325</styleUrl>
                <Point>
                    <extrude xmlns:ns5="http://www.w3.org/2001/XMLSchema-instance" xmlns:ns6="http://www.w3.org/2001/XMLSchema" ns5:type="ns6:boolean">false</extrude>
                    <altitudeMode>clampToGround</altitudeMode>
                    <coordinates>-87.65,41.85</coordinates>
                </Point>
            </Placemark>
            <Placemark>
                <name>G-Australia</name>
                <visibility xmlns:ns5="http://www.w3.org/2001/XMLSchema-instance" xmlns:ns6="http://www.w3.org/2001/XMLSchema" ns5:type="ns6:boolean">true</visibility>
                <open xmlns:ns5="http://www.w3.org/2001/XMLSchema-instance" xmlns:ns6="http://www.w3.org/2001/XMLSchema" ns5:type="ns6:boolean">true</open>
                <address>439/441 Kent St,sydney,New South Wales,Australia</address>
                <description>&lt;table style='text-align: left; width: 480px; height: 240px;' border='1' border-color='gray' border-style='solid' cellpadding='2' cellspacing='2'&gt;
&lt;tbody&gt;
    &lt;tr style='font-weight: bold;'&gt;
		&lt;td style='height: 78px; width: 184px;' align='undefined' valign='undefined'&gt;&lt;span style='font-weight: normal;'&gt;&lt;img src='http:\\www.razient.com\Razient\iconsgi\customer.png'/&gt;&lt;/span&gt;&lt;/td&gt;
		&lt;td colspan='3' rowspan='1' style='height: 78px; width: 291px;' align='undefined' valign='undefined'&gt;Name: G-Australia&amp;nbsp;&lt;br&gt; Address: 439/441 Kent St - sydney - New South Wales - Australia&amp;nbsp;&lt;br&gt; Phone Number: &amp;nbsp;&lt;br&gt; Email: &amp;nbsp;&lt;br&gt; Primary Contact: &amp;nbsp;&lt;/td&gt;
    &lt;/tr&gt;
    &lt;tr&gt;
	   &lt;td colspan='3' rowspan='1' style='height: 0px; width: 291px;' align='undefined' valign='undefined'&gt;&amp;nbsp;&lt;/td&gt;
    &lt;/tr&gt;
  &lt;/tbody&gt;
&lt;/table&gt;</description>
                <styleUrl>#style0x70000</styleUrl>
                <Point>
                    <extrude xmlns:ns5="http://www.w3.org/2001/XMLSchema-instance" xmlns:ns6="http://www.w3.org/2001/XMLSchema" ns5:type="ns6:boolean">false</extrude>
                    <altitudeMode>clampToGround</altitudeMode>
                    <coordinates>151.20488,-33.87201</coordinates>
                </Point>
            </Placemark>
            <Placemark>
                <name> Incident :  Fresh protest erupts on Christmas Island</name>
                <visibility xmlns:ns5="http://www.w3.org/2001/XMLSchema-instance" xmlns:ns6="http://www.w3.org/2001/XMLSchema" ns5:type="ns6:boolean">true</visibility>
                <open xmlns:ns5="http://www.w3.org/2001/XMLSchema-instance" xmlns:ns6="http://www.w3.org/2001/XMLSchema" ns5:type="ns6:boolean">false</open>
                <description>&lt;table style='text-align: left; width: 480px; height: 240px;' border='1' border-color='gray' border-style='solid' cellpadding='2' cellspacing='2'&gt;
&lt;tbody&gt;
    &lt;tr style='font-weight: bold;'&gt;
		&lt;td style='height: 78px; width: 184px;' align='undefined' valign='undefined'&gt;&lt;span style='font-weight: normal;'&gt;&lt;img src='http:\\66.216.18.155\Razient\iconsgi\suppliers.gif'/&gt;&lt;/span&gt;&lt;/td&gt;
		&lt;td colspan='3' rowspan='1' style='height: 78px; width: 291px;' align='undefined' valign='undefined'&gt;G-Australia&amp;nbsp;
439/441 Kent St&amp;nbsp;&lt;/td&gt;
    &lt;/tr&gt;
    &lt;tr&gt;
      &lt;td style='height: 0px; width: 184px; text-align: left;' valign='undefined'&gt;&lt;span style='font-weight: bold;'&gt;Summary:&lt;/span&gt;&lt;/td&gt;
	   &lt;td colspan='3' rowspan='1' style='height: 0px; width: 291px;' align='undefined' valign='undefined'&gt; Fresh protest erupts on Christmas Island&amp;nbsp;&lt;/td&gt;
    &lt;/tr&gt;
    &lt;tr&gt;
      &lt;td style='width: 184px; height: 26px; font-weight: bold;' align='undefined' valign='undefined'&gt;Country&lt;/td&gt;
      &lt;td style='width: 292px; height: 26px;' align='undefined' valign='undefined'&gt;Australia&amp;nbsp;&lt;/td&gt;
      &lt;td style='height: 26px; width: 184px; font-weight: bold;' align='undefined' valign='undefined'&gt;Severity	&lt;/td&gt;
      &lt;td style='height: 26px; width: 291px;' align='undefined' valign='undefined'&gt;Medium&amp;nbsp;&lt;/td&gt;
    &lt;/tr&gt;
    &lt;tr&gt;
      &lt;td style='width: 184px; height: 30px; font-weight: bold;' align='undefined' valign='undefined'&gt;State&lt;/td&gt;
      &lt;td style='width: 292px; height: 30px;' align='undefined' valign='undefined'&gt;New South Wales&amp;nbsp;
&lt;/td&gt;
      &lt;td style='height: 30px; width: 184px; font-weight: bold;' align='undefined' valign='undefined'&gt;Type&lt;/td&gt;
      &lt;td style='height: 30px; width: 291px;' align='undefined' valign='undefined'&gt;Protests&amp;nbsp;&lt;/td&gt;
    &lt;/tr&gt;
    &lt;tr&gt;
      &lt;td style='width: 184px; height: 24px; font-weight: bold;' align='undefined' valign='undefined'&gt;City&lt;/td&gt;
      &lt;td style='width: 292px; height: 24px;' align='undefined' valign='undefined'&gt;sydney&amp;nbsp;
&lt;/td&gt;
      &lt;td style='height: 24px; width: 184px; font-weight: bold;' align='undefined' valign='undefined'&gt;Date&lt;/td&gt;
      &lt;td style='height: 24px; width: 291px;' align='undefined' valign='undefined'&gt;2011-07-20&amp;nbsp;
&lt;/td&gt;
    &lt;/tr&gt;
    &lt;tr&gt;
      &lt;td style='width: 184px; height: 26px; font-weight: bold;' align='undefined' valign='undefined'&gt;Deaths&lt;/td&gt;
      &lt;td style='width: 292px; height: 26px;' align='undefined' valign='undefined'&gt;0&amp;nbsp;
&lt;/td&gt;
      &lt;td style='height: 26px; width: 184px; font-weight: bold;' align='undefined' valign='undefined'&gt;Url&lt;/td&gt;
      &lt;td style='height: 26px; width: 291px;' align='undefined' valign='undefined'&gt;&lt;A href=' http://www.abc.net.au/news/2011-07-20/christmas-island-asylum-seeker-protest/2802058'&gt;Link to News&amp;nbsp;&lt;/A&gt;
&lt;/td&gt;
    &lt;/tr&gt;
    &lt;tr&gt;
      &lt;td style='width: 184px; height: 90px; font-weight: bold;' align='undefined' valign='undefined'&gt;Description&lt;/td&gt;
      &lt;td colspan='3' rowspan='1' style='height: 90px; width: 291px;' align='undefined' valign='undefined'&gt; Refugee advocates claim police used tear gas to quell a protest at the Christmas Island detention centre.&amp;nbsp;
&lt;/td&gt;
    &lt;/tr&gt;
  &lt;/tbody&gt;
&lt;/table&gt;</description>
                <styleUrl>#style7x93307</styleUrl>
                <Point>
                    <extrude xmlns:ns5="http://www.w3.org/2001/XMLSchema-instance" xmlns:ns6="http://www.w3.org/2001/XMLSchema" ns5:type="ns6:boolean">false</extrude>
                    <altitudeMode>clampToGround</altitudeMode>
                    <coordinates>151.217,-33.8833</coordinates>
                </Point>
            </Placemark>
            <Placemark>
                <name>G-Philippines</name>
                <visibility xmlns:ns5="http://www.w3.org/2001/XMLSchema-instance" xmlns:ns6="http://www.w3.org/2001/XMLSchema" ns5:type="ns6:boolean">true</visibility>
                <open xmlns:ns5="http://www.w3.org/2001/XMLSchema-instance" xmlns:ns6="http://www.w3.org/2001/XMLSchema" ns5:type="ns6:boolean">true</open>
                <address>Unit 1-D La Fuerza Plaza 1 Com,manila,Manila,Philippines</address>
                <description>&lt;table style='text-align: left; width: 480px; height: 240px;' border='1' border-color='gray' border-style='solid' cellpadding='2' cellspacing='2'&gt;
&lt;tbody&gt;
    &lt;tr style='font-weight: bold;'&gt;
		&lt;td style='height: 78px; width: 184px;' align='undefined' valign='undefined'&gt;&lt;span style='font-weight: normal;'&gt;&lt;img src='http:\\www.razient.com\Razient\iconsgi\customer.png'/&gt;&lt;/span&gt;&lt;/td&gt;
		&lt;td colspan='3' rowspan='1' style='height: 78px; width: 291px;' align='undefined' valign='undefined'&gt;Name: G-Philippines&amp;nbsp;&lt;br&gt; Address: Unit 1-D La Fuerza Plaza 1 Com - manila - Manila - Philippines&amp;nbsp;&lt;br&gt; Phone Number: &amp;nbsp;&lt;br&gt; Email: &amp;nbsp;&lt;br&gt; Primary Contact: &amp;nbsp;&lt;/td&gt;
    &lt;/tr&gt;
    &lt;tr&gt;
	   &lt;td colspan='3' rowspan='1' style='height: 0px; width: 291px;' align='undefined' valign='undefined'&gt;&amp;nbsp;&lt;/td&gt;
    &lt;/tr&gt;
  &lt;/tbody&gt;
&lt;/table&gt;</description>
                <styleUrl>#style0x70000</styleUrl>
                <Point>
                    <extrude xmlns:ns5="http://www.w3.org/2001/XMLSchema-instance" xmlns:ns6="http://www.w3.org/2001/XMLSchema" ns5:type="ns6:boolean">false</extrude>
                    <altitudeMode>clampToGround</altitudeMode>
                    <coordinates>120.96667,14.583333</coordinates>
                </Point>
            </Placemark>
            <Placemark>
                <name> Incident :  US, Hong Kong divers bodies found in Philippines</name>
                <visibility xmlns:ns5="http://www.w3.org/2001/XMLSchema-instance" xmlns:ns6="http://www.w3.org/2001/XMLSchema" ns5:type="ns6:boolean">true</visibility>
                <open xmlns:ns5="http://www.w3.org/2001/XMLSchema-instance" xmlns:ns6="http://www.w3.org/2001/XMLSchema" ns5:type="ns6:boolean">false</open>
                <description>&lt;table style='text-align: left; width: 480px; height: 240px;' border='1' border-color='gray' border-style='solid' cellpadding='2' cellspacing='2'&gt;
&lt;tbody&gt;
    &lt;tr style='font-weight: bold;'&gt;
		&lt;td style='height: 78px; width: 184px;' align='undefined' valign='undefined'&gt;&lt;span style='font-weight: normal;'&gt;&lt;img src='http:\\66.216.18.155\Razient\iconsgi\suppliers.gif'/&gt;&lt;/span&gt;&lt;/td&gt;
		&lt;td colspan='3' rowspan='1' style='height: 78px; width: 291px;' align='undefined' valign='undefined'&gt;G-Philippines&amp;nbsp;
Unit 1-D La Fuerza Plaza 1 Com&amp;nbsp;&lt;/td&gt;
    &lt;/tr&gt;
    &lt;tr&gt;
      &lt;td style='height: 0px; width: 184px; text-align: left;' valign='undefined'&gt;&lt;span style='font-weight: bold;'&gt;Summary:&lt;/span&gt;&lt;/td&gt;
	   &lt;td colspan='3' rowspan='1' style='height: 0px; width: 291px;' align='undefined' valign='undefined'&gt; US, Hong Kong divers bodies found in Philippines&amp;nbsp;&lt;/td&gt;
    &lt;/tr&gt;
    &lt;tr&gt;
      &lt;td style='width: 184px; height: 26px; font-weight: bold;' align='undefined' valign='undefined'&gt;Country&lt;/td&gt;
      &lt;td style='width: 292px; height: 26px;' align='undefined' valign='undefined'&gt;Philippines&amp;nbsp;&lt;/td&gt;
      &lt;td style='height: 26px; width: 184px; font-weight: bold;' align='undefined' valign='undefined'&gt;Severity	&lt;/td&gt;
      &lt;td style='height: 26px; width: 291px;' align='undefined' valign='undefined'&gt;Medium&amp;nbsp;&lt;/td&gt;
    &lt;/tr&gt;
    &lt;tr&gt;
      &lt;td style='width: 184px; height: 30px; font-weight: bold;' align='undefined' valign='undefined'&gt;State&lt;/td&gt;
      &lt;td style='width: 292px; height: 30px;' align='undefined' valign='undefined'&gt;Manila&amp;nbsp;
&lt;/td&gt;
      &lt;td style='height: 30px; width: 184px; font-weight: bold;' align='undefined' valign='undefined'&gt;Type&lt;/td&gt;
      &lt;td style='height: 30px; width: 291px;' align='undefined' valign='undefined'&gt;Bodies Found&amp;nbsp;&lt;/td&gt;
    &lt;/tr&gt;
    &lt;tr&gt;
      &lt;td style='width: 184px; height: 24px; font-weight: bold;' align='undefined' valign='undefined'&gt;City&lt;/td&gt;
      &lt;td style='width: 292px; height: 24px;' align='undefined' valign='undefined'&gt;manila&amp;nbsp;
&lt;/td&gt;
      &lt;td style='height: 24px; width: 184px; font-weight: bold;' align='undefined' valign='undefined'&gt;Date&lt;/td&gt;
      &lt;td style='height: 24px; width: 291px;' align='undefined' valign='undefined'&gt;2011-07-19&amp;nbsp;
&lt;/td&gt;
    &lt;/tr&gt;
    &lt;tr&gt;
      &lt;td style='width: 184px; height: 26px; font-weight: bold;' align='undefined' valign='undefined'&gt;Deaths&lt;/td&gt;
      &lt;td style='width: 292px; height: 26px;' align='undefined' valign='undefined'&gt;2&amp;nbsp;
&lt;/td&gt;
      &lt;td style='height: 26px; width: 184px; font-weight: bold;' align='undefined' valign='undefined'&gt;Url&lt;/td&gt;
      &lt;td style='height: 26px; width: 291px;' align='undefined' valign='undefined'&gt;&lt;A href=' http://www.google.com/hostednews/afp/article/ALeqM5iEO41StS3K7be8iEAaTmXNSY9TwQ?docId=CNG.7e4a598f9713cc3df378c520326d27b1.4a1'&gt;Link to News&amp;nbsp;&lt;/A&gt;
&lt;/td&gt;
    &lt;/tr&gt;
    &lt;tr&gt;
      &lt;td style='width: 184px; height: 90px; font-weight: bold;' align='undefined' valign='undefined'&gt;Description&lt;/td&gt;
      &lt;td colspan='3' rowspan='1' style='height: 90px; width: 291px;' align='undefined' valign='undefined'&gt; The bodies of a US diving instructor and a Hong Kong tourist who went missing while exploring an underwater World War II wreck in the Philippines have been recovered, police and rescuers said Tuesday.&amp;nbsp;
&lt;/td&gt;
    &lt;/tr&gt;
  &lt;/tbody&gt;
&lt;/table&gt;</description>
                <styleUrl>#style9999x9339999</styleUrl>
                <Point>
                    <extrude xmlns:ns5="http://www.w3.org/2001/XMLSchema-instance" xmlns:ns6="http://www.w3.org/2001/XMLSchema" ns5:type="ns6:boolean">false</extrude>
                    <altitudeMode>clampToGround</altitudeMode>
                    <coordinates>120.98649999999999,14.5997</coordinates>
                </Point>
            </Placemark>
            <Placemark>
                <name>G-United Kingdom</name>
                <visibility xmlns:ns5="http://www.w3.org/2001/XMLSchema-instance" xmlns:ns6="http://www.w3.org/2001/XMLSchema" ns5:type="ns6:boolean">true</visibility>
                <open xmlns:ns5="http://www.w3.org/2001/XMLSchema-instance" xmlns:ns6="http://www.w3.org/2001/XMLSchema" ns5:type="ns6:boolean">true</open>
                <address>No 1 Liverpool Street,London,London,United Kingdom</address>
                <description>&lt;table style='text-align: left; width: 480px; height: 240px;' border='1' border-color='gray' border-style='solid' cellpadding='2' cellspacing='2'&gt;
&lt;tbody&gt;
    &lt;tr style='font-weight: bold;'&gt;
		&lt;td style='height: 78px; width: 184px;' align='undefined' valign='undefined'&gt;&lt;span style='font-weight: normal;'&gt;&lt;img src='http:\\www.razient.com\Razient\iconsgi\customer.png'/&gt;&lt;/span&gt;&lt;/td&gt;
		&lt;td colspan='3' rowspan='1' style='height: 78px; width: 291px;' align='undefined' valign='undefined'&gt;Name: G-United Kingdom&amp;nbsp;&lt;br&gt; Address: No 1 Liverpool Street - London - London - United Kingdom&amp;nbsp;&lt;br&gt; Phone Number: &amp;nbsp;&lt;br&gt; Email: &amp;nbsp;&lt;br&gt; Primary Contact: &amp;nbsp;&lt;/td&gt;
    &lt;/tr&gt;
    &lt;tr&gt;
	   &lt;td colspan='3' rowspan='1' style='height: 0px; width: 291px;' align='undefined' valign='undefined'&gt;&amp;nbsp;&lt;/td&gt;
    &lt;/tr&gt;
  &lt;/tbody&gt;
&lt;/table&gt;</description>
                <styleUrl>#style0x70000</styleUrl>
                <Point>
                    <extrude xmlns:ns5="http://www.w3.org/2001/XMLSchema-instance" xmlns:ns6="http://www.w3.org/2001/XMLSchema" ns5:type="ns6:boolean">false</extrude>
                    <altitudeMode>clampToGround</altitudeMode>
                    <coordinates>-0.0837456,51.517666</coordinates>
                </Point>
            </Placemark>
            <Placemark>
                <name> Incident :  BBC programmes hit by strike</name>
                <visibility xmlns:ns5="http://www.w3.org/2001/XMLSchema-instance" xmlns:ns6="http://www.w3.org/2001/XMLSchema" ns5:type="ns6:boolean">true</visibility>
                <open xmlns:ns5="http://www.w3.org/2001/XMLSchema-instance" xmlns:ns6="http://www.w3.org/2001/XMLSchema" ns5:type="ns6:boolean">false</open>
                <description>&lt;table style='text-align: left; width: 480px; height: 240px;' border='1' border-color='gray' border-style='solid' cellpadding='2' cellspacing='2'&gt;
&lt;tbody&gt;
    &lt;tr style='font-weight: bold;'&gt;
		&lt;td style='height: 78px; width: 184px;' align='undefined' valign='undefined'&gt;&lt;span style='font-weight: normal;'&gt;&lt;img src='http:\\66.216.18.155\Razient\iconsgi\suppliers.gif'/&gt;&lt;/span&gt;&lt;/td&gt;
		&lt;td colspan='3' rowspan='1' style='height: 78px; width: 291px;' align='undefined' valign='undefined'&gt;G-United Kingdom&amp;nbsp;
No 1 Liverpool Street&amp;nbsp;&lt;/td&gt;
    &lt;/tr&gt;
    &lt;tr&gt;
      &lt;td style='height: 0px; width: 184px; text-align: left;' valign='undefined'&gt;&lt;span style='font-weight: bold;'&gt;Summary:&lt;/span&gt;&lt;/td&gt;
	   &lt;td colspan='3' rowspan='1' style='height: 0px; width: 291px;' align='undefined' valign='undefined'&gt; BBC programmes hit by strike&amp;nbsp;&lt;/td&gt;
    &lt;/tr&gt;
    &lt;tr&gt;
      &lt;td style='width: 184px; height: 26px; font-weight: bold;' align='undefined' valign='undefined'&gt;Country&lt;/td&gt;
      &lt;td style='width: 292px; height: 26px;' align='undefined' valign='undefined'&gt;United Kingdom&amp;nbsp;&lt;/td&gt;
      &lt;td style='height: 26px; width: 184px; font-weight: bold;' align='undefined' valign='undefined'&gt;Severity	&lt;/td&gt;
      &lt;td style='height: 26px; width: 291px;' align='undefined' valign='undefined'&gt;Low&amp;nbsp;&lt;/td&gt;
    &lt;/tr&gt;
    &lt;tr&gt;
      &lt;td style='width: 184px; height: 30px; font-weight: bold;' align='undefined' valign='undefined'&gt;State&lt;/td&gt;
      &lt;td style='width: 292px; height: 30px;' align='undefined' valign='undefined'&gt;London&amp;nbsp;
&lt;/td&gt;
      &lt;td style='height: 30px; width: 184px; font-weight: bold;' align='undefined' valign='undefined'&gt;Type&lt;/td&gt;
      &lt;td style='height: 30px; width: 291px;' align='undefined' valign='undefined'&gt;Strike&amp;nbsp;&lt;/td&gt;
    &lt;/tr&gt;
    &lt;tr&gt;
      &lt;td style='width: 184px; height: 24px; font-weight: bold;' align='undefined' valign='undefined'&gt;City&lt;/td&gt;
      &lt;td style='width: 292px; height: 24px;' align='undefined' valign='undefined'&gt;London&amp;nbsp;
&lt;/td&gt;
      &lt;td style='height: 24px; width: 184px; font-weight: bold;' align='undefined' valign='undefined'&gt;Date&lt;/td&gt;
      &lt;td style='height: 24px; width: 291px;' align='undefined' valign='undefined'&gt;2011-07-15&amp;nbsp;
&lt;/td&gt;
    &lt;/tr&gt;
    &lt;tr&gt;
      &lt;td style='width: 184px; height: 26px; font-weight: bold;' align='undefined' valign='undefined'&gt;Deaths&lt;/td&gt;
      &lt;td style='width: 292px; height: 26px;' align='undefined' valign='undefined'&gt;0&amp;nbsp;
&lt;/td&gt;
      &lt;td style='height: 26px; width: 184px; font-weight: bold;' align='undefined' valign='undefined'&gt;Url&lt;/td&gt;
      &lt;td style='height: 26px; width: 291px;' align='undefined' valign='undefined'&gt;&lt;A href=' http://www.independent.co.uk/news/media/tv-radio/bbc-programmes-hit-by-strike-2314196.html'&gt;Link to News&amp;nbsp;&lt;/A&gt;
&lt;/td&gt;
    &lt;/tr&gt;
    &lt;tr&gt;
      &lt;td style='width: 184px; height: 90px; font-weight: bold;' align='undefined' valign='undefined'&gt;Description&lt;/td&gt;
      &lt;td colspan='3' rowspan='1' style='height: 90px; width: 291px;' align='undefined' valign='undefined'&gt; BBC radio and TV programmes were hit by a journalists strike today, with fresh industrial action being planned in protest at compulsory redundancies.&amp;nbsp;
&lt;/td&gt;
    &lt;/tr&gt;
  &lt;/tbody&gt;
&lt;/table&gt;</description>
                <styleUrl>#style7x93307</styleUrl>
                <Point>
                    <extrude xmlns:ns5="http://www.w3.org/2001/XMLSchema-instance" xmlns:ns6="http://www.w3.org/2001/XMLSchema" ns5:type="ns6:boolean">false</extrude>
                    <altitudeMode>clampToGround</altitudeMode>
                    <coordinates>-0.112167,51.5045</coordinates>
                </Point>
            </Placemark>
            <Placemark>
                <name> Incident :  Quake Hits Central Japan, No Nuclear Reactor Problem Reported </name>
                <visibility xmlns:ns5="http://www.w3.org/2001/XMLSchema-instance" xmlns:ns6="http://www.w3.org/2001/XMLSchema" ns5:type="ns6:boolean">true</visibility>
                <open xmlns:ns5="http://www.w3.org/2001/XMLSchema-instance" xmlns:ns6="http://www.w3.org/2001/XMLSchema" ns5:type="ns6:boolean">false</open>
                <description>&lt;table style='text-align: left; width: 480px; height: 240px;' border='1' border-color='gray' border-style='solid' cellpadding='2' cellspacing='2'&gt;
&lt;tbody&gt;
    &lt;tr style='font-weight: bold;'&gt;
		&lt;td style='height: 78px; width: 184px;' align='undefined' valign='undefined'&gt;&lt;span style='font-weight: normal;'&gt;&lt;img src='http:\\66.216.18.155\Razient\iconsgi\suppliers.gif'/&gt;&lt;/span&gt;&lt;/td&gt;
		&lt;td colspan='3' rowspan='1' style='height: 78px; width: 291px;' align='undefined' valign='undefined'&gt;G-Japan&amp;nbsp;
5F 1-2-20 Higashi Shibuya-ku&amp;nbsp;&lt;/td&gt;
    &lt;/tr&gt;
    &lt;tr&gt;
      &lt;td style='height: 0px; width: 184px; text-align: left;' valign='undefined'&gt;&lt;span style='font-weight: bold;'&gt;Summary:&lt;/span&gt;&lt;/td&gt;
	   &lt;td colspan='3' rowspan='1' style='height: 0px; width: 291px;' align='undefined' valign='undefined'&gt; Quake Hits Central Japan, No Nuclear Reactor Problem Reported &amp;nbsp;&lt;/td&gt;
    &lt;/tr&gt;
    &lt;tr&gt;
      &lt;td style='width: 184px; height: 26px; font-weight: bold;' align='undefined' valign='undefined'&gt;Country&lt;/td&gt;
      &lt;td style='width: 292px; height: 26px;' align='undefined' valign='undefined'&gt;Japan&amp;nbsp;&lt;/td&gt;
      &lt;td style='height: 26px; width: 184px; font-weight: bold;' align='undefined' valign='undefined'&gt;Severity	&lt;/td&gt;
      &lt;td style='height: 26px; width: 291px;' align='undefined' valign='undefined'&gt;Medium&amp;nbsp;&lt;/td&gt;
    &lt;/tr&gt;
    &lt;tr&gt;
      &lt;td style='width: 184px; height: 30px; font-weight: bold;' align='undefined' valign='undefined'&gt;State&lt;/td&gt;
      &lt;td style='width: 292px; height: 30px;' align='undefined' valign='undefined'&gt;Tokyo&amp;nbsp;
&lt;/td&gt;
      &lt;td style='height: 30px; width: 184px; font-weight: bold;' align='undefined' valign='undefined'&gt;Type&lt;/td&gt;
      &lt;td style='height: 30px; width: 291px;' align='undefined' valign='undefined'&gt;Earthquake&amp;nbsp;&lt;/td&gt;
    &lt;/tr&gt;
    &lt;tr&gt;
      &lt;td style='width: 184px; height: 24px; font-weight: bold;' align='undefined' valign='undefined'&gt;City&lt;/td&gt;
      &lt;td style='width: 292px; height: 24px;' align='undefined' valign='undefined'&gt;Tokyo&amp;nbsp;
&lt;/td&gt;
      &lt;td style='height: 24px; width: 184px; font-weight: bold;' align='undefined' valign='undefined'&gt;Date&lt;/td&gt;
      &lt;td style='height: 24px; width: 291px;' align='undefined' valign='undefined'&gt;2011-07-15&amp;nbsp;
&lt;/td&gt;
    &lt;/tr&gt;
    &lt;tr&gt;
      &lt;td style='width: 184px; height: 26px; font-weight: bold;' align='undefined' valign='undefined'&gt;Deaths&lt;/td&gt;
      &lt;td style='width: 292px; height: 26px;' align='undefined' valign='undefined'&gt;0&amp;nbsp;
&lt;/td&gt;
      &lt;td style='height: 26px; width: 184px; font-weight: bold;' align='undefined' valign='undefined'&gt;Url&lt;/td&gt;
      &lt;td style='height: 26px; width: 291px;' align='undefined' valign='undefined'&gt;&lt;A href=' http://online.wsj.com/article/BT-CO-20110715-706763.html'&gt;Link to News&amp;nbsp;&lt;/A&gt;
&lt;/td&gt;
    &lt;/tr&gt;
    &lt;tr&gt;
      &lt;td style='width: 184px; height: 90px; font-weight: bold;' align='undefined' valign='undefined'&gt;Description&lt;/td&gt;
      &lt;td colspan='3' rowspan='1' style='height: 90px; width: 291px;' align='undefined' valign='undefined'&gt; A magnitude 5.5 earthquake hit the Kanto region in central Japan Friday night, shaking office buildings in central Tokyo and suspending the bullet train service&amp;nbsp;
&lt;/td&gt;
    &lt;/tr&gt;
  &lt;/tbody&gt;
&lt;/table&gt;</description>
                <styleUrl>#style17x93317</styleUrl>
                <Point>
                    <extrude xmlns:ns5="http://www.w3.org/2001/XMLSchema-instance" xmlns:ns6="http://www.w3.org/2001/XMLSchema" ns5:type="ns6:boolean">false</extrude>
                    <altitudeMode>clampToGround</altitudeMode>
                    <coordinates>139.751,35.685</coordinates>
                </Point>
            </Placemark>
            <Placemark>
                <name>G-Russia</name>
                <visibility xmlns:ns5="http://www.w3.org/2001/XMLSchema-instance" xmlns:ns6="http://www.w3.org/2001/XMLSchema" ns5:type="ns6:boolean">true</visibility>
                <open xmlns:ns5="http://www.w3.org/2001/XMLSchema-instance" xmlns:ns6="http://www.w3.org/2001/XMLSchema" ns5:type="ns6:boolean">true</open>
                <address>Alexandra Solzhenitsyna street,Moscow,Moscow City,Russian Federation</address>
                <description>&lt;table style='text-align: left; width: 480px; height: 240px;' border='1' border-color='gray' border-style='solid' cellpadding='2' cellspacing='2'&gt;
&lt;tbody&gt;
    &lt;tr style='font-weight: bold;'&gt;
		&lt;td style='height: 78px; width: 184px;' align='undefined' valign='undefined'&gt;&lt;span style='font-weight: normal;'&gt;&lt;img src='http:\\www.razient.com\Razient\iconsgi\customer.png'/&gt;&lt;/span&gt;&lt;/td&gt;
		&lt;td colspan='3' rowspan='1' style='height: 78px; width: 291px;' align='undefined' valign='undefined'&gt;Name: G-Russia&amp;nbsp;&lt;br&gt; Address: Alexandra Solzhenitsyna street - Moscow - Moscow City - Russian Federation&amp;nbsp;&lt;br&gt; Phone Number: &amp;nbsp;&lt;br&gt; Email: &amp;nbsp;&lt;br&gt; Primary Contact: &amp;nbsp;&lt;/td&gt;
    &lt;/tr&gt;
    &lt;tr&gt;
	   &lt;td colspan='3' rowspan='1' style='height: 0px; width: 291px;' align='undefined' valign='undefined'&gt;&amp;nbsp;&lt;/td&gt;
    &lt;/tr&gt;
  &lt;/tbody&gt;
&lt;/table&gt;</description>
                <styleUrl>#style0x70000</styleUrl>
                <Point>
                    <extrude xmlns:ns5="http://www.w3.org/2001/XMLSchema-instance" xmlns:ns6="http://www.w3.org/2001/XMLSchema" ns5:type="ns6:boolean">false</extrude>
                    <altitudeMode>clampToGround</altitudeMode>
                    <coordinates>37.617634,55.755787</coordinates>
                </Point>
            </Placemark>
            <Placemark>
                <name> Incident :  One Russian policeman dead, seven injured in Caucasus ambush</name>
                <visibility xmlns:ns5="http://www.w3.org/2001/XMLSchema-instance" xmlns:ns6="http://www.w3.org/2001/XMLSchema" ns5:type="ns6:boolean">true</visibility>
                <open xmlns:ns5="http://www.w3.org/2001/XMLSchema-instance" xmlns:ns6="http://www.w3.org/2001/XMLSchema" ns5:type="ns6:boolean">false</open>
                <description>&lt;table style='text-align: left; width: 480px; height: 240px;' border='1' border-color='gray' border-style='solid' cellpadding='2' cellspacing='2'&gt;
&lt;tbody&gt;
    &lt;tr style='font-weight: bold;'&gt;
		&lt;td style='height: 78px; width: 184px;' align='undefined' valign='undefined'&gt;&lt;span style='font-weight: normal;'&gt;&lt;img src='http:\\66.216.18.155\Razient\iconsgi\suppliers.gif'/&gt;&lt;/span&gt;&lt;/td&gt;
		&lt;td colspan='3' rowspan='1' style='height: 78px; width: 291px;' align='undefined' valign='undefined'&gt;G-Russia&amp;nbsp;
Alexandra Solzhenitsyna street&amp;nbsp;&lt;/td&gt;
    &lt;/tr&gt;
    &lt;tr&gt;
      &lt;td style='height: 0px; width: 184px; text-align: left;' valign='undefined'&gt;&lt;span style='font-weight: bold;'&gt;Summary:&lt;/span&gt;&lt;/td&gt;
	   &lt;td colspan='3' rowspan='1' style='height: 0px; width: 291px;' align='undefined' valign='undefined'&gt; One Russian policeman dead, seven injured in Caucasus ambush&amp;nbsp;&lt;/td&gt;
    &lt;/tr&gt;
    &lt;tr&gt;
      &lt;td style='width: 184px; height: 26px; font-weight: bold;' align='undefined' valign='undefined'&gt;Country&lt;/td&gt;
      &lt;td style='width: 292px; height: 26px;' align='undefined' valign='undefined'&gt;Russian Federation&amp;nbsp;&lt;/td&gt;
      &lt;td style='height: 26px; width: 184px; font-weight: bold;' align='undefined' valign='undefined'&gt;Severity	&lt;/td&gt;
      &lt;td style='height: 26px; width: 291px;' align='undefined' valign='undefined'&gt;High&amp;nbsp;&lt;/td&gt;
    &lt;/tr&gt;
    &lt;tr&gt;
      &lt;td style='width: 184px; height: 30px; font-weight: bold;' align='undefined' valign='undefined'&gt;State&lt;/td&gt;
      &lt;td style='width: 292px; height: 30px;' align='undefined' valign='undefined'&gt;Moscow City&amp;nbsp;
&lt;/td&gt;
      &lt;td style='height: 30px; width: 184px; font-weight: bold;' align='undefined' valign='undefined'&gt;Type&lt;/td&gt;
      &lt;td style='height: 30px; width: 291px;' align='undefined' valign='undefined'&gt;Ambush&amp;nbsp;&lt;/td&gt;
    &lt;/tr&gt;
    &lt;tr&gt;
      &lt;td style='width: 184px; height: 24px; font-weight: bold;' align='undefined' valign='undefined'&gt;City&lt;/td&gt;
      &lt;td style='width: 292px; height: 24px;' align='undefined' valign='undefined'&gt;Moscow&amp;nbsp;
&lt;/td&gt;
      &lt;td style='height: 24px; width: 184px; font-weight: bold;' align='undefined' valign='undefined'&gt;Date&lt;/td&gt;
      &lt;td style='height: 24px; width: 291px;' align='undefined' valign='undefined'&gt;2011-07-14&amp;nbsp;
&lt;/td&gt;
    &lt;/tr&gt;
    &lt;tr&gt;
      &lt;td style='width: 184px; height: 26px; font-weight: bold;' align='undefined' valign='undefined'&gt;Deaths&lt;/td&gt;
      &lt;td style='width: 292px; height: 26px;' align='undefined' valign='undefined'&gt;1&amp;nbsp;
&lt;/td&gt;
      &lt;td style='height: 26px; width: 184px; font-weight: bold;' align='undefined' valign='undefined'&gt;Url&lt;/td&gt;
      &lt;td style='height: 26px; width: 291px;' align='undefined' valign='undefined'&gt;&lt;A href=' http://www.monstersandcritics.com/news/europe/news/article_1651102.php/One-Russian-policeman-dead-seven-injured-in-Caucasus-ambush'&gt;Link to News&amp;nbsp;&lt;/A&gt;
&lt;/td&gt;
    &lt;/tr&gt;
    &lt;tr&gt;
      &lt;td style='width: 184px; height: 90px; font-weight: bold;' align='undefined' valign='undefined'&gt;Description&lt;/td&gt;
      &lt;td colspan='3' rowspan='1' style='height: 90px; width: 291px;' align='undefined' valign='undefined'&gt; One Russian policeman died and seven were injured in an ambush by insurgents fighting Kremlin rule of the Caucasus, the Interfax news agency reported Thursday. &amp;nbsp;
&lt;/td&gt;
    &lt;/tr&gt;
  &lt;/tbody&gt;
&lt;/table&gt;</description>
                <styleUrl>#style23x93323</styleUrl>
                <Point>
                    <extrude xmlns:ns5="http://www.w3.org/2001/XMLSchema-instance" xmlns:ns6="http://www.w3.org/2001/XMLSchema" ns5:type="ns6:boolean">false</extrude>
                    <altitudeMode>clampToGround</altitudeMode>
                    <coordinates>37.6201,55.7522</coordinates>
                </Point>
            </Placemark>
            <Placemark>
                <name>G-Indonesia</name>
                <visibility xmlns:ns5="http://www.w3.org/2001/XMLSchema-instance" xmlns:ns6="http://www.w3.org/2001/XMLSchema" ns5:type="ns6:boolean">true</visibility>
                <open xmlns:ns5="http://www.w3.org/2001/XMLSchema-instance" xmlns:ns6="http://www.w3.org/2001/XMLSchema" ns5:type="ns6:boolean">true</open>
                <address>Blok C1 Green Garden,Jakarta,Jawa Barat,Indonesia</address>
                <description>&lt;table style='text-align: left; width: 480px; height: 240px;' border='1' border-color='gray' border-style='solid' cellpadding='2' cellspacing='2'&gt;
&lt;tbody&gt;
    &lt;tr style='font-weight: bold;'&gt;
		&lt;td style='height: 78px; width: 184px;' align='undefined' valign='undefined'&gt;&lt;span style='font-weight: normal;'&gt;&lt;img src='http:\\www.razient.com\Razient\iconsgi\customer.png'/&gt;&lt;/span&gt;&lt;/td&gt;
		&lt;td colspan='3' rowspan='1' style='height: 78px; width: 291px;' align='undefined' valign='undefined'&gt;Name: G-Indonesia&amp;nbsp;&lt;br&gt; Address: Blok C1 Green Garden - Jakarta - Jawa Barat - Indonesia&amp;nbsp;&lt;br&gt; Phone Number: &amp;nbsp;&lt;br&gt; Email: &amp;nbsp;&lt;br&gt; Primary Contact: &amp;nbsp;&lt;/td&gt;
    &lt;/tr&gt;
    &lt;tr&gt;
	   &lt;td colspan='3' rowspan='1' style='height: 0px; width: 291px;' align='undefined' valign='undefined'&gt;&amp;nbsp;&lt;/td&gt;
    &lt;/tr&gt;
  &lt;/tbody&gt;
&lt;/table&gt;</description>
                <styleUrl>#style0x70000</styleUrl>
                <Point>
                    <extrude xmlns:ns5="http://www.w3.org/2001/XMLSchema-instance" xmlns:ns6="http://www.w3.org/2001/XMLSchema" ns5:type="ns6:boolean">false</extrude>
                    <altitudeMode>clampToGround</altitudeMode>
                    <coordinates>106.94632,-6.157293</coordinates>
                </Point>
            </Placemark>
            <Placemark>
                <name> Incident :  Explosion at Islamic school in Indonesia kills 1</name>
                <visibility xmlns:ns5="http://www.w3.org/2001/XMLSchema-instance" xmlns:ns6="http://www.w3.org/2001/XMLSchema" ns5:type="ns6:boolean">true</visibility>
                <open xmlns:ns5="http://www.w3.org/2001/XMLSchema-instance" xmlns:ns6="http://www.w3.org/2001/XMLSchema" ns5:type="ns6:boolean">false</open>
                <description>&lt;table style='text-align: left; width: 480px; height: 240px;' border='1' border-color='gray' border-style='solid' cellpadding='2' cellspacing='2'&gt;
&lt;tbody&gt;
    &lt;tr style='font-weight: bold;'&gt;
		&lt;td style='height: 78px; width: 184px;' align='undefined' valign='undefined'&gt;&lt;span style='font-weight: normal;'&gt;&lt;img src='http:\\66.216.18.155\Razient\iconsgi\suppliers.gif'/&gt;&lt;/span&gt;&lt;/td&gt;
		&lt;td colspan='3' rowspan='1' style='height: 78px; width: 291px;' align='undefined' valign='undefined'&gt;G-Indonesia&amp;nbsp;
Blok C1 Green Garden&amp;nbsp;&lt;/td&gt;
    &lt;/tr&gt;
    &lt;tr&gt;
      &lt;td style='height: 0px; width: 184px; text-align: left;' valign='undefined'&gt;&lt;span style='font-weight: bold;'&gt;Summary:&lt;/span&gt;&lt;/td&gt;
	   &lt;td colspan='3' rowspan='1' style='height: 0px; width: 291px;' align='undefined' valign='undefined'&gt; Explosion at Islamic school in Indonesia kills 1&amp;nbsp;&lt;/td&gt;
    &lt;/tr&gt;
    &lt;tr&gt;
      &lt;td style='width: 184px; height: 26px; font-weight: bold;' align='undefined' valign='undefined'&gt;Country&lt;/td&gt;
      &lt;td style='width: 292px; height: 26px;' align='undefined' valign='undefined'&gt;Indonesia&amp;nbsp;&lt;/td&gt;
      &lt;td style='height: 26px; width: 184px; font-weight: bold;' align='undefined' valign='undefined'&gt;Severity	&lt;/td&gt;
      &lt;td style='height: 26px; width: 291px;' align='undefined' valign='undefined'&gt;High&amp;nbsp;&lt;/td&gt;
    &lt;/tr&gt;
    &lt;tr&gt;
      &lt;td style='width: 184px; height: 30px; font-weight: bold;' align='undefined' valign='undefined'&gt;State&lt;/td&gt;
      &lt;td style='width: 292px; height: 30px;' align='undefined' valign='undefined'&gt;Jawa Barat&amp;nbsp;
&lt;/td&gt;
      &lt;td style='height: 30px; width: 184px; font-weight: bold;' align='undefined' valign='undefined'&gt;Type&lt;/td&gt;
      &lt;td style='height: 30px; width: 291px;' align='undefined' valign='undefined'&gt;Explosion&amp;nbsp;&lt;/td&gt;
    &lt;/tr&gt;
    &lt;tr&gt;
      &lt;td style='width: 184px; height: 24px; font-weight: bold;' align='undefined' valign='undefined'&gt;City&lt;/td&gt;
      &lt;td style='width: 292px; height: 24px;' align='undefined' valign='undefined'&gt;Jakarta&amp;nbsp;
&lt;/td&gt;
      &lt;td style='height: 24px; width: 184px; font-weight: bold;' align='undefined' valign='undefined'&gt;Date&lt;/td&gt;
      &lt;td style='height: 24px; width: 291px;' align='undefined' valign='undefined'&gt;2011-07-12&amp;nbsp;
&lt;/td&gt;
    &lt;/tr&gt;
    &lt;tr&gt;
      &lt;td style='width: 184px; height: 26px; font-weight: bold;' align='undefined' valign='undefined'&gt;Deaths&lt;/td&gt;
      &lt;td style='width: 292px; height: 26px;' align='undefined' valign='undefined'&gt;1&amp;nbsp;
&lt;/td&gt;
      &lt;td style='height: 26px; width: 184px; font-weight: bold;' align='undefined' valign='undefined'&gt;Url&lt;/td&gt;
      &lt;td style='height: 26px; width: 291px;' align='undefined' valign='undefined'&gt;&lt;A href=' http://www.google.com/hostednews/ap/article/ALeqM5gE_R0bwwYKhoJQoC3Zy9UrsSxy8g?docId=ec0561c37d134d2181d60bf3588daee0'&gt;Link to News&amp;nbsp;&lt;/A&gt;
&lt;/td&gt;
    &lt;/tr&gt;
    &lt;tr&gt;
      &lt;td style='width: 184px; height: 90px; font-weight: bold;' align='undefined' valign='undefined'&gt;Description&lt;/td&gt;
      &lt;td colspan='3' rowspan='1' style='height: 90px; width: 291px;' align='undefined' valign='undefined'&gt; A man reportedly trying to show students how to make explosives was killed by a homemade bomb inside an Islamic boarding school in Indonesia, police said Tuesday.&amp;nbsp;
&lt;/td&gt;
    &lt;/tr&gt;
  &lt;/tbody&gt;
&lt;/table&gt;</description>
                <styleUrl>#style2x93302</styleUrl>
                <Point>
                    <extrude xmlns:ns5="http://www.w3.org/2001/XMLSchema-instance" xmlns:ns6="http://www.w3.org/2001/XMLSchema" ns5:type="ns6:boolean">false</extrude>
                    <altitudeMode>clampToGround</altitudeMode>
                    <coordinates>106.829,-6.17444</coordinates>
                </Point>
            </Placemark>
            <Placemark>
                <name>Headquarters</name>
                <visibility xmlns:ns5="http://www.w3.org/2001/XMLSchema-instance" xmlns:ns6="http://www.w3.org/2001/XMLSchema" ns5:type="ns6:boolean">true</visibility>
                <open xmlns:ns5="http://www.w3.org/2001/XMLSchema-instance" xmlns:ns6="http://www.w3.org/2001/XMLSchema" ns5:type="ns6:boolean">true</open>
                <address>600 W Chicago Ave #600,Chicago,Illinois,United States</address>
                <description>&lt;table style='text-align: left; width: 480px; height: 240px;' border='1' border-color='gray' border-style='solid' cellpadding='2' cellspacing='2'&gt;
&lt;tbody&gt;
    &lt;tr style='font-weight: bold;'&gt;
		&lt;td style='height: 78px; width: 184px;' align='undefined' valign='undefined'&gt;&lt;span style='font-weight: normal;'&gt;&lt;img src='http:\\www.razient.com\Razient\iconsgi\customer.png'/&gt;&lt;/span&gt;&lt;/td&gt;
		&lt;td colspan='3' rowspan='1' style='height: 78px; width: 291px;' align='undefined' valign='undefined'&gt;Name: Headquarters&amp;nbsp;&lt;br&gt; Address: 600 W Chicago Ave #600 - Chicago - Illinois - United States&amp;nbsp;&lt;br&gt; Phone Number: &amp;nbsp;&lt;br&gt; Email: &amp;nbsp;&lt;br&gt; Primary Contact: &amp;nbsp;&lt;/td&gt;
    &lt;/tr&gt;
    &lt;tr&gt;
	   &lt;td colspan='3' rowspan='1' style='height: 0px; width: 291px;' align='undefined' valign='undefined'&gt;&amp;nbsp;&lt;/td&gt;
    &lt;/tr&gt;
  &lt;/tbody&gt;
&lt;/table&gt;</description>
                <styleUrl>#style0x70000</styleUrl>
                <Point>
                    <extrude xmlns:ns5="http://www.w3.org/2001/XMLSchema-instance" xmlns:ns6="http://www.w3.org/2001/XMLSchema" ns5:type="ns6:boolean">false</extrude>
                    <altitudeMode>clampToGround</altitudeMode>
                    <coordinates>-87.64308,41.897316</coordinates>
                </Point>
            </Placemark>
            <Placemark>
                <name> Incident :  Storm Leaves 860,000 Without Power Restoration May Take Several Days</name>
                <visibility xmlns:ns5="http://www.w3.org/2001/XMLSchema-instance" xmlns:ns6="http://www.w3.org/2001/XMLSchema" ns5:type="ns6:boolean">true</visibility>
                <open xmlns:ns5="http://www.w3.org/2001/XMLSchema-instance" xmlns:ns6="http://www.w3.org/2001/XMLSchema" ns5:type="ns6:boolean">false</open>
                <description>&lt;table style='text-align: left; width: 480px; height: 240px;' border='1' border-color='gray' border-style='solid' cellpadding='2' cellspacing='2'&gt;
&lt;tbody&gt;
    &lt;tr style='font-weight: bold;'&gt;
		&lt;td style='height: 78px; width: 184px;' align='undefined' valign='undefined'&gt;&lt;span style='font-weight: normal;'&gt;&lt;img src='http:\\66.216.18.155\Razient\iconsgi\suppliers.gif'/&gt;&lt;/span&gt;&lt;/td&gt;
		&lt;td colspan='3' rowspan='1' style='height: 78px; width: 291px;' align='undefined' valign='undefined'&gt;Headquarters&amp;nbsp;
600 W Chicago Ave #600&amp;nbsp;&lt;/td&gt;
    &lt;/tr&gt;
    &lt;tr&gt;
      &lt;td style='height: 0px; width: 184px; text-align: left;' valign='undefined'&gt;&lt;span style='font-weight: bold;'&gt;Summary:&lt;/span&gt;&lt;/td&gt;
	   &lt;td colspan='3' rowspan='1' style='height: 0px; width: 291px;' align='undefined' valign='undefined'&gt; Storm Leaves 860,000 Without Power Restoration May Take Several Days&amp;nbsp;&lt;/td&gt;
    &lt;/tr&gt;
    &lt;tr&gt;
      &lt;td style='width: 184px; height: 26px; font-weight: bold;' align='undefined' valign='undefined'&gt;Country&lt;/td&gt;
      &lt;td style='width: 292px; height: 26px;' align='undefined' valign='undefined'&gt;United States&amp;nbsp;&lt;/td&gt;
      &lt;td style='height: 26px; width: 184px; font-weight: bold;' align='undefined' valign='undefined'&gt;Severity	&lt;/td&gt;
      &lt;td style='height: 26px; width: 291px;' align='undefined' valign='undefined'&gt;High&amp;nbsp;&lt;/td&gt;
    &lt;/tr&gt;
    &lt;tr&gt;
      &lt;td style='width: 184px; height: 30px; font-weight: bold;' align='undefined' valign='undefined'&gt;State&lt;/td&gt;
      &lt;td style='width: 292px; height: 30px;' align='undefined' valign='undefined'&gt;Illinois&amp;nbsp;
&lt;/td&gt;
      &lt;td style='height: 30px; width: 184px; font-weight: bold;' align='undefined' valign='undefined'&gt;Type&lt;/td&gt;
      &lt;td style='height: 30px; width: 291px;' align='undefined' valign='undefined'&gt;Power Outage&amp;nbsp;&lt;/td&gt;
    &lt;/tr&gt;
    &lt;tr&gt;
      &lt;td style='width: 184px; height: 24px; font-weight: bold;' align='undefined' valign='undefined'&gt;City&lt;/td&gt;
      &lt;td style='width: 292px; height: 24px;' align='undefined' valign='undefined'&gt;Chicago&amp;nbsp;
&lt;/td&gt;
      &lt;td style='height: 24px; width: 184px; font-weight: bold;' align='undefined' valign='undefined'&gt;Date&lt;/td&gt;
      &lt;td style='height: 24px; width: 291px;' align='undefined' valign='undefined'&gt;2011-07-12&amp;nbsp;
&lt;/td&gt;
    &lt;/tr&gt;
    &lt;tr&gt;
      &lt;td style='width: 184px; height: 26px; font-weight: bold;' align='undefined' valign='undefined'&gt;Deaths&lt;/td&gt;
      &lt;td style='width: 292px; height: 26px;' align='undefined' valign='undefined'&gt;0&amp;nbsp;
&lt;/td&gt;
      &lt;td style='height: 26px; width: 184px; font-weight: bold;' align='undefined' valign='undefined'&gt;Url&lt;/td&gt;
      &lt;td style='height: 26px; width: 291px;' align='undefined' valign='undefined'&gt;&lt;A href=' http://www.christianpost.com/news/storm-leaves-860000-without-power-restoration-may-take-several-days-52185/'&gt;Link to News&amp;nbsp;&lt;/A&gt;
&lt;/td&gt;
    &lt;/tr&gt;
    &lt;tr&gt;
      &lt;td style='width: 184px; height: 90px; font-weight: bold;' align='undefined' valign='undefined'&gt;Description&lt;/td&gt;
      &lt;td colspan='3' rowspan='1' style='height: 90px; width: 291px;' align='undefined' valign='undefined'&gt; As of midday Tuesday, approximately 358,000 customers remained without power&amp;nbsp;
&lt;/td&gt;
    &lt;/tr&gt;
  &lt;/tbody&gt;
&lt;/table&gt;</description>
                <styleUrl>#style25x93325</styleUrl>
                <Point>
                    <extrude xmlns:ns5="http://www.w3.org/2001/XMLSchema-instance" xmlns:ns6="http://www.w3.org/2001/XMLSchema" ns5:type="ns6:boolean">false</extrude>
                    <altitudeMode>clampToGround</altitudeMode>
                    <coordinates>-87.65,41.8545</coordinates>
                </Point>
            </Placemark>
            <Placemark>
                <name>G-United Kingdom</name>
                <visibility xmlns:ns5="http://www.w3.org/2001/XMLSchema-instance" xmlns:ns6="http://www.w3.org/2001/XMLSchema" ns5:type="ns6:boolean">true</visibility>
                <open xmlns:ns5="http://www.w3.org/2001/XMLSchema-instance" xmlns:ns6="http://www.w3.org/2001/XMLSchema" ns5:type="ns6:boolean">true</open>
                <address>No 1 Liverpool Street,London,London,United Kingdom</address>
                <description>&lt;table style='text-align: left; width: 480px; height: 240px;' border='1' border-color='gray' border-style='solid' cellpadding='2' cellspacing='2'&gt;
&lt;tbody&gt;
    &lt;tr style='font-weight: bold;'&gt;
		&lt;td style='height: 78px; width: 184px;' align='undefined' valign='undefined'&gt;&lt;span style='font-weight: normal;'&gt;&lt;img src='http:\\www.razient.com\Razient\iconsgi\customer.png'/&gt;&lt;/span&gt;&lt;/td&gt;
		&lt;td colspan='3' rowspan='1' style='height: 78px; width: 291px;' align='undefined' valign='undefined'&gt;Name: G-United Kingdom&amp;nbsp;&lt;br&gt; Address: No 1 Liverpool Street - London - London - United Kingdom&amp;nbsp;&lt;br&gt; Phone Number: &amp;nbsp;&lt;br&gt; Email: &amp;nbsp;&lt;br&gt; Primary Contact: &amp;nbsp;&lt;/td&gt;
    &lt;/tr&gt;
    &lt;tr&gt;
	   &lt;td colspan='3' rowspan='1' style='height: 0px; width: 291px;' align='undefined' valign='undefined'&gt;&amp;nbsp;&lt;/td&gt;
    &lt;/tr&gt;
  &lt;/tbody&gt;
&lt;/table&gt;</description>
                <styleUrl>#style0x70000</styleUrl>
                <Point>
                    <extrude xmlns:ns5="http://www.w3.org/2001/XMLSchema-instance" xmlns:ns6="http://www.w3.org/2001/XMLSchema" ns5:type="ns6:boolean">false</extrude>
                    <altitudeMode>clampToGround</altitudeMode>
                    <coordinates>-0.0837456,51.517666</coordinates>
                </Point>
            </Placemark>
            <Placemark>
                <name> Incident :  Person hit by train</name>
                <visibility xmlns:ns5="http://www.w3.org/2001/XMLSchema-instance" xmlns:ns6="http://www.w3.org/2001/XMLSchema" ns5:type="ns6:boolean">true</visibility>
                <open xmlns:ns5="http://www.w3.org/2001/XMLSchema-instance" xmlns:ns6="http://www.w3.org/2001/XMLSchema" ns5:type="ns6:boolean">false</open>
                <description>&lt;table style='text-align: left; width: 480px; height: 240px;' border='1' border-color='gray' border-style='solid' cellpadding='2' cellspacing='2'&gt;
&lt;tbody&gt;
    &lt;tr style='font-weight: bold;'&gt;
		&lt;td style='height: 78px; width: 184px;' align='undefined' valign='undefined'&gt;&lt;span style='font-weight: normal;'&gt;&lt;img src='http:\\66.216.18.155\Razient\iconsgi\suppliers.gif'/&gt;&lt;/span&gt;&lt;/td&gt;
		&lt;td colspan='3' rowspan='1' style='height: 78px; width: 291px;' align='undefined' valign='undefined'&gt;G-United Kingdom&amp;nbsp;
No 1 Liverpool Street&amp;nbsp;&lt;/td&gt;
    &lt;/tr&gt;
    &lt;tr&gt;
      &lt;td style='height: 0px; width: 184px; text-align: left;' valign='undefined'&gt;&lt;span style='font-weight: bold;'&gt;Summary:&lt;/span&gt;&lt;/td&gt;
	   &lt;td colspan='3' rowspan='1' style='height: 0px; width: 291px;' align='undefined' valign='undefined'&gt; Person hit by train&amp;nbsp;&lt;/td&gt;
    &lt;/tr&gt;
    &lt;tr&gt;
      &lt;td style='width: 184px; height: 26px; font-weight: bold;' align='undefined' valign='undefined'&gt;Country&lt;/td&gt;
      &lt;td style='width: 292px; height: 26px;' align='undefined' valign='undefined'&gt;United Kingdom&amp;nbsp;&lt;/td&gt;
      &lt;td style='height: 26px; width: 184px; font-weight: bold;' align='undefined' valign='undefined'&gt;Severity	&lt;/td&gt;
      &lt;td style='height: 26px; width: 291px;' align='undefined' valign='undefined'&gt;Low&amp;nbsp;&lt;/td&gt;
    &lt;/tr&gt;
    &lt;tr&gt;
      &lt;td style='width: 184px; height: 30px; font-weight: bold;' align='undefined' valign='undefined'&gt;State&lt;/td&gt;
      &lt;td style='width: 292px; height: 30px;' align='undefined' valign='undefined'&gt;London&amp;nbsp;
&lt;/td&gt;
      &lt;td style='height: 30px; width: 184px; font-weight: bold;' align='undefined' valign='undefined'&gt;Type&lt;/td&gt;
      &lt;td style='height: 30px; width: 291px;' align='undefined' valign='undefined'&gt;Train Disruption&amp;nbsp;&lt;/td&gt;
    &lt;/tr&gt;
    &lt;tr&gt;
      &lt;td style='width: 184px; height: 24px; font-weight: bold;' align='undefined' valign='undefined'&gt;City&lt;/td&gt;
      &lt;td style='width: 292px; height: 24px;' align='undefined' valign='undefined'&gt;London&amp;nbsp;
&lt;/td&gt;
      &lt;td style='height: 24px; width: 184px; font-weight: bold;' align='undefined' valign='undefined'&gt;Date&lt;/td&gt;
      &lt;td style='height: 24px; width: 291px;' align='undefined' valign='undefined'&gt;2011-07-11&amp;nbsp;
&lt;/td&gt;
    &lt;/tr&gt;
    &lt;tr&gt;
      &lt;td style='width: 184px; height: 26px; font-weight: bold;' align='undefined' valign='undefined'&gt;Deaths&lt;/td&gt;
      &lt;td style='width: 292px; height: 26px;' align='undefined' valign='undefined'&gt;0&amp;nbsp;
&lt;/td&gt;
      &lt;td style='height: 26px; width: 184px; font-weight: bold;' align='undefined' valign='undefined'&gt;Url&lt;/td&gt;
      &lt;td style='height: 26px; width: 291px;' align='undefined' valign='undefined'&gt;&lt;A href=' http://www.redditchstandard.co.uk/story-Person-hit-by-train-46974.html'&gt;Link to News&amp;nbsp;&lt;/A&gt;
&lt;/td&gt;
    &lt;/tr&gt;
    &lt;tr&gt;
      &lt;td style='width: 184px; height: 90px; font-weight: bold;' align='undefined' valign='undefined'&gt;Description&lt;/td&gt;
      &lt;td colspan='3' rowspan='1' style='height: 90px; width: 291px;' align='undefined' valign='undefined'&gt; DISRUPTION is expected to railway services from Redditch this evening Monday after a person was hit by a train on the line. London Midland are warning passengers to expect alterations, cancellations and delays.&#xD;
&amp;nbsp;
&lt;/td&gt;
    &lt;/tr&gt;
  &lt;/tbody&gt;
&lt;/table&gt;</description>
                <styleUrl>#style4x93304</styleUrl>
                <Point>
                    <extrude xmlns:ns5="http://www.w3.org/2001/XMLSchema-instance" xmlns:ns6="http://www.w3.org/2001/XMLSchema" ns5:type="ns6:boolean">false</extrude>
                    <altitudeMode>clampToGround</altitudeMode>
                    <coordinates>-0.112167,51.5</coordinates>
                </Point>
            </Placemark>
            <Placemark>
                <name>G-Chile</name>
                <visibility xmlns:ns5="http://www.w3.org/2001/XMLSchema-instance" xmlns:ns6="http://www.w3.org/2001/XMLSchema" ns5:type="ns6:boolean">true</visibility>
                <open xmlns:ns5="http://www.w3.org/2001/XMLSchema-instance" xmlns:ns6="http://www.w3.org/2001/XMLSchema" ns5:type="ns6:boolean">true</open>
                <address>Calle Abdon Somoza,Santiago,Region Metropolitana,Chile</address>
                <description>&lt;table style='text-align: left; width: 480px; height: 240px;' border='1' border-color='gray' border-style='solid' cellpadding='2' cellspacing='2'&gt;
&lt;tbody&gt;
    &lt;tr style='font-weight: bold;'&gt;
		&lt;td style='height: 78px; width: 184px;' align='undefined' valign='undefined'&gt;&lt;span style='font-weight: normal;'&gt;&lt;img src='http:\\www.razient.com\Razient\iconsgi\customer.png'/&gt;&lt;/span&gt;&lt;/td&gt;
		&lt;td colspan='3' rowspan='1' style='height: 78px; width: 291px;' align='undefined' valign='undefined'&gt;Name: G-Chile&amp;nbsp;&lt;br&gt; Address: Calle Abdon Somoza - Santiago - Region Metropolitana - Chile&amp;nbsp;&lt;br&gt; Phone Number: &amp;nbsp;&lt;br&gt; Email: &amp;nbsp;&lt;br&gt; Primary Contact: &amp;nbsp;&lt;/td&gt;
    &lt;/tr&gt;
    &lt;tr&gt;
	   &lt;td colspan='3' rowspan='1' style='height: 0px; width: 291px;' align='undefined' valign='undefined'&gt;&amp;nbsp;&lt;/td&gt;
    &lt;/tr&gt;
  &lt;/tbody&gt;
&lt;/table&gt;</description>
                <styleUrl>#style0x70000</styleUrl>
                <Point>
                    <extrude xmlns:ns5="http://www.w3.org/2001/XMLSchema-instance" xmlns:ns6="http://www.w3.org/2001/XMLSchema" ns5:type="ns6:boolean">false</extrude>
                    <altitudeMode>clampToGround</altitudeMode>
                    <coordinates>-70.57195,-33.45178</coordinates>
                </Point>
            </Placemark>
            <Placemark>
                <name> Incident :  Workers strike at worlds largest copper mine company </name>
                <visibility xmlns:ns5="http://www.w3.org/2001/XMLSchema-instance" xmlns:ns6="http://www.w3.org/2001/XMLSchema" ns5:type="ns6:boolean">true</visibility>
                <open xmlns:ns5="http://www.w3.org/2001/XMLSchema-instance" xmlns:ns6="http://www.w3.org/2001/XMLSchema" ns5:type="ns6:boolean">false</open>
                <description>&lt;table style='text-align: left; width: 480px; height: 240px;' border='1' border-color='gray' border-style='solid' cellpadding='2' cellspacing='2'&gt;
&lt;tbody&gt;
    &lt;tr style='font-weight: bold;'&gt;
		&lt;td style='height: 78px; width: 184px;' align='undefined' valign='undefined'&gt;&lt;span style='font-weight: normal;'&gt;&lt;img src='http:\\66.216.18.155\Razient\iconsgi\suppliers.gif'/&gt;&lt;/span&gt;&lt;/td&gt;
		&lt;td colspan='3' rowspan='1' style='height: 78px; width: 291px;' align='undefined' valign='undefined'&gt;G-Chile&amp;nbsp;
Calle Abdon Somoza&amp;nbsp;&lt;/td&gt;
    &lt;/tr&gt;
    &lt;tr&gt;
      &lt;td style='height: 0px; width: 184px; text-align: left;' valign='undefined'&gt;&lt;span style='font-weight: bold;'&gt;Summary:&lt;/span&gt;&lt;/td&gt;
	   &lt;td colspan='3' rowspan='1' style='height: 0px; width: 291px;' align='undefined' valign='undefined'&gt; Workers strike at worlds largest copper mine company &amp;nbsp;&lt;/td&gt;
    &lt;/tr&gt;
    &lt;tr&gt;
      &lt;td style='width: 184px; height: 26px; font-weight: bold;' align='undefined' valign='undefined'&gt;Country&lt;/td&gt;
      &lt;td style='width: 292px; height: 26px;' align='undefined' valign='undefined'&gt;Chile&amp;nbsp;&lt;/td&gt;
      &lt;td style='height: 26px; width: 184px; font-weight: bold;' align='undefined' valign='undefined'&gt;Severity	&lt;/td&gt;
      &lt;td style='height: 26px; width: 291px;' align='undefined' valign='undefined'&gt;Medium&amp;nbsp;&lt;/td&gt;
    &lt;/tr&gt;
    &lt;tr&gt;
      &lt;td style='width: 184px; height: 30px; font-weight: bold;' align='undefined' valign='undefined'&gt;State&lt;/td&gt;
      &lt;td style='width: 292px; height: 30px;' align='undefined' valign='undefined'&gt;Region Metropolitana&amp;nbsp;
&lt;/td&gt;
      &lt;td style='height: 30px; width: 184px; font-weight: bold;' align='undefined' valign='undefined'&gt;Type&lt;/td&gt;
      &lt;td style='height: 30px; width: 291px;' align='undefined' valign='undefined'&gt;Strike&amp;nbsp;&lt;/td&gt;
    &lt;/tr&gt;
    &lt;tr&gt;
      &lt;td style='width: 184px; height: 24px; font-weight: bold;' align='undefined' valign='undefined'&gt;City&lt;/td&gt;
      &lt;td style='width: 292px; height: 24px;' align='undefined' valign='undefined'&gt;Santiago&amp;nbsp;
&lt;/td&gt;
      &lt;td style='height: 24px; width: 184px; font-weight: bold;' align='undefined' valign='undefined'&gt;Date&lt;/td&gt;
      &lt;td style='height: 24px; width: 291px;' align='undefined' valign='undefined'&gt;2011-07-11&amp;nbsp;
&lt;/td&gt;
    &lt;/tr&gt;
    &lt;tr&gt;
      &lt;td style='width: 184px; height: 26px; font-weight: bold;' align='undefined' valign='undefined'&gt;Deaths&lt;/td&gt;
      &lt;td style='width: 292px; height: 26px;' align='undefined' valign='undefined'&gt;0&amp;nbsp;
&lt;/td&gt;
      &lt;td style='height: 26px; width: 184px; font-weight: bold;' align='undefined' valign='undefined'&gt;Url&lt;/td&gt;
      &lt;td style='height: 26px; width: 291px;' align='undefined' valign='undefined'&gt;&lt;A href=' http://www.thenews.com.pk/NewsDetail.aspx?ID=18573'&gt;Link to News&amp;nbsp;&lt;/A&gt;
&lt;/td&gt;
    &lt;/tr&gt;
    &lt;tr&gt;
      &lt;td style='width: 184px; height: 90px; font-weight: bold;' align='undefined' valign='undefined'&gt;Description&lt;/td&gt;
      &lt;td colspan='3' rowspan='1' style='height: 90px; width: 291px;' align='undefined' valign='undefined'&gt; Riot police used water canons and tear gas on thousands of protesters marching in Santiago in support of copper miners who are striking across the country.Riot police turned their water canons and canisters of tear gas on thousands of Chilean miners and their supporters who were marching in Santiago on Monday night&amp;nbsp;
&lt;/td&gt;
    &lt;/tr&gt;
  &lt;/tbody&gt;
&lt;/table&gt;</description>
                <styleUrl>#style7x93307</styleUrl>
                <Point>
                    <extrude xmlns:ns5="http://www.w3.org/2001/XMLSchema-instance" xmlns:ns6="http://www.w3.org/2001/XMLSchema" ns5:type="ns6:boolean">false</extrude>
                    <altitudeMode>clampToGround</altitudeMode>
                    <coordinates>-70.66220000000001,-33.4455</coordinates>
                </Point>
            </Placemark>
            <Placemark>
                <name>G-Russia</name>
                <visibility xmlns:ns5="http://www.w3.org/2001/XMLSchema-instance" xmlns:ns6="http://www.w3.org/2001/XMLSchema" ns5:type="ns6:boolean">true</visibility>
                <open xmlns:ns5="http://www.w3.org/2001/XMLSchema-instance" xmlns:ns6="http://www.w3.org/2001/XMLSchema" ns5:type="ns6:boolean">true</open>
                <address>Alexandra Solzhenitsyna street,Moscow,Moscow City,Russian Federation</address>
                <description>&lt;table style='text-align: left; width: 480px; height: 240px;' border='1' border-color='gray' border-style='solid' cellpadding='2' cellspacing='2'&gt;
&lt;tbody&gt;
    &lt;tr style='font-weight: bold;'&gt;
		&lt;td style='height: 78px; width: 184px;' align='undefined' valign='undefined'&gt;&lt;span style='font-weight: normal;'&gt;&lt;img src='http:\\www.razient.com\Razient\iconsgi\customer.png'/&gt;&lt;/span&gt;&lt;/td&gt;
		&lt;td colspan='3' rowspan='1' style='height: 78px; width: 291px;' align='undefined' valign='undefined'&gt;Name: G-Russia&amp;nbsp;&lt;br&gt; Address: Alexandra Solzhenitsyna street - Moscow - Moscow City - Russian Federation&amp;nbsp;&lt;br&gt; Phone Number: &amp;nbsp;&lt;br&gt; Email: &amp;nbsp;&lt;br&gt; Primary Contact: &amp;nbsp;&lt;/td&gt;
    &lt;/tr&gt;
    &lt;tr&gt;
	   &lt;td colspan='3' rowspan='1' style='height: 0px; width: 291px;' align='undefined' valign='undefined'&gt;&amp;nbsp;&lt;/td&gt;
    &lt;/tr&gt;
  &lt;/tbody&gt;
&lt;/table&gt;</description>
                <styleUrl>#style0x70000</styleUrl>
                <Point>
                    <extrude xmlns:ns5="http://www.w3.org/2001/XMLSchema-instance" xmlns:ns6="http://www.w3.org/2001/XMLSchema" ns5:type="ns6:boolean">false</extrude>
                    <altitudeMode>clampToGround</altitudeMode>
                    <coordinates>37.617634,55.755787</coordinates>
                </Point>
            </Placemark>
            <Placemark>
                <name> Incident : 100 Dead, Many Children, in Boat Sinking in Russia</name>
                <visibility xmlns:ns5="http://www.w3.org/2001/XMLSchema-instance" xmlns:ns6="http://www.w3.org/2001/XMLSchema" ns5:type="ns6:boolean">true</visibility>
                <open xmlns:ns5="http://www.w3.org/2001/XMLSchema-instance" xmlns:ns6="http://www.w3.org/2001/XMLSchema" ns5:type="ns6:boolean">false</open>
                <description>&lt;table style='text-align: left; width: 480px; height: 240px;' border='1' border-color='gray' border-style='solid' cellpadding='2' cellspacing='2'&gt;
&lt;tbody&gt;
    &lt;tr style='font-weight: bold;'&gt;
		&lt;td style='height: 78px; width: 184px;' align='undefined' valign='undefined'&gt;&lt;span style='font-weight: normal;'&gt;&lt;img src='http:\\66.216.18.155\Razient\iconsgi\suppliers.gif'/&gt;&lt;/span&gt;&lt;/td&gt;
		&lt;td colspan='3' rowspan='1' style='height: 78px; width: 291px;' align='undefined' valign='undefined'&gt;G-Russia&amp;nbsp;
Alexandra Solzhenitsyna street&amp;nbsp;&lt;/td&gt;
    &lt;/tr&gt;
    &lt;tr&gt;
      &lt;td style='height: 0px; width: 184px; text-align: left;' valign='undefined'&gt;&lt;span style='font-weight: bold;'&gt;Summary:&lt;/span&gt;&lt;/td&gt;
	   &lt;td colspan='3' rowspan='1' style='height: 0px; width: 291px;' align='undefined' valign='undefined'&gt;100 Dead, Many Children, in Boat Sinking in Russia&amp;nbsp;&lt;/td&gt;
    &lt;/tr&gt;
    &lt;tr&gt;
      &lt;td style='width: 184px; height: 26px; font-weight: bold;' align='undefined' valign='undefined'&gt;Country&lt;/td&gt;
      &lt;td style='width: 292px; height: 26px;' align='undefined' valign='undefined'&gt;Russian Federation&amp;nbsp;&lt;/td&gt;
      &lt;td style='height: 26px; width: 184px; font-weight: bold;' align='undefined' valign='undefined'&gt;Severity	&lt;/td&gt;
      &lt;td style='height: 26px; width: 291px;' align='undefined' valign='undefined'&gt;Critical&amp;nbsp;&lt;/td&gt;
    &lt;/tr&gt;
    &lt;tr&gt;
      &lt;td style='width: 184px; height: 30px; font-weight: bold;' align='undefined' valign='undefined'&gt;State&lt;/td&gt;
      &lt;td style='width: 292px; height: 30px;' align='undefined' valign='undefined'&gt;Moscow City&amp;nbsp;
&lt;/td&gt;
      &lt;td style='height: 30px; width: 184px; font-weight: bold;' align='undefined' valign='undefined'&gt;Type&lt;/td&gt;
      &lt;td style='height: 30px; width: 291px;' align='undefined' valign='undefined'&gt;Boat Sinking&amp;nbsp;&lt;/td&gt;
    &lt;/tr&gt;
    &lt;tr&gt;
      &lt;td style='width: 184px; height: 24px; font-weight: bold;' align='undefined' valign='undefined'&gt;City&lt;/td&gt;
      &lt;td style='width: 292px; height: 24px;' align='undefined' valign='undefined'&gt;Moscow&amp;nbsp;
&lt;/td&gt;
      &lt;td style='height: 24px; width: 184px; font-weight: bold;' align='undefined' valign='undefined'&gt;Date&lt;/td&gt;
      &lt;td style='height: 24px; width: 291px;' align='undefined' valign='undefined'&gt;2011-07-10&amp;nbsp;
&lt;/td&gt;
    &lt;/tr&gt;
    &lt;tr&gt;
      &lt;td style='width: 184px; height: 26px; font-weight: bold;' align='undefined' valign='undefined'&gt;Deaths&lt;/td&gt;
      &lt;td style='width: 292px; height: 26px;' align='undefined' valign='undefined'&gt;100&amp;nbsp;
&lt;/td&gt;
      &lt;td style='height: 26px; width: 184px; font-weight: bold;' align='undefined' valign='undefined'&gt;Url&lt;/td&gt;
      &lt;td style='height: 26px; width: 291px;' align='undefined' valign='undefined'&gt;&lt;A href=' http://www.nytimes.com/2011/07/12/world/europe/12russia.html?_r=1'&gt;Link to News&amp;nbsp;&lt;/A&gt;
&lt;/td&gt;
    &lt;/tr&gt;
    &lt;tr&gt;
      &lt;td style='width: 184px; height: 90px; font-weight: bold;' align='undefined' valign='undefined'&gt;Description&lt;/td&gt;
      &lt;td colspan='3' rowspan='1' style='height: 90px; width: 291px;' align='undefined' valign='undefined'&gt; More than 100 people, including many children, drowned when a riverboat filled with families cruising the Volga River sank over the weekend, rescue officials said Monday, conceding that little hope remained of finding survivors&amp;nbsp;
&lt;/td&gt;
    &lt;/tr&gt;
  &lt;/tbody&gt;
&lt;/table&gt;</description>
                <styleUrl>#style10x93310</styleUrl>
                <Point>
                    <extrude xmlns:ns5="http://www.w3.org/2001/XMLSchema-instance" xmlns:ns6="http://www.w3.org/2001/XMLSchema" ns5:type="ns6:boolean">false</extrude>
                    <altitudeMode>clampToGround</altitudeMode>
                    <coordinates>37.6201,55.7477</coordinates>
                </Point>
            </Placemark>
        </Folder>
    </Document>
</kml>
