<?xml version="1.0" encoding="UTF-8" standalone="yes"?>
<kml xmlns="http://www.opengis.net/kml/2.2" xmlns:gx="http://www.google.com/kml/ext/2.2" xmlns:atom="http://www.w3.org/2005/Atom" xmlns:xal="urn:oasis:names:tc:ciq:xsdschema:xAL:2.0">
    <Document>
        <Style id="style0x70000">
            <IconStyle>
                <scale>2.0</scale>
                <heading>0.0</heading>
                <Icon>
                    <href>http://www.razient.com/Razient/iconsgi/customer.gif</href>
                    <refreshInterval>0.0</refreshInterval>
                    <viewRefreshTime>0.0</viewRefreshTime>
                    <viewBoundScale>0.0</viewBoundScale>
                </Icon>
            </IconStyle>
        </Style>
        <Style id="style0x80000">
            <IconStyle>
                <scale>2.0</scale>
                <heading>0.0</heading>
                <Icon>
                    <href>http://www.razient.com/Razient/iconsgi/supplier.gif</href>
                    <refreshInterval>0.0</refreshInterval>
                    <viewRefreshTime>0.0</viewRefreshTime>
                    <viewBoundScale>0.0</viewBoundScale>
                </Icon>
            </IconStyle>
        </Style>
        <Style id="style0x83300">
            <IconStyle>
                <scale>1.0</scale>
                <heading>0.0</heading>
                <Icon>
                    <href>http://www.razient.com/Razient/iconsgi/airplane-accident.gif</href>
                    <refreshInterval>0.0</refreshInterval>
                    <viewRefreshTime>0.0</viewRefreshTime>
                    <viewBoundScale>0.0</viewBoundScale>
                </Icon>
            </IconStyle>
        </Style>
        <Style id="style0x93300">
            <IconStyle>
                <scale>1.0</scale>
                <heading>0.0</heading>
                <Icon>
                    <href>http://www.razient.com/Razient/iconsgi/airplane-accident-min.gif</href>
                    <refreshInterval>0.0</refreshInterval>
                    <viewRefreshTime>0.0</viewRefreshTime>
                    <viewBoundScale>0.0</viewBoundScale>
                </Icon>
            </IconStyle>
        </Style>
        <Style id="style1x83301">
            <IconStyle>
                <scale>1.0</scale>
                <heading>0.0</heading>
                <Icon>
                    <href>http://www.razient.com/Razient/iconsgi/gun.gif</href>
                    <refreshInterval>0.0</refreshInterval>
                    <viewRefreshTime>0.0</viewRefreshTime>
                    <viewBoundScale>0.0</viewBoundScale>
                </Icon>
            </IconStyle>
        </Style>
        <Style id="style1x93301">
            <IconStyle>
                <scale>1.0</scale>
                <heading>0.0</heading>
                <Icon>
                    <href>http://www.razient.com/Razient/iconsgi/gun-min.gif</href>
                    <refreshInterval>0.0</refreshInterval>
                    <viewRefreshTime>0.0</viewRefreshTime>
                    <viewBoundScale>0.0</viewBoundScale>
                </Icon>
            </IconStyle>
        </Style>
        <Style id="style2x83302">
            <IconStyle>
                <scale>1.0</scale>
                <heading>0.0</heading>
                <Icon>
                    <href>http://www.razient.com/Razient/iconsgi/bomb.gif</href>
                    <refreshInterval>0.0</refreshInterval>
                    <viewRefreshTime>0.0</viewRefreshTime>
                    <viewBoundScale>0.0</viewBoundScale>
                </Icon>
            </IconStyle>
        </Style>
        <Style id="style2x93302">
            <IconStyle>
                <scale>1.0</scale>
                <heading>0.0</heading>
                <Icon>
                    <href>http://www.razient.com/Razient/iconsgi/bomb-min.gif</href>
                    <refreshInterval>0.0</refreshInterval>
                    <viewRefreshTime>0.0</viewRefreshTime>
                    <viewBoundScale>0.0</viewBoundScale>
                </Icon>
            </IconStyle>
        </Style>
        <Style id="style3x83303">
            <IconStyle>
                <scale>1.0</scale>
                <heading>0.0</heading>
                <Icon>
                    <href>http://www.razient.com/Razient/iconsgi/explosion.gif</href>
                    <refreshInterval>0.0</refreshInterval>
                    <viewRefreshTime>0.0</viewRefreshTime>
                    <viewBoundScale>0.0</viewBoundScale>
                </Icon>
            </IconStyle>
        </Style>
        <Style id="style4x83304">
            <IconStyle>
                <scale>1.0</scale>
                <heading>0.0</heading>
                <Icon>
                    <href>http://www.razient.com/Razient/iconsgi/train.gif</href>
                    <refreshInterval>0.0</refreshInterval>
                    <viewRefreshTime>0.0</viewRefreshTime>
                    <viewBoundScale>0.0</viewBoundScale>
                </Icon>
            </IconStyle>
        </Style>
        <Style id="style4x93304">
            <IconStyle>
                <scale>1.0</scale>
                <heading>0.0</heading>
                <Icon>
                    <href>http://www.razient.com/Razient/iconsgi/train-min.gif</href>
                    <refreshInterval>0.0</refreshInterval>
                    <viewRefreshTime>0.0</viewRefreshTime>
                    <viewBoundScale>0.0</viewBoundScale>
                </Icon>
            </IconStyle>
        </Style>
        <Style id="style5x83305">
            <IconStyle>
                <scale>1.0</scale>
                <heading>0.0</heading>
                <Icon>
                    <href>http://www.razient.com/Razient/iconsgi/political.gif</href>
                    <refreshInterval>0.0</refreshInterval>
                    <viewRefreshTime>0.0</viewRefreshTime>
                    <viewBoundScale>0.0</viewBoundScale>
                </Icon>
            </IconStyle>
        </Style>
        <Style id="style5x93305">
            <IconStyle>
                <scale>1.0</scale>
                <heading>0.0</heading>
                <Icon>
                    <href>http://www.razient.com/Razient/iconsgi/political-min.gif</href>
                    <refreshInterval>0.0</refreshInterval>
                    <viewRefreshTime>0.0</viewRefreshTime>
                    <viewBoundScale>0.0</viewBoundScale>
                </Icon>
            </IconStyle>
        </Style>
        <Style id="style6x83306">
            <IconStyle>
                <scale>1.0</scale>
                <heading>0.0</heading>
                <Icon>
                    <href>http://www.razient.com/Razient/iconsgi/torn.gif</href>
                    <refreshInterval>0.0</refreshInterval>
                    <viewRefreshTime>0.0</viewRefreshTime>
                    <viewBoundScale>0.0</viewBoundScale>
                </Icon>
            </IconStyle>
        </Style>
        <Style id="style6x93306">
            <IconStyle>
                <scale>1.0</scale>
                <heading>0.0</heading>
                <Icon>
                    <href>http://www.razient.com/Razient/iconsgi/torn-min.gif</href>
                    <refreshInterval>0.0</refreshInterval>
                    <viewRefreshTime>0.0</viewRefreshTime>
                    <viewBoundScale>0.0</viewBoundScale>
                </Icon>
            </IconStyle>
        </Style>
        <Style id="style7x83307">
            <IconStyle>
                <scale>1.0</scale>
                <heading>0.0</heading>
                <Icon>
                    <href>http://www.razient.com/Razient/iconsgi/protest.gif</href>
                    <refreshInterval>0.0</refreshInterval>
                    <viewRefreshTime>0.0</viewRefreshTime>
                    <viewBoundScale>0.0</viewBoundScale>
                </Icon>
            </IconStyle>
        </Style>
        <Style id="style7x93307">
            <IconStyle>
                <scale>1.0</scale>
                <heading>0.0</heading>
                <Icon>
                    <href>http://www.razient.com/Razient/iconsgi/protest-min.gif</href>
                    <refreshInterval>0.0</refreshInterval>
                    <viewRefreshTime>0.0</viewRefreshTime>
                    <viewBoundScale>0.0</viewBoundScale>
                </Icon>
            </IconStyle>
        </Style>
        <Style id="style8x83308">
            <IconStyle>
                <scale>1.0</scale>
                <heading>0.0</heading>
                <Icon>
                    <href>http://www.razient.com/Razient/iconsgi/flood.gif</href>
                    <refreshInterval>0.0</refreshInterval>
                    <viewRefreshTime>0.0</viewRefreshTime>
                    <viewBoundScale>0.0</viewBoundScale>
                </Icon>
            </IconStyle>
        </Style>
        <Style id="style8x93308">
            <IconStyle>
                <scale>1.0</scale>
                <heading>0.0</heading>
                <Icon>
                    <href>http://www.razient.com/Razient/iconsgi/flood-min.gif</href>
                    <refreshInterval>0.0</refreshInterval>
                    <viewRefreshTime>0.0</viewRefreshTime>
                    <viewBoundScale>0.0</viewBoundScale>
                </Icon>
            </IconStyle>
        </Style>
        <Style id="style9x83309">
            <IconStyle>
                <scale>1.0</scale>
                <heading>0.0</heading>
                <Icon>
                    <href>http://www.razient.com/Razient/iconsgi/fire.gif</href>
                    <refreshInterval>0.0</refreshInterval>
                    <viewRefreshTime>0.0</viewRefreshTime>
                    <viewBoundScale>0.0</viewBoundScale>
                </Icon>
            </IconStyle>
        </Style>
        <Style id="style9x93309">
            <IconStyle>
                <scale>1.0</scale>
                <heading>0.0</heading>
                <Icon>
                    <href>http://www.razient.com/Razient/iconsgi/fire-min.gif</href>
                    <refreshInterval>0.0</refreshInterval>
                    <viewRefreshTime>0.0</viewRefreshTime>
                    <viewBoundScale>0.0</viewBoundScale>
                </Icon>
            </IconStyle>
        </Style>
        <Style id="style10x83310">
            <IconStyle>
                <scale>1.0</scale>
                <heading>0.0</heading>
                <Icon>
                    <href>http://www.razient.com/Razient/iconsgi/ship.gif</href>
                    <refreshInterval>0.0</refreshInterval>
                    <viewRefreshTime>0.0</viewRefreshTime>
                    <viewBoundScale>0.0</viewBoundScale>
                </Icon>
            </IconStyle>
        </Style>
        <Style id="style10x93310">
            <IconStyle>
                <scale>1.0</scale>
                <heading>0.0</heading>
                <Icon>
                    <href>http://www.razient.com/Razient/iconsgi/ship.gif</href>
                    <refreshInterval>0.0</refreshInterval>
                    <viewRefreshTime>0.0</viewRefreshTime>
                    <viewBoundScale>0.0</viewBoundScale>
                </Icon>
            </IconStyle>
        </Style>
        <Style id="style11x83311">
            <IconStyle>
                <scale>1.0</scale>
                <heading>0.0</heading>
                <Icon>
                    <href>http://www.razient.com/Razient/iconsgi/freeze.gif</href>
                    <refreshInterval>0.0</refreshInterval>
                    <viewRefreshTime>0.0</viewRefreshTime>
                    <viewBoundScale>0.0</viewBoundScale>
                </Icon>
            </IconStyle>
        </Style>
        <Style id="style11x93311">
            <IconStyle>
                <scale>1.0</scale>
                <heading>0.0</heading>
                <Icon>
                    <href>http://www.razient.com/Razient/iconsgi/freeze-min.gif</href>
                    <refreshInterval>0.0</refreshInterval>
                    <viewRefreshTime>0.0</viewRefreshTime>
                    <viewBoundScale>0.0</viewBoundScale>
                </Icon>
            </IconStyle>
        </Style>
        <Style id="style12x83312">
            <IconStyle>
                <scale>1.0</scale>
                <heading>0.0</heading>
                <Icon>
                    <href>http://www.razient.com/Razient/iconsgi/storm.gif</href>
                    <refreshInterval>0.0</refreshInterval>
                    <viewRefreshTime>0.0</viewRefreshTime>
                    <viewBoundScale>0.0</viewBoundScale>
                </Icon>
            </IconStyle>
        </Style>
        <Style id="style12x93312">
            <IconStyle>
                <scale>1.0</scale>
                <heading>0.0</heading>
                <Icon>
                    <href>http://www.razient.com/Razient/iconsgi/storm-min.gif</href>
                    <refreshInterval>0.0</refreshInterval>
                    <viewRefreshTime>0.0</viewRefreshTime>
                    <viewBoundScale>0.0</viewBoundScale>
                </Icon>
            </IconStyle>
        </Style>
        <Style id="style13x83313">
            <IconStyle>
                <scale>1.0</scale>
                <heading>0.0</heading>
                <Icon>
                    <href>http://www.razient.com/Razient/iconsgi/buildingcollapse.gif</href>
                    <refreshInterval>0.0</refreshInterval>
                    <viewRefreshTime>0.0</viewRefreshTime>
                    <viewBoundScale>0.0</viewBoundScale>
                </Icon>
            </IconStyle>
        </Style>
        <Style id="style13x93313">
            <IconStyle>
                <scale>1.0</scale>
                <heading>0.0</heading>
                <Icon>
                    <href>http://www.razient.com/Razient/iconsgi/buildingcollapse-min.gif</href>
                    <refreshInterval>0.0</refreshInterval>
                    <viewRefreshTime>0.0</viewRefreshTime>
                    <viewBoundScale>0.0</viewBoundScale>
                </Icon>
            </IconStyle>
        </Style>
        <Style id="style14x83314">
            <IconStyle>
                <scale>1.0</scale>
                <heading>0.0</heading>
                <Icon>
                    <href>http://www.razient.com/Razient/iconsgi/buildingfire.gif</href>
                    <refreshInterval>0.0</refreshInterval>
                    <viewRefreshTime>0.0</viewRefreshTime>
                    <viewBoundScale>0.0</viewBoundScale>
                </Icon>
            </IconStyle>
        </Style>
        <Style id="style14x93314">
            <IconStyle>
                <scale>1.0</scale>
                <heading>0.0</heading>
                <Icon>
                    <href>http://www.razient.com/Razient/iconsgi/buildingfire-min.gif</href>
                    <refreshInterval>0.0</refreshInterval>
                    <viewRefreshTime>0.0</viewRefreshTime>
                    <viewBoundScale>0.0</viewBoundScale>
                </Icon>
            </IconStyle>
        </Style>
        <Style id="style15x83315">
            <IconStyle>
                <scale>1.0</scale>
                <heading>0.0</heading>
                <Icon>
                    <href>http://www.razient.com/Razient/iconsgi/chemical.gif</href>
                    <refreshInterval>0.0</refreshInterval>
                    <viewRefreshTime>0.0</viewRefreshTime>
                    <viewBoundScale>0.0</viewBoundScale>
                </Icon>
            </IconStyle>
        </Style>
        <Style id="style15x93315">
            <IconStyle>
                <scale>1.0</scale>
                <heading>0.0</heading>
                <Icon>
                    <href>http://www.razient.com/Razient/iconsgi/chemical-min.gif</href>
                    <refreshInterval>0.0</refreshInterval>
                    <viewRefreshTime>0.0</viewRefreshTime>
                    <viewBoundScale>0.0</viewBoundScale>
                </Icon>
            </IconStyle>
        </Style>
        <Style id="style16x83316">
            <IconStyle>
                <scale>1.0</scale>
                <heading>0.0</heading>
                <Icon>
                    <href>http://www.razient.com/Razient/iconsgi/airplane-closed.gif</href>
                    <refreshInterval>0.0</refreshInterval>
                    <viewRefreshTime>0.0</viewRefreshTime>
                    <viewBoundScale>0.0</viewBoundScale>
                </Icon>
            </IconStyle>
        </Style>
        <Style id="style16x93316">
            <IconStyle>
                <scale>1.0</scale>
                <heading>0.0</heading>
                <Icon>
                    <href>http://www.razient.com/Razient/iconsgi/airplane-closed-min.gif</href>
                    <refreshInterval>0.0</refreshInterval>
                    <viewRefreshTime>0.0</viewRefreshTime>
                    <viewBoundScale>0.0</viewBoundScale>
                </Icon>
            </IconStyle>
        </Style>
        <Style id="style17x83317">
            <IconStyle>
                <scale>5.0</scale>
                <heading>0.0</heading>
                <Icon>
                    <href>http://www.razient.com/Razient/iconsgi/earthquake.gif</href>
                    <refreshInterval>0.0</refreshInterval>
                    <viewRefreshTime>0.0</viewRefreshTime>
                    <viewBoundScale>0.0</viewBoundScale>
                </Icon>
            </IconStyle>
        </Style>
        <Style id="style17x93317">
            <IconStyle>
                <scale>5.0</scale>
                <heading>0.0</heading>
                <Icon>
                    <href>http://www.razient.com/Razient/iconsgi/earthquake-min.gif</href>
                    <refreshInterval>0.0</refreshInterval>
                    <viewRefreshTime>0.0</viewRefreshTime>
                    <viewBoundScale>0.0</viewBoundScale>
                </Icon>
            </IconStyle>
        </Style>
        <Style id="style18x83318">
            <IconStyle>
                <scale>1.0</scale>
                <heading>0.0</heading>
                <Icon>
                    <href>http://www.razient.com/Razient/iconsgi/evacuated.gif</href>
                    <refreshInterval>0.0</refreshInterval>
                    <viewRefreshTime>0.0</viewRefreshTime>
                    <viewBoundScale>0.0</viewBoundScale>
                </Icon>
            </IconStyle>
        </Style>
        <Style id="style18x93318">
            <IconStyle>
                <scale>1.0</scale>
                <heading>0.0</heading>
                <Icon>
                    <href>http://www.razient.com/Razient/iconsgi/evacuated-min.gif</href>
                    <refreshInterval>0.0</refreshInterval>
                    <viewRefreshTime>0.0</viewRefreshTime>
                    <viewBoundScale>0.0</viewBoundScale>
                </Icon>
            </IconStyle>
        </Style>
        <Style id="style19x83319">
            <IconStyle>
                <scale>1.0</scale>
                <heading>0.0</heading>
                <Icon>
                    <href>http://www.razient.com/Razient/iconsgi/hazardous.gif</href>
                    <refreshInterval>0.0</refreshInterval>
                    <viewRefreshTime>0.0</viewRefreshTime>
                    <viewBoundScale>0.0</viewBoundScale>
                </Icon>
            </IconStyle>
        </Style>
        <Style id="style19x93319">
            <IconStyle>
                <scale>1.0</scale>
                <heading>0.0</heading>
                <Icon>
                    <href>http://www.razient.com/Razient/iconsgi/hazardous-min.gif</href>
                    <refreshInterval>0.0</refreshInterval>
                    <viewRefreshTime>0.0</viewRefreshTime>
                    <viewBoundScale>0.0</viewBoundScale>
                </Icon>
            </IconStyle>
        </Style>
        <Style id="style20x83320">
            <IconStyle>
                <scale>1.0</scale>
                <heading>0.0</heading>
                <Icon>
                    <href>http://www.razient.com/Razient/iconsgi/volcano.gif</href>
                    <refreshInterval>0.0</refreshInterval>
                    <viewRefreshTime>0.0</viewRefreshTime>
                    <viewBoundScale>0.0</viewBoundScale>
                </Icon>
            </IconStyle>
        </Style>
        <Style id="style20x93320">
            <IconStyle>
                <scale>1.0</scale>
                <heading>0.0</heading>
                <Icon>
                    <href>http://www.razient.com/Razient/iconsgi/volcano-min.gif</href>
                    <refreshInterval>0.0</refreshInterval>
                    <viewRefreshTime>0.0</viewRefreshTime>
                    <viewBoundScale>0.0</viewBoundScale>
                </Icon>
            </IconStyle>
        </Style>
        <Style id="style21x83321">
            <IconStyle>
                <scale>1.0</scale>
                <heading>0.0</heading>
                <Icon>
                    <href>http://www.razient.com/Razient/iconsgi/terrorism.gif</href>
                    <refreshInterval>0.0</refreshInterval>
                    <viewRefreshTime>0.0</viewRefreshTime>
                    <viewBoundScale>0.0</viewBoundScale>
                </Icon>
            </IconStyle>
        </Style>
        <Style id="style21x93321">
            <IconStyle>
                <scale>1.0</scale>
                <heading>0.0</heading>
                <Icon>
                    <href>http://www.razient.com/Razient/iconsgi/terrorism-min.gif</href>
                    <refreshInterval>0.0</refreshInterval>
                    <viewRefreshTime>0.0</viewRefreshTime>
                    <viewBoundScale>0.0</viewBoundScale>
                </Icon>
            </IconStyle>
        </Style>
        <Style id="style23x83323">
            <IconStyle>
                <scale>1.0</scale>
                <heading>0.0</heading>
                <Icon>
                    <href>http://www.razient.com/Razient/iconsgi/armed.gif</href>
                    <refreshInterval>0.0</refreshInterval>
                    <viewRefreshTime>0.0</viewRefreshTime>
                    <viewBoundScale>0.0</viewBoundScale>
                </Icon>
            </IconStyle>
        </Style>
        <Style id="style23x93323">
            <IconStyle>
                <scale>1.0</scale>
                <heading>0.0</heading>
                <Icon>
                    <href>http://www.razient.com/Razient/iconsgi/armed-min.gif</href>
                    <refreshInterval>0.0</refreshInterval>
                    <viewRefreshTime>0.0</viewRefreshTime>
                    <viewBoundScale>0.0</viewBoundScale>
                </Icon>
            </IconStyle>
        </Style>
        <Style id="style24x83324">
            <IconStyle>
                <scale>1.0</scale>
                <heading>0.0</heading>
                <Icon>
                    <href>http://www.razient.com/Razient/iconsgi/hazmat.gif</href>
                    <refreshInterval>0.0</refreshInterval>
                    <viewRefreshTime>0.0</viewRefreshTime>
                    <viewBoundScale>0.0</viewBoundScale>
                </Icon>
            </IconStyle>
        </Style>
        <Style id="style24x93324">
            <IconStyle>
                <scale>1.0</scale>
                <heading>0.0</heading>
                <Icon>
                    <href>http://www.razient.com/Razient/iconsgi/hazmat-min.gif</href>
                    <refreshInterval>0.0</refreshInterval>
                    <viewRefreshTime>0.0</viewRefreshTime>
                    <viewBoundScale>0.0</viewBoundScale>
                </Icon>
            </IconStyle>
        </Style>
        <Style id="style25x83325">
            <IconStyle>
                <scale>1.0</scale>
                <heading>0.0</heading>
                <Icon>
                    <href>http://www.razient.com/Razient/iconsgi/poweroutage.gif</href>
                    <refreshInterval>0.0</refreshInterval>
                    <viewRefreshTime>0.0</viewRefreshTime>
                    <viewBoundScale>0.0</viewBoundScale>
                </Icon>
            </IconStyle>
        </Style>
        <Style id="style25x93325">
            <IconStyle>
                <scale>1.0</scale>
                <heading>0.0</heading>
                <Icon>
                    <href>http://www.razient.com/Razient/iconsgi/poweroutage-min.gif</href>
                    <refreshInterval>0.0</refreshInterval>
                    <viewRefreshTime>0.0</viewRefreshTime>
                    <viewBoundScale>0.0</viewBoundScale>
                </Icon>
            </IconStyle>
        </Style>
        <Style id="style26x83326">
            <IconStyle>
                <scale>1.0</scale>
                <heading>0.0</heading>
                <Icon>
                    <href>http://www.razient.com/Razient/iconsgi/pirate.gif</href>
                    <refreshInterval>0.0</refreshInterval>
                    <viewRefreshTime>0.0</viewRefreshTime>
                    <viewBoundScale>0.0</viewBoundScale>
                </Icon>
            </IconStyle>
        </Style>
        <Style id="style26x93326">
            <IconStyle>
                <scale>1.0</scale>
                <heading>0.0</heading>
                <Icon>
                    <href>http://www.razient.com/Razient/iconsgi/pirate-min.gif</href>
                    <refreshInterval>0.0</refreshInterval>
                    <viewRefreshTime>0.0</viewRefreshTime>
                    <viewBoundScale>0.0</viewBoundScale>
                </Icon>
            </IconStyle>
        </Style>
        <Style id="style27x83327">
            <IconStyle>
                <scale>1.0</scale>
                <heading>0.0</heading>
                <Icon>
                    <href>http://www.razient.com/Razient/iconsgi/mudslide.gif</href>
                    <refreshInterval>0.0</refreshInterval>
                    <viewRefreshTime>0.0</viewRefreshTime>
                    <viewBoundScale>0.0</viewBoundScale>
                </Icon>
            </IconStyle>
        </Style>
        <Style id="style27x93327">
            <IconStyle>
                <scale>1.0</scale>
                <heading>0.0</heading>
                <Icon>
                    <href>http://www.razient.com/Razient/iconsgi/mudslide-min.gif</href>
                    <refreshInterval>0.0</refreshInterval>
                    <viewRefreshTime>0.0</viewRefreshTime>
                    <viewBoundScale>0.0</viewBoundScale>
                </Icon>
            </IconStyle>
        </Style>
        <Style id="style28x83328">
            <IconStyle>
                <scale>1.0</scale>
                <heading>0.0</heading>
                <Icon>
                    <href>http://www.razient.com/Razient/iconsgi/roadflooded.gif</href>
                    <refreshInterval>0.0</refreshInterval>
                    <viewRefreshTime>0.0</viewRefreshTime>
                    <viewBoundScale>0.0</viewBoundScale>
                </Icon>
            </IconStyle>
        </Style>
        <Style id="style28x93328">
            <IconStyle>
                <scale>1.0</scale>
                <heading>0.0</heading>
                <Icon>
                    <href>http://www.razient.com/Razient/iconsgi/roadflooded-min.gif</href>
                    <refreshInterval>0.0</refreshInterval>
                    <viewRefreshTime>0.0</viewRefreshTime>
                    <viewBoundScale>0.0</viewBoundScale>
                </Icon>
            </IconStyle>
        </Style>
        <Style id="style29x83329">
            <IconStyle>
                <scale>1.0</scale>
                <heading>0.0</heading>
                <Icon>
                    <href>http://www.razient.com/Razient/iconsgi/collision.gif</href>
                    <refreshInterval>0.0</refreshInterval>
                    <viewRefreshTime>0.0</viewRefreshTime>
                    <viewBoundScale>0.0</viewBoundScale>
                </Icon>
            </IconStyle>
        </Style>
        <Style id="style29x93329">
            <IconStyle>
                <scale>1.0</scale>
                <heading>0.0</heading>
                <Icon>
                    <href>http://www.razient.com/Razient/iconsgi/collision-min.gif</href>
                    <refreshInterval>0.0</refreshInterval>
                    <viewRefreshTime>0.0</viewRefreshTime>
                    <viewBoundScale>0.0</viewBoundScale>
                </Icon>
            </IconStyle>
        </Style>
        <Style id="style30x83330">
            <IconStyle>
                <scale>1.0</scale>
                <heading>0.0</heading>
                <Icon>
                    <href>http://www.razient.com/Razient/iconsgi/gasmask.gif</href>
                    <refreshInterval>0.0</refreshInterval>
                    <viewRefreshTime>0.0</viewRefreshTime>
                    <viewBoundScale>0.0</viewBoundScale>
                </Icon>
            </IconStyle>
        </Style>
        <Style id="style30x93330">
            <IconStyle>
                <scale>1.0</scale>
                <heading>0.0</heading>
                <Icon>
                    <href>http://www.razient.com/Razient/iconsgi/gasmask-min.gif</href>
                    <refreshInterval>0.0</refreshInterval>
                    <viewRefreshTime>0.0</viewRefreshTime>
                    <viewBoundScale>0.0</viewBoundScale>
                </Icon>
            </IconStyle>
        </Style>
        <Style id="style31x83331">
            <IconStyle>
                <scale>1.0</scale>
                <heading>0.0</heading>
                <Icon>
                    <href>http://www.razient.com/Razient/iconsgi/hurricane.gif</href>
                    <refreshInterval>0.0</refreshInterval>
                    <viewRefreshTime>0.0</viewRefreshTime>
                    <viewBoundScale>0.0</viewBoundScale>
                </Icon>
            </IconStyle>
        </Style>
        <Style id="style31x93331">
            <IconStyle>
                <scale>1.0</scale>
                <heading>0.0</heading>
                <Icon>
                    <href>http://www.razient.com/Razient/iconsgi/hurricane-min.gif</href>
                    <refreshInterval>0.0</refreshInterval>
                    <viewRefreshTime>0.0</viewRefreshTime>
                    <viewBoundScale>0.0</viewBoundScale>
                </Icon>
            </IconStyle>
        </Style>
        <Style id="style32x83332">
            <IconStyle>
                <scale>1.0</scale>
                <heading>0.0</heading>
                <Icon>
                    <href>http://www.razient.com/Razient/iconsgi/tsunami.gif</href>
                    <refreshInterval>0.0</refreshInterval>
                    <viewRefreshTime>0.0</viewRefreshTime>
                    <viewBoundScale>0.0</viewBoundScale>
                </Icon>
            </IconStyle>
        </Style>
        <Style id="style32x93332">
            <IconStyle>
                <scale>1.0</scale>
                <heading>0.0</heading>
                <Icon>
                    <href>http://www.razient.com/Razient/iconsgi/tsunami-min.gif</href>
                    <refreshInterval>0.0</refreshInterval>
                    <viewRefreshTime>0.0</viewRefreshTime>
                    <viewBoundScale>0.0</viewBoundScale>
                </Icon>
            </IconStyle>
        </Style>
        <Style id="style33x83333">
            <IconStyle>
                <scale>1.0</scale>
                <heading>0.0</heading>
                <Icon>
                    <href>http://www.razient.com/Razient/iconsgi/roadsclosed.gif</href>
                    <refreshInterval>0.0</refreshInterval>
                    <viewRefreshTime>0.0</viewRefreshTime>
                    <viewBoundScale>0.0</viewBoundScale>
                </Icon>
            </IconStyle>
        </Style>
        <Style id="style33x93333">
            <IconStyle>
                <scale>1.0</scale>
                <heading>0.0</heading>
                <Icon>
                    <href>http://www.razient.com/Razient/iconsgi/roadsclosed-min.gif</href>
                    <refreshInterval>0.0</refreshInterval>
                    <viewRefreshTime>0.0</viewRefreshTime>
                    <viewBoundScale>0.0</viewBoundScale>
                </Icon>
            </IconStyle>
        </Style>
        <Style id="style34x83334">
            <IconStyle>
                <scale>1.0</scale>
                <heading>0.0</heading>
                <Icon>
                    <href>http://www.razient.com/Razient/iconsgi/bodyfound.gif</href>
                    <refreshInterval>0.0</refreshInterval>
                    <viewRefreshTime>0.0</viewRefreshTime>
                    <viewBoundScale>0.0</viewBoundScale>
                </Icon>
            </IconStyle>
        </Style>
        <Style id="style34x93334">
            <IconStyle>
                <scale>1.0</scale>
                <heading>0.0</heading>
                <Icon>
                    <href>http://www.razient.com/Razient/iconsgi/bodyfound-min.gif</href>
                    <refreshInterval>0.0</refreshInterval>
                    <viewRefreshTime>0.0</viewRefreshTime>
                    <viewBoundScale>0.0</viewBoundScale>
                </Icon>
            </IconStyle>
        </Style>
        <Style id="style35x83335">
            <IconStyle>
                <scale>1.0</scale>
                <heading>0.0</heading>
                <Icon>
                    <href>http://www.razient.com/Razient/iconsgi/airstrike.gif</href>
                    <refreshInterval>0.0</refreshInterval>
                    <viewRefreshTime>0.0</viewRefreshTime>
                    <viewBoundScale>0.0</viewBoundScale>
                </Icon>
            </IconStyle>
        </Style>
        <Style id="style35x93335">
            <IconStyle>
                <scale>1.0</scale>
                <heading>0.0</heading>
                <Icon>
                    <href>http://www.razient.com/Razient/iconsgi/airstrike-min.gif</href>
                    <refreshInterval>0.0</refreshInterval>
                    <viewRefreshTime>0.0</viewRefreshTime>
                    <viewBoundScale>0.0</viewBoundScale>
                </Icon>
            </IconStyle>
        </Style>
        <Style id="style9999x8339999">
            <IconStyle>
                <scale>1.0</scale>
                <heading>0.0</heading>
                <Icon>
                    <href>http://www.razient.com/Razient/iconsgi/nosymbol.gif</href>
                    <refreshInterval>0.0</refreshInterval>
                    <viewRefreshTime>0.0</viewRefreshTime>
                    <viewBoundScale>0.0</viewBoundScale>
                </Icon>
            </IconStyle>
        </Style>
        <Style id="style9999x9339999">
            <IconStyle>
                <scale>1.0</scale>
                <heading>0.0</heading>
                <Icon>
                    <href>http://www.razient.com/Razient/iconsgi/nosymbol-min.gif</href>
                    <refreshInterval>0.0</refreshInterval>
                    <viewRefreshTime>0.0</viewRefreshTime>
                    <viewBoundScale>0.0</viewBoundScale>
                </Icon>
            </IconStyle>
        </Style>
        <Folder>
            <name>www.kraazient.com</name>
            <description>Maps events, incidents and other suspicious activity by kraazient</description>
            <Placemark>
                <name>Halifax PWC</name>
                <visibility xmlns:ns5="http://www.w3.org/2001/XMLSchema-instance" xmlns:ns6="http://www.w3.org/2001/XMLSchema" ns5:type="ns6:boolean">true</visibility>
                <open xmlns:ns5="http://www.w3.org/2001/XMLSchema-instance" xmlns:ns6="http://www.w3.org/2001/XMLSchema" ns5:type="ns6:boolean">true</open>
                <address>1601 Lower Water Street,halifax,Nova Scotia,Canada</address>
                <description>&lt;table style='text-align: left; width: 480px; height: 240px;' border='1' border-color='gray' border-style='solid' cellpadding='2' cellspacing='2'&gt;
&lt;tbody&gt;
    &lt;tr style='font-weight: bold;'&gt;
		&lt;td style='height: 78px; width: 184px;' align='undefined' valign='undefined'&gt;&lt;span style='font-weight: normal;'&gt;&lt;img src='http:\\www.razient.com\Razient\iconsgi\customer.png'/&gt;&lt;/span&gt;&lt;/td&gt;
		&lt;td colspan='3' rowspan='1' style='height: 78px; width: 291px;' align='undefined' valign='undefined'&gt;Name: Halifax PWC&amp;nbsp;&lt;br&gt; Address: 1601 Lower Water Street - halifax - Nova Scotia - Canada&amp;nbsp;&lt;br&gt; Phone Number: &amp;nbsp;&lt;br&gt; Email: &amp;nbsp;&lt;br&gt; Primary Contact: &amp;nbsp;&lt;/td&gt;
    &lt;/tr&gt;
    &lt;tr&gt;
	   &lt;td colspan='3' rowspan='1' style='height: 0px; width: 291px;' align='undefined' valign='undefined'&gt;&amp;nbsp;&lt;/td&gt;
    &lt;/tr&gt;
  &lt;/tbody&gt;
&lt;/table&gt;</description>
                <styleUrl>#style0x70000</styleUrl>
                <Point>
                    <extrude xmlns:ns5="http://www.w3.org/2001/XMLSchema-instance" xmlns:ns6="http://www.w3.org/2001/XMLSchema" ns5:type="ns6:boolean">false</extrude>
                    <altitudeMode>clampToGround</altitudeMode>
                    <coordinates>-63.570988,44.646446</coordinates>
                </Point>
            </Placemark>
            <Placemark>
                <name> Incident :  Crash causes power outage in Halifax</name>
                <visibility xmlns:ns5="http://www.w3.org/2001/XMLSchema-instance" xmlns:ns6="http://www.w3.org/2001/XMLSchema" ns5:type="ns6:boolean">true</visibility>
                <open xmlns:ns5="http://www.w3.org/2001/XMLSchema-instance" xmlns:ns6="http://www.w3.org/2001/XMLSchema" ns5:type="ns6:boolean">false</open>
                <description>&lt;table style='text-align: left; width: 480px; height: 240px;' border='1' border-color='gray' border-style='solid' cellpadding='2' cellspacing='2'&gt;
&lt;tbody&gt;
    &lt;tr style='font-weight: bold;'&gt;
		&lt;td style='height: 78px; width: 184px;' align='undefined' valign='undefined'&gt;&lt;span style='font-weight: normal;'&gt;&lt;img src='http:\\66.216.18.155\Razient\iconsgi\suppliers.gif'/&gt;&lt;/span&gt;&lt;/td&gt;
		&lt;td colspan='3' rowspan='1' style='height: 78px; width: 291px;' align='undefined' valign='undefined'&gt;Halifax PWC&amp;nbsp;
1601 Lower Water Street&amp;nbsp;&lt;/td&gt;
    &lt;/tr&gt;
    &lt;tr&gt;
      &lt;td style='height: 0px; width: 184px; text-align: left;' valign='undefined'&gt;&lt;span style='font-weight: bold;'&gt;Summary:&lt;/span&gt;&lt;/td&gt;
	   &lt;td colspan='3' rowspan='1' style='height: 0px; width: 291px;' align='undefined' valign='undefined'&gt; Crash causes power outage in Halifax&amp;nbsp;&lt;/td&gt;
    &lt;/tr&gt;
    &lt;tr&gt;
      &lt;td style='width: 184px; height: 26px; font-weight: bold;' align='undefined' valign='undefined'&gt;Country&lt;/td&gt;
      &lt;td style='width: 292px; height: 26px;' align='undefined' valign='undefined'&gt;Canada&amp;nbsp;&lt;/td&gt;
      &lt;td style='height: 26px; width: 184px; font-weight: bold;' align='undefined' valign='undefined'&gt;Severity	&lt;/td&gt;
      &lt;td style='height: 26px; width: 291px;' align='undefined' valign='undefined'&gt;Medium&amp;nbsp;&lt;/td&gt;
    &lt;/tr&gt;
    &lt;tr&gt;
      &lt;td style='width: 184px; height: 30px; font-weight: bold;' align='undefined' valign='undefined'&gt;State&lt;/td&gt;
      &lt;td style='width: 292px; height: 30px;' align='undefined' valign='undefined'&gt;Nova Scotia&amp;nbsp;
&lt;/td&gt;
      &lt;td style='height: 30px; width: 184px; font-weight: bold;' align='undefined' valign='undefined'&gt;Type&lt;/td&gt;
      &lt;td style='height: 30px; width: 291px;' align='undefined' valign='undefined'&gt;Power Outage&amp;nbsp;&lt;/td&gt;
    &lt;/tr&gt;
    &lt;tr&gt;
      &lt;td style='width: 184px; height: 24px; font-weight: bold;' align='undefined' valign='undefined'&gt;City&lt;/td&gt;
      &lt;td style='width: 292px; height: 24px;' align='undefined' valign='undefined'&gt;halifax&amp;nbsp;
&lt;/td&gt;
      &lt;td style='height: 24px; width: 184px; font-weight: bold;' align='undefined' valign='undefined'&gt;Date&lt;/td&gt;
      &lt;td style='height: 24px; width: 291px;' align='undefined' valign='undefined'&gt;2011-10-27&amp;nbsp;
&lt;/td&gt;
    &lt;/tr&gt;
    &lt;tr&gt;
      &lt;td style='width: 184px; height: 26px; font-weight: bold;' align='undefined' valign='undefined'&gt;Deaths&lt;/td&gt;
      &lt;td style='width: 292px; height: 26px;' align='undefined' valign='undefined'&gt;0&amp;nbsp;
&lt;/td&gt;
      &lt;td style='height: 26px; width: 184px; font-weight: bold;' align='undefined' valign='undefined'&gt;Url&lt;/td&gt;
      &lt;td style='height: 26px; width: 291px;' align='undefined' valign='undefined'&gt;&lt;A href=' http://www.cbc.ca/news/canada/nova-scotia/story/2011/10/27/ns-power-car-halifax.html'&gt;Link to News&amp;nbsp;&lt;/A&gt;
&lt;/td&gt;
    &lt;/tr&gt;
    &lt;tr&gt;
      &lt;td style='width: 184px; height: 90px; font-weight: bold;' align='undefined' valign='undefined'&gt;Description&lt;/td&gt;
      &lt;td colspan='3' rowspan='1' style='height: 90px; width: 291px;' align='undefined' valign='undefined'&gt; Halifax police are looking for a driver who took out two power poles early Thursday, cutting off electricity to 1,800 homes and businesses in the citys north end, and creating traffic chaos on both sides of Halifax harbour.&amp;nbsp;
&lt;/td&gt;
    &lt;/tr&gt;
  &lt;/tbody&gt;
&lt;/table&gt;</description>
                <styleUrl>#style25x93325</styleUrl>
                <Point>
                    <extrude xmlns:ns5="http://www.w3.org/2001/XMLSchema-instance" xmlns:ns6="http://www.w3.org/2001/XMLSchema" ns5:type="ns6:boolean">false</extrude>
                    <altitudeMode>clampToGround</altitudeMode>
                    <coordinates>-63.575312,44.648881</coordinates>
                </Point>
            </Placemark>
            <Placemark>
                <name>Halifax PWC</name>
                <visibility xmlns:ns5="http://www.w3.org/2001/XMLSchema-instance" xmlns:ns6="http://www.w3.org/2001/XMLSchema" ns5:type="ns6:boolean">true</visibility>
                <open xmlns:ns5="http://www.w3.org/2001/XMLSchema-instance" xmlns:ns6="http://www.w3.org/2001/XMLSchema" ns5:type="ns6:boolean">true</open>
                <address>1601 Lower Water Street,halifax,Nova Scotia,Canada</address>
                <description>&lt;table style='text-align: left; width: 480px; height: 240px;' border='1' border-color='gray' border-style='solid' cellpadding='2' cellspacing='2'&gt;
&lt;tbody&gt;
    &lt;tr style='font-weight: bold;'&gt;
		&lt;td style='height: 78px; width: 184px;' align='undefined' valign='undefined'&gt;&lt;span style='font-weight: normal;'&gt;&lt;img src='http:\\www.razient.com\Razient\iconsgi\customer.png'/&gt;&lt;/span&gt;&lt;/td&gt;
		&lt;td colspan='3' rowspan='1' style='height: 78px; width: 291px;' align='undefined' valign='undefined'&gt;Name: Halifax PWC&amp;nbsp;&lt;br&gt; Address: 1601 Lower Water Street - halifax - Nova Scotia - Canada&amp;nbsp;&lt;br&gt; Phone Number: &amp;nbsp;&lt;br&gt; Email: &amp;nbsp;&lt;br&gt; Primary Contact: &amp;nbsp;&lt;/td&gt;
    &lt;/tr&gt;
    &lt;tr&gt;
	   &lt;td colspan='3' rowspan='1' style='height: 0px; width: 291px;' align='undefined' valign='undefined'&gt;&amp;nbsp;&lt;/td&gt;
    &lt;/tr&gt;
  &lt;/tbody&gt;
&lt;/table&gt;</description>
                <styleUrl>#style0x70000</styleUrl>
                <Point>
                    <extrude xmlns:ns5="http://www.w3.org/2001/XMLSchema-instance" xmlns:ns6="http://www.w3.org/2001/XMLSchema" ns5:type="ns6:boolean">false</extrude>
                    <altitudeMode>clampToGround</altitudeMode>
                    <coordinates>-63.570988,44.646446</coordinates>
                </Point>
            </Placemark>
            <Placemark>
                <name> Incident :  Crash causes power outage in Halifax</name>
                <visibility xmlns:ns5="http://www.w3.org/2001/XMLSchema-instance" xmlns:ns6="http://www.w3.org/2001/XMLSchema" ns5:type="ns6:boolean">true</visibility>
                <open xmlns:ns5="http://www.w3.org/2001/XMLSchema-instance" xmlns:ns6="http://www.w3.org/2001/XMLSchema" ns5:type="ns6:boolean">false</open>
                <description>&lt;table style='text-align: left; width: 480px; height: 240px;' border='1' border-color='gray' border-style='solid' cellpadding='2' cellspacing='2'&gt;
&lt;tbody&gt;
    &lt;tr style='font-weight: bold;'&gt;
		&lt;td style='height: 78px; width: 184px;' align='undefined' valign='undefined'&gt;&lt;span style='font-weight: normal;'&gt;&lt;img src='http:\\66.216.18.155\Razient\iconsgi\suppliers.gif'/&gt;&lt;/span&gt;&lt;/td&gt;
		&lt;td colspan='3' rowspan='1' style='height: 78px; width: 291px;' align='undefined' valign='undefined'&gt;Halifax PWC&amp;nbsp;
1601 Lower Water Street&amp;nbsp;&lt;/td&gt;
    &lt;/tr&gt;
    &lt;tr&gt;
      &lt;td style='height: 0px; width: 184px; text-align: left;' valign='undefined'&gt;&lt;span style='font-weight: bold;'&gt;Summary:&lt;/span&gt;&lt;/td&gt;
	   &lt;td colspan='3' rowspan='1' style='height: 0px; width: 291px;' align='undefined' valign='undefined'&gt; Crash causes power outage in Halifax&amp;nbsp;&lt;/td&gt;
    &lt;/tr&gt;
    &lt;tr&gt;
      &lt;td style='width: 184px; height: 26px; font-weight: bold;' align='undefined' valign='undefined'&gt;Country&lt;/td&gt;
      &lt;td style='width: 292px; height: 26px;' align='undefined' valign='undefined'&gt;Canada&amp;nbsp;&lt;/td&gt;
      &lt;td style='height: 26px; width: 184px; font-weight: bold;' align='undefined' valign='undefined'&gt;Severity	&lt;/td&gt;
      &lt;td style='height: 26px; width: 291px;' align='undefined' valign='undefined'&gt;Medium&amp;nbsp;&lt;/td&gt;
    &lt;/tr&gt;
    &lt;tr&gt;
      &lt;td style='width: 184px; height: 30px; font-weight: bold;' align='undefined' valign='undefined'&gt;State&lt;/td&gt;
      &lt;td style='width: 292px; height: 30px;' align='undefined' valign='undefined'&gt;Nova Scotia&amp;nbsp;
&lt;/td&gt;
      &lt;td style='height: 30px; width: 184px; font-weight: bold;' align='undefined' valign='undefined'&gt;Type&lt;/td&gt;
      &lt;td style='height: 30px; width: 291px;' align='undefined' valign='undefined'&gt;Power Outage&amp;nbsp;&lt;/td&gt;
    &lt;/tr&gt;
    &lt;tr&gt;
      &lt;td style='width: 184px; height: 24px; font-weight: bold;' align='undefined' valign='undefined'&gt;City&lt;/td&gt;
      &lt;td style='width: 292px; height: 24px;' align='undefined' valign='undefined'&gt;halifax&amp;nbsp;
&lt;/td&gt;
      &lt;td style='height: 24px; width: 184px; font-weight: bold;' align='undefined' valign='undefined'&gt;Date&lt;/td&gt;
      &lt;td style='height: 24px; width: 291px;' align='undefined' valign='undefined'&gt;2011-10-27&amp;nbsp;
&lt;/td&gt;
    &lt;/tr&gt;
    &lt;tr&gt;
      &lt;td style='width: 184px; height: 26px; font-weight: bold;' align='undefined' valign='undefined'&gt;Deaths&lt;/td&gt;
      &lt;td style='width: 292px; height: 26px;' align='undefined' valign='undefined'&gt;0&amp;nbsp;
&lt;/td&gt;
      &lt;td style='height: 26px; width: 184px; font-weight: bold;' align='undefined' valign='undefined'&gt;Url&lt;/td&gt;
      &lt;td style='height: 26px; width: 291px;' align='undefined' valign='undefined'&gt;&lt;A href=' http://www.cbc.ca/news/canada/nova-scotia/story/2011/10/27/ns-power-car-halifax.html'&gt;Link to News&amp;nbsp;&lt;/A&gt;
&lt;/td&gt;
    &lt;/tr&gt;
    &lt;tr&gt;
      &lt;td style='width: 184px; height: 90px; font-weight: bold;' align='undefined' valign='undefined'&gt;Description&lt;/td&gt;
      &lt;td colspan='3' rowspan='1' style='height: 90px; width: 291px;' align='undefined' valign='undefined'&gt; Halifax police are looking for a driver who took out two power poles early Thursday, cutting off electricity to 1,800 homes and businesses in the citys north end, and creating traffic chaos on both sides of Halifax harbour.&amp;nbsp;
&lt;/td&gt;
    &lt;/tr&gt;
  &lt;/tbody&gt;
&lt;/table&gt;</description>
                <styleUrl>#style25x93325</styleUrl>
                <Point>
                    <extrude xmlns:ns5="http://www.w3.org/2001/XMLSchema-instance" xmlns:ns6="http://www.w3.org/2001/XMLSchema" ns5:type="ns6:boolean">false</extrude>
                    <altitudeMode>clampToGround</altitudeMode>
                    <coordinates>-63.575312,44.648881</coordinates>
                </Point>
            </Placemark>
            <Placemark>
                <name>Phoenix</name>
                <visibility xmlns:ns5="http://www.w3.org/2001/XMLSchema-instance" xmlns:ns6="http://www.w3.org/2001/XMLSchema" ns5:type="ns6:boolean">true</visibility>
                <open xmlns:ns5="http://www.w3.org/2001/XMLSchema-instance" xmlns:ns6="http://www.w3.org/2001/XMLSchema" ns5:type="ns6:boolean">true</open>
                <address>1850 North Central Avenue,phoenix,Arizona,United States</address>
                <description>&lt;table style='text-align: left; width: 480px; height: 240px;' border='1' border-color='gray' border-style='solid' cellpadding='2' cellspacing='2'&gt;
&lt;tbody&gt;
    &lt;tr style='font-weight: bold;'&gt;
		&lt;td style='height: 78px; width: 184px;' align='undefined' valign='undefined'&gt;&lt;span style='font-weight: normal;'&gt;&lt;img src='http:\\www.razient.com\Razient\iconsgi\customer.png'/&gt;&lt;/span&gt;&lt;/td&gt;
		&lt;td colspan='3' rowspan='1' style='height: 78px; width: 291px;' align='undefined' valign='undefined'&gt;Name: Phoenix&amp;nbsp;&lt;br&gt; Address: 1850 North Central Avenue - phoenix - Arizona - United States&amp;nbsp;&lt;br&gt; Phone Number: &amp;nbsp;&lt;br&gt; Email: &amp;nbsp;&lt;br&gt; Primary Contact: &amp;nbsp;&lt;/td&gt;
    &lt;/tr&gt;
    &lt;tr&gt;
	   &lt;td colspan='3' rowspan='1' style='height: 0px; width: 291px;' align='undefined' valign='undefined'&gt;&amp;nbsp;&lt;/td&gt;
    &lt;/tr&gt;
  &lt;/tbody&gt;
&lt;/table&gt;</description>
                <styleUrl>#style0x70000</styleUrl>
                <Point>
                    <extrude xmlns:ns5="http://www.w3.org/2001/XMLSchema-instance" xmlns:ns6="http://www.w3.org/2001/XMLSchema" ns5:type="ns6:boolean">false</extrude>
                    <altitudeMode>clampToGround</altitudeMode>
                    <coordinates>-112.07432,33.468987</coordinates>
                </Point>
            </Placemark>
            <Placemark>
                <name> Incident :  Phoenix bank robbery ends in arrest</name>
                <visibility xmlns:ns5="http://www.w3.org/2001/XMLSchema-instance" xmlns:ns6="http://www.w3.org/2001/XMLSchema" ns5:type="ns6:boolean">true</visibility>
                <open xmlns:ns5="http://www.w3.org/2001/XMLSchema-instance" xmlns:ns6="http://www.w3.org/2001/XMLSchema" ns5:type="ns6:boolean">false</open>
                <description>&lt;table style='text-align: left; width: 480px; height: 240px;' border='1' border-color='gray' border-style='solid' cellpadding='2' cellspacing='2'&gt;
&lt;tbody&gt;
    &lt;tr style='font-weight: bold;'&gt;
		&lt;td style='height: 78px; width: 184px;' align='undefined' valign='undefined'&gt;&lt;span style='font-weight: normal;'&gt;&lt;img src='http:\\66.216.18.155\Razient\iconsgi\suppliers.gif'/&gt;&lt;/span&gt;&lt;/td&gt;
		&lt;td colspan='3' rowspan='1' style='height: 78px; width: 291px;' align='undefined' valign='undefined'&gt;Phoenix&amp;nbsp;
1850 North Central Avenue&amp;nbsp;&lt;/td&gt;
    &lt;/tr&gt;
    &lt;tr&gt;
      &lt;td style='height: 0px; width: 184px; text-align: left;' valign='undefined'&gt;&lt;span style='font-weight: bold;'&gt;Summary:&lt;/span&gt;&lt;/td&gt;
	   &lt;td colspan='3' rowspan='1' style='height: 0px; width: 291px;' align='undefined' valign='undefined'&gt; Phoenix bank robbery ends in arrest&amp;nbsp;&lt;/td&gt;
    &lt;/tr&gt;
    &lt;tr&gt;
      &lt;td style='width: 184px; height: 26px; font-weight: bold;' align='undefined' valign='undefined'&gt;Country&lt;/td&gt;
      &lt;td style='width: 292px; height: 26px;' align='undefined' valign='undefined'&gt;United States&amp;nbsp;&lt;/td&gt;
      &lt;td style='height: 26px; width: 184px; font-weight: bold;' align='undefined' valign='undefined'&gt;Severity	&lt;/td&gt;
      &lt;td style='height: 26px; width: 291px;' align='undefined' valign='undefined'&gt;Low&amp;nbsp;&lt;/td&gt;
    &lt;/tr&gt;
    &lt;tr&gt;
      &lt;td style='width: 184px; height: 30px; font-weight: bold;' align='undefined' valign='undefined'&gt;State&lt;/td&gt;
      &lt;td style='width: 292px; height: 30px;' align='undefined' valign='undefined'&gt;Arizona&amp;nbsp;
&lt;/td&gt;
      &lt;td style='height: 30px; width: 184px; font-weight: bold;' align='undefined' valign='undefined'&gt;Type&lt;/td&gt;
      &lt;td style='height: 30px; width: 291px;' align='undefined' valign='undefined'&gt;Shooting&amp;nbsp;&lt;/td&gt;
    &lt;/tr&gt;
    &lt;tr&gt;
      &lt;td style='width: 184px; height: 24px; font-weight: bold;' align='undefined' valign='undefined'&gt;City&lt;/td&gt;
      &lt;td style='width: 292px; height: 24px;' align='undefined' valign='undefined'&gt;phoenix&amp;nbsp;
&lt;/td&gt;
      &lt;td style='height: 24px; width: 184px; font-weight: bold;' align='undefined' valign='undefined'&gt;Date&lt;/td&gt;
      &lt;td style='height: 24px; width: 291px;' align='undefined' valign='undefined'&gt;2011-10-26&amp;nbsp;
&lt;/td&gt;
    &lt;/tr&gt;
    &lt;tr&gt;
      &lt;td style='width: 184px; height: 26px; font-weight: bold;' align='undefined' valign='undefined'&gt;Deaths&lt;/td&gt;
      &lt;td style='width: 292px; height: 26px;' align='undefined' valign='undefined'&gt;0&amp;nbsp;
&lt;/td&gt;
      &lt;td style='height: 26px; width: 184px; font-weight: bold;' align='undefined' valign='undefined'&gt;Url&lt;/td&gt;
      &lt;td style='height: 26px; width: 291px;' align='undefined' valign='undefined'&gt;&lt;A href=' http://www.azcentral.com/community/phoenix/articles/2011/10/26/20111026phoenix-bank-robbery-arrest-money-strewn-backyard-abrk.html'&gt;Link to News&amp;nbsp;&lt;/A&gt;
&lt;/td&gt;
    &lt;/tr&gt;
    &lt;tr&gt;
      &lt;td style='width: 184px; height: 90px; font-weight: bold;' align='undefined' valign='undefined'&gt;Description&lt;/td&gt;
      &lt;td colspan='3' rowspan='1' style='height: 90px; width: 291px;' align='undefined' valign='undefined'&gt;A man is suspected of robbing the Chase bank branch on 16th Street and Camelback Road in Phoenix. The man took off toward a neighborhood near Seventh Street and Missouri Avenue.The man &#xD;
was apprehended outside a Phoenix home Wednesday afternoon, leaving money scattered across the homes backyard.&amp;nbsp;
&lt;/td&gt;
    &lt;/tr&gt;
  &lt;/tbody&gt;
&lt;/table&gt;</description>
                <styleUrl>#style1x93301</styleUrl>
                <Point>
                    <extrude xmlns:ns5="http://www.w3.org/2001/XMLSchema-instance" xmlns:ns6="http://www.w3.org/2001/XMLSchema" ns5:type="ns6:boolean">false</extrude>
                    <altitudeMode>clampToGround</altitudeMode>
                    <coordinates>-112.0475167,33.5092195</coordinates>
                </Point>
            </Placemark>
            <Placemark>
                <name>Fort Worth</name>
                <visibility xmlns:ns5="http://www.w3.org/2001/XMLSchema-instance" xmlns:ns6="http://www.w3.org/2001/XMLSchema" ns5:type="ns6:boolean">true</visibility>
                <open xmlns:ns5="http://www.w3.org/2001/XMLSchema-instance" xmlns:ns6="http://www.w3.org/2001/XMLSchema" ns5:type="ns6:boolean">true</open>
                <address>301 Commerce Street , Suite 2350,fort worth,Texas,United States</address>
                <description>&lt;table style='text-align: left; width: 480px; height: 240px;' border='1' border-color='gray' border-style='solid' cellpadding='2' cellspacing='2'&gt;
&lt;tbody&gt;
    &lt;tr style='font-weight: bold;'&gt;
		&lt;td style='height: 78px; width: 184px;' align='undefined' valign='undefined'&gt;&lt;span style='font-weight: normal;'&gt;&lt;img src='http:\\www.razient.com\Razient\iconsgi\customer.png'/&gt;&lt;/span&gt;&lt;/td&gt;
		&lt;td colspan='3' rowspan='1' style='height: 78px; width: 291px;' align='undefined' valign='undefined'&gt;Name: Fort Worth&amp;nbsp;&lt;br&gt; Address: 301 Commerce Street , Suite 2350 - fort worth - Texas - United States&amp;nbsp;&lt;br&gt; Phone Number: &amp;nbsp;&lt;br&gt; Email: &amp;nbsp;&lt;br&gt; Primary Contact: &amp;nbsp;&lt;/td&gt;
    &lt;/tr&gt;
    &lt;tr&gt;
	   &lt;td colspan='3' rowspan='1' style='height: 0px; width: 291px;' align='undefined' valign='undefined'&gt;&amp;nbsp;&lt;/td&gt;
    &lt;/tr&gt;
  &lt;/tbody&gt;
&lt;/table&gt;</description>
                <styleUrl>#style0x70000</styleUrl>
                <Point>
                    <extrude xmlns:ns5="http://www.w3.org/2001/XMLSchema-instance" xmlns:ns6="http://www.w3.org/2001/XMLSchema" ns5:type="ns6:boolean">false</extrude>
                    <altitudeMode>clampToGround</altitudeMode>
                    <coordinates>-97.33058,32.7556</coordinates>
                </Point>
            </Placemark>
            <Placemark>
                <name> Incident :  Small plane crash near Fort Worth airport </name>
                <visibility xmlns:ns5="http://www.w3.org/2001/XMLSchema-instance" xmlns:ns6="http://www.w3.org/2001/XMLSchema" ns5:type="ns6:boolean">true</visibility>
                <open xmlns:ns5="http://www.w3.org/2001/XMLSchema-instance" xmlns:ns6="http://www.w3.org/2001/XMLSchema" ns5:type="ns6:boolean">false</open>
                <description>&lt;table style='text-align: left; width: 480px; height: 240px;' border='1' border-color='gray' border-style='solid' cellpadding='2' cellspacing='2'&gt;
&lt;tbody&gt;
    &lt;tr style='font-weight: bold;'&gt;
		&lt;td style='height: 78px; width: 184px;' align='undefined' valign='undefined'&gt;&lt;span style='font-weight: normal;'&gt;&lt;img src='http:\\66.216.18.155\Razient\iconsgi\suppliers.gif'/&gt;&lt;/span&gt;&lt;/td&gt;
		&lt;td colspan='3' rowspan='1' style='height: 78px; width: 291px;' align='undefined' valign='undefined'&gt;Fort Worth&amp;nbsp;
301 Commerce Street , Suite 2350&amp;nbsp;&lt;/td&gt;
    &lt;/tr&gt;
    &lt;tr&gt;
      &lt;td style='height: 0px; width: 184px; text-align: left;' valign='undefined'&gt;&lt;span style='font-weight: bold;'&gt;Summary:&lt;/span&gt;&lt;/td&gt;
	   &lt;td colspan='3' rowspan='1' style='height: 0px; width: 291px;' align='undefined' valign='undefined'&gt; Small plane crash near Fort Worth airport &amp;nbsp;&lt;/td&gt;
    &lt;/tr&gt;
    &lt;tr&gt;
      &lt;td style='width: 184px; height: 26px; font-weight: bold;' align='undefined' valign='undefined'&gt;Country&lt;/td&gt;
      &lt;td style='width: 292px; height: 26px;' align='undefined' valign='undefined'&gt;United States&amp;nbsp;&lt;/td&gt;
      &lt;td style='height: 26px; width: 184px; font-weight: bold;' align='undefined' valign='undefined'&gt;Severity	&lt;/td&gt;
      &lt;td style='height: 26px; width: 291px;' align='undefined' valign='undefined'&gt;Medium&amp;nbsp;&lt;/td&gt;
    &lt;/tr&gt;
    &lt;tr&gt;
      &lt;td style='width: 184px; height: 30px; font-weight: bold;' align='undefined' valign='undefined'&gt;State&lt;/td&gt;
      &lt;td style='width: 292px; height: 30px;' align='undefined' valign='undefined'&gt;Texas&amp;nbsp;
&lt;/td&gt;
      &lt;td style='height: 30px; width: 184px; font-weight: bold;' align='undefined' valign='undefined'&gt;Type&lt;/td&gt;
      &lt;td style='height: 30px; width: 291px;' align='undefined' valign='undefined'&gt;Airplane Crash&amp;nbsp;&lt;/td&gt;
    &lt;/tr&gt;
    &lt;tr&gt;
      &lt;td style='width: 184px; height: 24px; font-weight: bold;' align='undefined' valign='undefined'&gt;City&lt;/td&gt;
      &lt;td style='width: 292px; height: 24px;' align='undefined' valign='undefined'&gt;fort worth&amp;nbsp;
&lt;/td&gt;
      &lt;td style='height: 24px; width: 184px; font-weight: bold;' align='undefined' valign='undefined'&gt;Date&lt;/td&gt;
      &lt;td style='height: 24px; width: 291px;' align='undefined' valign='undefined'&gt;2011-10-26&amp;nbsp;
&lt;/td&gt;
    &lt;/tr&gt;
    &lt;tr&gt;
      &lt;td style='width: 184px; height: 26px; font-weight: bold;' align='undefined' valign='undefined'&gt;Deaths&lt;/td&gt;
      &lt;td style='width: 292px; height: 26px;' align='undefined' valign='undefined'&gt;0&amp;nbsp;
&lt;/td&gt;
      &lt;td style='height: 26px; width: 184px; font-weight: bold;' align='undefined' valign='undefined'&gt;Url&lt;/td&gt;
      &lt;td style='height: 26px; width: 291px;' align='undefined' valign='undefined'&gt;&lt;A href=' http://www.kvue.com/news/state/132639248.html'&gt;Link to News&amp;nbsp;&lt;/A&gt;
&lt;/td&gt;
    &lt;/tr&gt;
    &lt;tr&gt;
      &lt;td style='width: 184px; height: 90px; font-weight: bold;' align='undefined' valign='undefined'&gt;Description&lt;/td&gt;
      &lt;td colspan='3' rowspan='1' style='height: 90px; width: 291px;' align='undefined' valign='undefined'&gt;  A small twin engine plane went down during an instructional flight near Hicks Airport in Fort Worth around 935 a.m. on Wednesday.The two men sitting in the front seats and the woman on board were Injured and alive when emergency teams arrived. &amp;nbsp;
&lt;/td&gt;
    &lt;/tr&gt;
  &lt;/tbody&gt;
&lt;/table&gt;</description>
                <styleUrl>#style0x93300</styleUrl>
                <Point>
                    <extrude xmlns:ns5="http://www.w3.org/2001/XMLSchema-instance" xmlns:ns6="http://www.w3.org/2001/XMLSchema" ns5:type="ns6:boolean">false</extrude>
                    <altitudeMode>clampToGround</altitudeMode>
                    <coordinates>-97.4148157,32.9345628</coordinates>
                </Point>
            </Placemark>
            <Placemark>
                <name>Atlanta</name>
                <visibility xmlns:ns5="http://www.w3.org/2001/XMLSchema-instance" xmlns:ns6="http://www.w3.org/2001/XMLSchema" ns5:type="ns6:boolean">true</visibility>
                <open xmlns:ns5="http://www.w3.org/2001/XMLSchema-instance" xmlns:ns6="http://www.w3.org/2001/XMLSchema" ns5:type="ns6:boolean">true</open>
                <address>10 Tenth Street,atlanta,Georgia,United States</address>
                <description>&lt;table style='text-align: left; width: 480px; height: 240px;' border='1' border-color='gray' border-style='solid' cellpadding='2' cellspacing='2'&gt;
&lt;tbody&gt;
    &lt;tr style='font-weight: bold;'&gt;
		&lt;td style='height: 78px; width: 184px;' align='undefined' valign='undefined'&gt;&lt;span style='font-weight: normal;'&gt;&lt;img src='http:\\www.razient.com\Razient\iconsgi\customer.png'/&gt;&lt;/span&gt;&lt;/td&gt;
		&lt;td colspan='3' rowspan='1' style='height: 78px; width: 291px;' align='undefined' valign='undefined'&gt;Name: Atlanta&amp;nbsp;&lt;br&gt; Address: 10 Tenth Street - atlanta - Georgia - United States&amp;nbsp;&lt;br&gt; Phone Number: &amp;nbsp;&lt;br&gt; Email: &amp;nbsp;&lt;br&gt; Primary Contact: &amp;nbsp;&lt;/td&gt;
    &lt;/tr&gt;
    &lt;tr&gt;
	   &lt;td colspan='3' rowspan='1' style='height: 0px; width: 291px;' align='undefined' valign='undefined'&gt;&amp;nbsp;&lt;/td&gt;
    &lt;/tr&gt;
  &lt;/tbody&gt;
&lt;/table&gt;</description>
                <styleUrl>#style0x70000</styleUrl>
                <Point>
                    <extrude xmlns:ns5="http://www.w3.org/2001/XMLSchema-instance" xmlns:ns6="http://www.w3.org/2001/XMLSchema" ns5:type="ns6:boolean">false</extrude>
                    <altitudeMode>clampToGround</altitudeMode>
                    <coordinates>-84.387566,33.781727</coordinates>
                </Point>
            </Placemark>
            <Placemark>
                <name> Incident :  Police Fire Tear Gas at Occupy Protesters in Oakland</name>
                <visibility xmlns:ns5="http://www.w3.org/2001/XMLSchema-instance" xmlns:ns6="http://www.w3.org/2001/XMLSchema" ns5:type="ns6:boolean">true</visibility>
                <open xmlns:ns5="http://www.w3.org/2001/XMLSchema-instance" xmlns:ns6="http://www.w3.org/2001/XMLSchema" ns5:type="ns6:boolean">false</open>
                <description>&lt;table style='text-align: left; width: 480px; height: 240px;' border='1' border-color='gray' border-style='solid' cellpadding='2' cellspacing='2'&gt;
&lt;tbody&gt;
    &lt;tr style='font-weight: bold;'&gt;
		&lt;td style='height: 78px; width: 184px;' align='undefined' valign='undefined'&gt;&lt;span style='font-weight: normal;'&gt;&lt;img src='http:\\66.216.18.155\Razient\iconsgi\suppliers.gif'/&gt;&lt;/span&gt;&lt;/td&gt;
		&lt;td colspan='3' rowspan='1' style='height: 78px; width: 291px;' align='undefined' valign='undefined'&gt;Atlanta&amp;nbsp;
10 Tenth Street&amp;nbsp;&lt;/td&gt;
    &lt;/tr&gt;
    &lt;tr&gt;
      &lt;td style='height: 0px; width: 184px; text-align: left;' valign='undefined'&gt;&lt;span style='font-weight: bold;'&gt;Summary:&lt;/span&gt;&lt;/td&gt;
	   &lt;td colspan='3' rowspan='1' style='height: 0px; width: 291px;' align='undefined' valign='undefined'&gt; Police Fire Tear Gas at Occupy Protesters in Oakland&amp;nbsp;&lt;/td&gt;
    &lt;/tr&gt;
    &lt;tr&gt;
      &lt;td style='width: 184px; height: 26px; font-weight: bold;' align='undefined' valign='undefined'&gt;Country&lt;/td&gt;
      &lt;td style='width: 292px; height: 26px;' align='undefined' valign='undefined'&gt;United States&amp;nbsp;&lt;/td&gt;
      &lt;td style='height: 26px; width: 184px; font-weight: bold;' align='undefined' valign='undefined'&gt;Severity	&lt;/td&gt;
      &lt;td style='height: 26px; width: 291px;' align='undefined' valign='undefined'&gt;Low&amp;nbsp;&lt;/td&gt;
    &lt;/tr&gt;
    &lt;tr&gt;
      &lt;td style='width: 184px; height: 30px; font-weight: bold;' align='undefined' valign='undefined'&gt;State&lt;/td&gt;
      &lt;td style='width: 292px; height: 30px;' align='undefined' valign='undefined'&gt;Georgia&amp;nbsp;
&lt;/td&gt;
      &lt;td style='height: 30px; width: 184px; font-weight: bold;' align='undefined' valign='undefined'&gt;Type&lt;/td&gt;
      &lt;td style='height: 30px; width: 291px;' align='undefined' valign='undefined'&gt;Tear Gas&amp;nbsp;&lt;/td&gt;
    &lt;/tr&gt;
    &lt;tr&gt;
      &lt;td style='width: 184px; height: 24px; font-weight: bold;' align='undefined' valign='undefined'&gt;City&lt;/td&gt;
      &lt;td style='width: 292px; height: 24px;' align='undefined' valign='undefined'&gt;atlanta&amp;nbsp;
&lt;/td&gt;
      &lt;td style='height: 24px; width: 184px; font-weight: bold;' align='undefined' valign='undefined'&gt;Date&lt;/td&gt;
      &lt;td style='height: 24px; width: 291px;' align='undefined' valign='undefined'&gt;2011-10-25&amp;nbsp;
&lt;/td&gt;
    &lt;/tr&gt;
    &lt;tr&gt;
      &lt;td style='width: 184px; height: 26px; font-weight: bold;' align='undefined' valign='undefined'&gt;Deaths&lt;/td&gt;
      &lt;td style='width: 292px; height: 26px;' align='undefined' valign='undefined'&gt;0&amp;nbsp;
&lt;/td&gt;
      &lt;td style='height: 26px; width: 184px; font-weight: bold;' align='undefined' valign='undefined'&gt;Url&lt;/td&gt;
      &lt;td style='height: 26px; width: 291px;' align='undefined' valign='undefined'&gt;&lt;A href=' http://thelede.blogs.nytimes.com/2011/10/26/police-said-to-fire-tear-gas-at-protesters-in-oakland-calif/'&gt;Link to News&amp;nbsp;&lt;/A&gt;
&lt;/td&gt;
    &lt;/tr&gt;
    &lt;tr&gt;
      &lt;td style='width: 184px; height: 90px; font-weight: bold;' align='undefined' valign='undefined'&gt;Description&lt;/td&gt;
      &lt;td colspan='3' rowspan='1' style='height: 90px; width: 291px;' align='undefined' valign='undefined'&gt; Riot police in Oakland dispersed hundreds of protesters with tear gas on Tuesday night as crowds tried to re enter a plaza outside of City Hall that the authorities had cleared of an encampment earlier in the day.&amp;nbsp;
&lt;/td&gt;
    &lt;/tr&gt;
  &lt;/tbody&gt;
&lt;/table&gt;</description>
                <styleUrl>#style30x93330</styleUrl>
                <Point>
                    <extrude xmlns:ns5="http://www.w3.org/2001/XMLSchema-instance" xmlns:ns6="http://www.w3.org/2001/XMLSchema" ns5:type="ns6:boolean">false</extrude>
                    <altitudeMode>clampToGround</altitudeMode>
                    <coordinates>-84.3904359,33.7487319</coordinates>
                </Point>
            </Placemark>
            <Placemark>
                <name>Portland, Oregon</name>
                <visibility xmlns:ns5="http://www.w3.org/2001/XMLSchema-instance" xmlns:ns6="http://www.w3.org/2001/XMLSchema" ns5:type="ns6:boolean">true</visibility>
                <open xmlns:ns5="http://www.w3.org/2001/XMLSchema-instance" xmlns:ns6="http://www.w3.org/2001/XMLSchema" ns5:type="ns6:boolean">true</open>
                <address>1300 SW Fifth Avenue,portland,Oregon,United States</address>
                <description>&lt;table style='text-align: left; width: 480px; height: 240px;' border='1' border-color='gray' border-style='solid' cellpadding='2' cellspacing='2'&gt;
&lt;tbody&gt;
    &lt;tr style='font-weight: bold;'&gt;
		&lt;td style='height: 78px; width: 184px;' align='undefined' valign='undefined'&gt;&lt;span style='font-weight: normal;'&gt;&lt;img src='http:\\www.razient.com\Razient\iconsgi\customer.png'/&gt;&lt;/span&gt;&lt;/td&gt;
		&lt;td colspan='3' rowspan='1' style='height: 78px; width: 291px;' align='undefined' valign='undefined'&gt;Name: Portland, Oregon&amp;nbsp;&lt;br&gt; Address: 1300 SW Fifth Avenue - portland - Oregon - United States&amp;nbsp;&lt;br&gt; Phone Number: &amp;nbsp;&lt;br&gt; Email: &amp;nbsp;&lt;br&gt; Primary Contact: &amp;nbsp;&lt;/td&gt;
    &lt;/tr&gt;
    &lt;tr&gt;
	   &lt;td colspan='3' rowspan='1' style='height: 0px; width: 291px;' align='undefined' valign='undefined'&gt;&amp;nbsp;&lt;/td&gt;
    &lt;/tr&gt;
  &lt;/tbody&gt;
&lt;/table&gt;</description>
                <styleUrl>#style0x70000</styleUrl>
                <Point>
                    <extrude xmlns:ns5="http://www.w3.org/2001/XMLSchema-instance" xmlns:ns6="http://www.w3.org/2001/XMLSchema" ns5:type="ns6:boolean">false</extrude>
                    <altitudeMode>clampToGround</altitudeMode>
                    <coordinates>-122.67945,45.514343</coordinates>
                </Point>
            </Placemark>
            <Placemark>
                <name> Incident :  Two alarm fire breaks out in Southeast Portland apartment building</name>
                <visibility xmlns:ns5="http://www.w3.org/2001/XMLSchema-instance" xmlns:ns6="http://www.w3.org/2001/XMLSchema" ns5:type="ns6:boolean">true</visibility>
                <open xmlns:ns5="http://www.w3.org/2001/XMLSchema-instance" xmlns:ns6="http://www.w3.org/2001/XMLSchema" ns5:type="ns6:boolean">false</open>
                <description>&lt;table style='text-align: left; width: 480px; height: 240px;' border='1' border-color='gray' border-style='solid' cellpadding='2' cellspacing='2'&gt;
&lt;tbody&gt;
    &lt;tr style='font-weight: bold;'&gt;
		&lt;td style='height: 78px; width: 184px;' align='undefined' valign='undefined'&gt;&lt;span style='font-weight: normal;'&gt;&lt;img src='http:\\66.216.18.155\Razient\iconsgi\suppliers.gif'/&gt;&lt;/span&gt;&lt;/td&gt;
		&lt;td colspan='3' rowspan='1' style='height: 78px; width: 291px;' align='undefined' valign='undefined'&gt;Portland, Oregon&amp;nbsp;
1300 SW Fifth Avenue&amp;nbsp;&lt;/td&gt;
    &lt;/tr&gt;
    &lt;tr&gt;
      &lt;td style='height: 0px; width: 184px; text-align: left;' valign='undefined'&gt;&lt;span style='font-weight: bold;'&gt;Summary:&lt;/span&gt;&lt;/td&gt;
	   &lt;td colspan='3' rowspan='1' style='height: 0px; width: 291px;' align='undefined' valign='undefined'&gt; Two alarm fire breaks out in Southeast Portland apartment building&amp;nbsp;&lt;/td&gt;
    &lt;/tr&gt;
    &lt;tr&gt;
      &lt;td style='width: 184px; height: 26px; font-weight: bold;' align='undefined' valign='undefined'&gt;Country&lt;/td&gt;
      &lt;td style='width: 292px; height: 26px;' align='undefined' valign='undefined'&gt;United States&amp;nbsp;&lt;/td&gt;
      &lt;td style='height: 26px; width: 184px; font-weight: bold;' align='undefined' valign='undefined'&gt;Severity	&lt;/td&gt;
      &lt;td style='height: 26px; width: 291px;' align='undefined' valign='undefined'&gt;Medium&amp;nbsp;&lt;/td&gt;
    &lt;/tr&gt;
    &lt;tr&gt;
      &lt;td style='width: 184px; height: 30px; font-weight: bold;' align='undefined' valign='undefined'&gt;State&lt;/td&gt;
      &lt;td style='width: 292px; height: 30px;' align='undefined' valign='undefined'&gt;Oregon&amp;nbsp;
&lt;/td&gt;
      &lt;td style='height: 30px; width: 184px; font-weight: bold;' align='undefined' valign='undefined'&gt;Type&lt;/td&gt;
      &lt;td style='height: 30px; width: 291px;' align='undefined' valign='undefined'&gt;Fire&amp;nbsp;&lt;/td&gt;
    &lt;/tr&gt;
    &lt;tr&gt;
      &lt;td style='width: 184px; height: 24px; font-weight: bold;' align='undefined' valign='undefined'&gt;City&lt;/td&gt;
      &lt;td style='width: 292px; height: 24px;' align='undefined' valign='undefined'&gt;portland&amp;nbsp;
&lt;/td&gt;
      &lt;td style='height: 24px; width: 184px; font-weight: bold;' align='undefined' valign='undefined'&gt;Date&lt;/td&gt;
      &lt;td style='height: 24px; width: 291px;' align='undefined' valign='undefined'&gt;2011-10-25&amp;nbsp;
&lt;/td&gt;
    &lt;/tr&gt;
    &lt;tr&gt;
      &lt;td style='width: 184px; height: 26px; font-weight: bold;' align='undefined' valign='undefined'&gt;Deaths&lt;/td&gt;
      &lt;td style='width: 292px; height: 26px;' align='undefined' valign='undefined'&gt;0&amp;nbsp;
&lt;/td&gt;
      &lt;td style='height: 26px; width: 184px; font-weight: bold;' align='undefined' valign='undefined'&gt;Url&lt;/td&gt;
      &lt;td style='height: 26px; width: 291px;' align='undefined' valign='undefined'&gt;&lt;A href=' http://www.oregonlive.com/portland/index.ssf/2011/10/two-alarm_fire_breaks_out_in_s.html'&gt;Link to News&amp;nbsp;&lt;/A&gt;
&lt;/td&gt;
    &lt;/tr&gt;
    &lt;tr&gt;
      &lt;td style='width: 184px; height: 90px; font-weight: bold;' align='undefined' valign='undefined'&gt;Description&lt;/td&gt;
      &lt;td colspan='3' rowspan='1' style='height: 90px; width: 291px;' align='undefined' valign='undefined'&gt;One family was displaced and a child was injured in an early morning apartment building fire on Southeast Powell Boulevard, Portland fire officials said.The two alarm fire broke out about 130 a.m. at the Shalamar Apartments, located at 13746 S.E. Powell Boulevard.&#xD;
&amp;nbsp;
&lt;/td&gt;
    &lt;/tr&gt;
  &lt;/tbody&gt;
&lt;/table&gt;</description>
                <styleUrl>#style9x93309</styleUrl>
                <Point>
                    <extrude xmlns:ns5="http://www.w3.org/2001/XMLSchema-instance" xmlns:ns6="http://www.w3.org/2001/XMLSchema" ns5:type="ns6:boolean">false</extrude>
                    <altitudeMode>clampToGround</altitudeMode>
                    <coordinates>-122.5215,45.497763</coordinates>
                </Point>
            </Placemark>
            <Placemark>
                <name>Headquarters</name>
                <visibility xmlns:ns5="http://www.w3.org/2001/XMLSchema-instance" xmlns:ns6="http://www.w3.org/2001/XMLSchema" ns5:type="ns6:boolean">true</visibility>
                <open xmlns:ns5="http://www.w3.org/2001/XMLSchema-instance" xmlns:ns6="http://www.w3.org/2001/XMLSchema" ns5:type="ns6:boolean">true</open>
                <address>300 Madison Avenue,new york,New York,United States</address>
                <description>&lt;table style='text-align: left; width: 480px; height: 240px;' border='1' border-color='gray' border-style='solid' cellpadding='2' cellspacing='2'&gt;
&lt;tbody&gt;
    &lt;tr style='font-weight: bold;'&gt;
		&lt;td style='height: 78px; width: 184px;' align='undefined' valign='undefined'&gt;&lt;span style='font-weight: normal;'&gt;&lt;img src='http:\\www.razient.com\Razient\iconsgi\customer.png'/&gt;&lt;/span&gt;&lt;/td&gt;
		&lt;td colspan='3' rowspan='1' style='height: 78px; width: 291px;' align='undefined' valign='undefined'&gt;Name: Headquarters&amp;nbsp;&lt;br&gt; Address: 300 Madison Avenue - new york - New York - United States&amp;nbsp;&lt;br&gt; Phone Number: &amp;nbsp;&lt;br&gt; Email: pwc@razient.com&amp;nbsp;&lt;br&gt; Primary Contact: fred rica&amp;nbsp;&lt;/td&gt;
    &lt;/tr&gt;
    &lt;tr&gt;
	   &lt;td colspan='3' rowspan='1' style='height: 0px; width: 291px;' align='undefined' valign='undefined'&gt;&amp;nbsp;&lt;/td&gt;
    &lt;/tr&gt;
  &lt;/tbody&gt;
&lt;/table&gt;</description>
                <styleUrl>#style0x70000</styleUrl>
                <Point>
                    <extrude xmlns:ns5="http://www.w3.org/2001/XMLSchema-instance" xmlns:ns6="http://www.w3.org/2001/XMLSchema" ns5:type="ns6:boolean">false</extrude>
                    <altitudeMode>clampToGround</altitudeMode>
                    <coordinates>-73.97956,40.75271</coordinates>
                </Point>
            </Placemark>
            <Placemark>
                <name> Incident : Derailed Subway Train Causes Major Disruption in Morning Rush</name>
                <visibility xmlns:ns5="http://www.w3.org/2001/XMLSchema-instance" xmlns:ns6="http://www.w3.org/2001/XMLSchema" ns5:type="ns6:boolean">true</visibility>
                <open xmlns:ns5="http://www.w3.org/2001/XMLSchema-instance" xmlns:ns6="http://www.w3.org/2001/XMLSchema" ns5:type="ns6:boolean">false</open>
                <description>&lt;table style='text-align: left; width: 480px; height: 240px;' border='1' border-color='gray' border-style='solid' cellpadding='2' cellspacing='2'&gt;
&lt;tbody&gt;
    &lt;tr style='font-weight: bold;'&gt;
		&lt;td style='height: 78px; width: 184px;' align='undefined' valign='undefined'&gt;&lt;span style='font-weight: normal;'&gt;&lt;img src='http:\\66.216.18.155\Razient\iconsgi\suppliers.gif'/&gt;&lt;/span&gt;&lt;/td&gt;
		&lt;td colspan='3' rowspan='1' style='height: 78px; width: 291px;' align='undefined' valign='undefined'&gt;Headquarters&amp;nbsp;
300 Madison Avenue&amp;nbsp;&lt;/td&gt;
    &lt;/tr&gt;
    &lt;tr&gt;
      &lt;td style='height: 0px; width: 184px; text-align: left;' valign='undefined'&gt;&lt;span style='font-weight: bold;'&gt;Summary:&lt;/span&gt;&lt;/td&gt;
	   &lt;td colspan='3' rowspan='1' style='height: 0px; width: 291px;' align='undefined' valign='undefined'&gt;Derailed Subway Train Causes Major Disruption in Morning Rush&amp;nbsp;&lt;/td&gt;
    &lt;/tr&gt;
    &lt;tr&gt;
      &lt;td style='width: 184px; height: 26px; font-weight: bold;' align='undefined' valign='undefined'&gt;Country&lt;/td&gt;
      &lt;td style='width: 292px; height: 26px;' align='undefined' valign='undefined'&gt;United States&amp;nbsp;&lt;/td&gt;
      &lt;td style='height: 26px; width: 184px; font-weight: bold;' align='undefined' valign='undefined'&gt;Severity	&lt;/td&gt;
      &lt;td style='height: 26px; width: 291px;' align='undefined' valign='undefined'&gt;Low&amp;nbsp;&lt;/td&gt;
    &lt;/tr&gt;
    &lt;tr&gt;
      &lt;td style='width: 184px; height: 30px; font-weight: bold;' align='undefined' valign='undefined'&gt;State&lt;/td&gt;
      &lt;td style='width: 292px; height: 30px;' align='undefined' valign='undefined'&gt;New York&amp;nbsp;
&lt;/td&gt;
      &lt;td style='height: 30px; width: 184px; font-weight: bold;' align='undefined' valign='undefined'&gt;Type&lt;/td&gt;
      &lt;td style='height: 30px; width: 291px;' align='undefined' valign='undefined'&gt;Train Crash&amp;nbsp;&lt;/td&gt;
    &lt;/tr&gt;
    &lt;tr&gt;
      &lt;td style='width: 184px; height: 24px; font-weight: bold;' align='undefined' valign='undefined'&gt;City&lt;/td&gt;
      &lt;td style='width: 292px; height: 24px;' align='undefined' valign='undefined'&gt;new york&amp;nbsp;
&lt;/td&gt;
      &lt;td style='height: 24px; width: 184px; font-weight: bold;' align='undefined' valign='undefined'&gt;Date&lt;/td&gt;
      &lt;td style='height: 24px; width: 291px;' align='undefined' valign='undefined'&gt;2011-10-24&amp;nbsp;
&lt;/td&gt;
    &lt;/tr&gt;
    &lt;tr&gt;
      &lt;td style='width: 184px; height: 26px; font-weight: bold;' align='undefined' valign='undefined'&gt;Deaths&lt;/td&gt;
      &lt;td style='width: 292px; height: 26px;' align='undefined' valign='undefined'&gt;0&amp;nbsp;
&lt;/td&gt;
      &lt;td style='height: 26px; width: 184px; font-weight: bold;' align='undefined' valign='undefined'&gt;Url&lt;/td&gt;
      &lt;td style='height: 26px; width: 291px;' align='undefined' valign='undefined'&gt;&lt;A href=' http://www.dnainfo.com/20111024/manhattan/derailed-subway-train-causes-major-disruption'&gt;Link to News&amp;nbsp;&lt;/A&gt;
&lt;/td&gt;
    &lt;/tr&gt;
    &lt;tr&gt;
      &lt;td style='width: 184px; height: 90px; font-weight: bold;' align='undefined' valign='undefined'&gt;Description&lt;/td&gt;
      &lt;td colspan='3' rowspan='1' style='height: 90px; width: 291px;' align='undefined' valign='undefined'&gt;A northbound 6 train derailed just outside the Brooklyn Bridge City Hall station early Monday, causing massive delays on the 4, 5 and 6 lines which stretched through Mondays commute.&amp;nbsp;
&lt;/td&gt;
    &lt;/tr&gt;
  &lt;/tbody&gt;
&lt;/table&gt;</description>
                <styleUrl>#style4x93304</styleUrl>
                <Point>
                    <extrude xmlns:ns5="http://www.w3.org/2001/XMLSchema-instance" xmlns:ns6="http://www.w3.org/2001/XMLSchema" ns5:type="ns6:boolean">false</extrude>
                    <altitudeMode>clampToGround</altitudeMode>
                    <coordinates>-73.9662495,40.7834345</coordinates>
                </Point>
            </Placemark>
            <Placemark>
                <name>New York</name>
                <visibility xmlns:ns5="http://www.w3.org/2001/XMLSchema-instance" xmlns:ns6="http://www.w3.org/2001/XMLSchema" ns5:type="ns6:boolean">true</visibility>
                <open xmlns:ns5="http://www.w3.org/2001/XMLSchema-instance" xmlns:ns6="http://www.w3.org/2001/XMLSchema" ns5:type="ns6:boolean">true</open>
                <address>300 Madison Avenue,new york,New York,United States</address>
                <description>&lt;table style='text-align: left; width: 480px; height: 240px;' border='1' border-color='gray' border-style='solid' cellpadding='2' cellspacing='2'&gt;
&lt;tbody&gt;
    &lt;tr style='font-weight: bold;'&gt;
		&lt;td style='height: 78px; width: 184px;' align='undefined' valign='undefined'&gt;&lt;span style='font-weight: normal;'&gt;&lt;img src='http:\\www.razient.com\Razient\iconsgi\customer.png'/&gt;&lt;/span&gt;&lt;/td&gt;
		&lt;td colspan='3' rowspan='1' style='height: 78px; width: 291px;' align='undefined' valign='undefined'&gt;Name: New York&amp;nbsp;&lt;br&gt; Address: 300 Madison Avenue - new york - New York - United States&amp;nbsp;&lt;br&gt; Phone Number: &amp;nbsp;&lt;br&gt; Email: &amp;nbsp;&lt;br&gt; Primary Contact: &amp;nbsp;&lt;/td&gt;
    &lt;/tr&gt;
    &lt;tr&gt;
	   &lt;td colspan='3' rowspan='1' style='height: 0px; width: 291px;' align='undefined' valign='undefined'&gt;&amp;nbsp;&lt;/td&gt;
    &lt;/tr&gt;
  &lt;/tbody&gt;
&lt;/table&gt;</description>
                <styleUrl>#style0x70000</styleUrl>
                <Point>
                    <extrude xmlns:ns5="http://www.w3.org/2001/XMLSchema-instance" xmlns:ns6="http://www.w3.org/2001/XMLSchema" ns5:type="ns6:boolean">false</extrude>
                    <altitudeMode>clampToGround</altitudeMode>
                    <coordinates>-73.97956,40.75271</coordinates>
                </Point>
            </Placemark>
            <Placemark>
                <name> Incident : Derailed Subway Train Causes Major Disruption in Morning Rush</name>
                <visibility xmlns:ns5="http://www.w3.org/2001/XMLSchema-instance" xmlns:ns6="http://www.w3.org/2001/XMLSchema" ns5:type="ns6:boolean">true</visibility>
                <open xmlns:ns5="http://www.w3.org/2001/XMLSchema-instance" xmlns:ns6="http://www.w3.org/2001/XMLSchema" ns5:type="ns6:boolean">false</open>
                <description>&lt;table style='text-align: left; width: 480px; height: 240px;' border='1' border-color='gray' border-style='solid' cellpadding='2' cellspacing='2'&gt;
&lt;tbody&gt;
    &lt;tr style='font-weight: bold;'&gt;
		&lt;td style='height: 78px; width: 184px;' align='undefined' valign='undefined'&gt;&lt;span style='font-weight: normal;'&gt;&lt;img src='http:\\66.216.18.155\Razient\iconsgi\suppliers.gif'/&gt;&lt;/span&gt;&lt;/td&gt;
		&lt;td colspan='3' rowspan='1' style='height: 78px; width: 291px;' align='undefined' valign='undefined'&gt;New York&amp;nbsp;
300 Madison Avenue&amp;nbsp;&lt;/td&gt;
    &lt;/tr&gt;
    &lt;tr&gt;
      &lt;td style='height: 0px; width: 184px; text-align: left;' valign='undefined'&gt;&lt;span style='font-weight: bold;'&gt;Summary:&lt;/span&gt;&lt;/td&gt;
	   &lt;td colspan='3' rowspan='1' style='height: 0px; width: 291px;' align='undefined' valign='undefined'&gt;Derailed Subway Train Causes Major Disruption in Morning Rush&amp;nbsp;&lt;/td&gt;
    &lt;/tr&gt;
    &lt;tr&gt;
      &lt;td style='width: 184px; height: 26px; font-weight: bold;' align='undefined' valign='undefined'&gt;Country&lt;/td&gt;
      &lt;td style='width: 292px; height: 26px;' align='undefined' valign='undefined'&gt;United States&amp;nbsp;&lt;/td&gt;
      &lt;td style='height: 26px; width: 184px; font-weight: bold;' align='undefined' valign='undefined'&gt;Severity	&lt;/td&gt;
      &lt;td style='height: 26px; width: 291px;' align='undefined' valign='undefined'&gt;Low&amp;nbsp;&lt;/td&gt;
    &lt;/tr&gt;
    &lt;tr&gt;
      &lt;td style='width: 184px; height: 30px; font-weight: bold;' align='undefined' valign='undefined'&gt;State&lt;/td&gt;
      &lt;td style='width: 292px; height: 30px;' align='undefined' valign='undefined'&gt;New York&amp;nbsp;
&lt;/td&gt;
      &lt;td style='height: 30px; width: 184px; font-weight: bold;' align='undefined' valign='undefined'&gt;Type&lt;/td&gt;
      &lt;td style='height: 30px; width: 291px;' align='undefined' valign='undefined'&gt;Train Crash&amp;nbsp;&lt;/td&gt;
    &lt;/tr&gt;
    &lt;tr&gt;
      &lt;td style='width: 184px; height: 24px; font-weight: bold;' align='undefined' valign='undefined'&gt;City&lt;/td&gt;
      &lt;td style='width: 292px; height: 24px;' align='undefined' valign='undefined'&gt;new york&amp;nbsp;
&lt;/td&gt;
      &lt;td style='height: 24px; width: 184px; font-weight: bold;' align='undefined' valign='undefined'&gt;Date&lt;/td&gt;
      &lt;td style='height: 24px; width: 291px;' align='undefined' valign='undefined'&gt;2011-10-24&amp;nbsp;
&lt;/td&gt;
    &lt;/tr&gt;
    &lt;tr&gt;
      &lt;td style='width: 184px; height: 26px; font-weight: bold;' align='undefined' valign='undefined'&gt;Deaths&lt;/td&gt;
      &lt;td style='width: 292px; height: 26px;' align='undefined' valign='undefined'&gt;0&amp;nbsp;
&lt;/td&gt;
      &lt;td style='height: 26px; width: 184px; font-weight: bold;' align='undefined' valign='undefined'&gt;Url&lt;/td&gt;
      &lt;td style='height: 26px; width: 291px;' align='undefined' valign='undefined'&gt;&lt;A href=' http://www.dnainfo.com/20111024/manhattan/derailed-subway-train-causes-major-disruption'&gt;Link to News&amp;nbsp;&lt;/A&gt;
&lt;/td&gt;
    &lt;/tr&gt;
    &lt;tr&gt;
      &lt;td style='width: 184px; height: 90px; font-weight: bold;' align='undefined' valign='undefined'&gt;Description&lt;/td&gt;
      &lt;td colspan='3' rowspan='1' style='height: 90px; width: 291px;' align='undefined' valign='undefined'&gt;A northbound 6 train derailed just outside the Brooklyn Bridge City Hall station early Monday, causing massive delays on the 4, 5 and 6 lines which stretched through Mondays commute.&amp;nbsp;
&lt;/td&gt;
    &lt;/tr&gt;
  &lt;/tbody&gt;
&lt;/table&gt;</description>
                <styleUrl>#style4x93304</styleUrl>
                <Point>
                    <extrude xmlns:ns5="http://www.w3.org/2001/XMLSchema-instance" xmlns:ns6="http://www.w3.org/2001/XMLSchema" ns5:type="ns6:boolean">false</extrude>
                    <altitudeMode>clampToGround</altitudeMode>
                    <coordinates>-73.9662495,40.7834345</coordinates>
                </Point>
            </Placemark>
            <Placemark>
                <name>Detroit</name>
                <visibility xmlns:ns5="http://www.w3.org/2001/XMLSchema-instance" xmlns:ns6="http://www.w3.org/2001/XMLSchema" ns5:type="ns6:boolean">true</visibility>
                <open xmlns:ns5="http://www.w3.org/2001/XMLSchema-instance" xmlns:ns6="http://www.w3.org/2001/XMLSchema" ns5:type="ns6:boolean">true</open>
                <address>1900 St. Antoine Street,detroit,Michigan,United States</address>
                <description>&lt;table style='text-align: left; width: 480px; height: 240px;' border='1' border-color='gray' border-style='solid' cellpadding='2' cellspacing='2'&gt;
&lt;tbody&gt;
    &lt;tr style='font-weight: bold;'&gt;
		&lt;td style='height: 78px; width: 184px;' align='undefined' valign='undefined'&gt;&lt;span style='font-weight: normal;'&gt;&lt;img src='http:\\www.razient.com\Razient\iconsgi\customer.png'/&gt;&lt;/span&gt;&lt;/td&gt;
		&lt;td colspan='3' rowspan='1' style='height: 78px; width: 291px;' align='undefined' valign='undefined'&gt;Name: Detroit&amp;nbsp;&lt;br&gt; Address: 1900 St. Antoine Street - detroit - Michigan - United States&amp;nbsp;&lt;br&gt; Phone Number: &amp;nbsp;&lt;br&gt; Email: &amp;nbsp;&lt;br&gt; Primary Contact: &amp;nbsp;&lt;/td&gt;
    &lt;/tr&gt;
    &lt;tr&gt;
	   &lt;td colspan='3' rowspan='1' style='height: 0px; width: 291px;' align='undefined' valign='undefined'&gt;&amp;nbsp;&lt;/td&gt;
    &lt;/tr&gt;
  &lt;/tbody&gt;
&lt;/table&gt;</description>
                <styleUrl>#style0x70000</styleUrl>
                <Point>
                    <extrude xmlns:ns5="http://www.w3.org/2001/XMLSchema-instance" xmlns:ns6="http://www.w3.org/2001/XMLSchema" ns5:type="ns6:boolean">false</extrude>
                    <altitudeMode>clampToGround</altitudeMode>
                    <coordinates>-83.043304,42.33916</coordinates>
                </Point>
            </Placemark>
            <Placemark>
                <name> Incident :  Clerk shot during ATM robbery&#xD;
</name>
                <visibility xmlns:ns5="http://www.w3.org/2001/XMLSchema-instance" xmlns:ns6="http://www.w3.org/2001/XMLSchema" ns5:type="ns6:boolean">true</visibility>
                <open xmlns:ns5="http://www.w3.org/2001/XMLSchema-instance" xmlns:ns6="http://www.w3.org/2001/XMLSchema" ns5:type="ns6:boolean">false</open>
                <description>&lt;table style='text-align: left; width: 480px; height: 240px;' border='1' border-color='gray' border-style='solid' cellpadding='2' cellspacing='2'&gt;
&lt;tbody&gt;
    &lt;tr style='font-weight: bold;'&gt;
		&lt;td style='height: 78px; width: 184px;' align='undefined' valign='undefined'&gt;&lt;span style='font-weight: normal;'&gt;&lt;img src='http:\\66.216.18.155\Razient\iconsgi\suppliers.gif'/&gt;&lt;/span&gt;&lt;/td&gt;
		&lt;td colspan='3' rowspan='1' style='height: 78px; width: 291px;' align='undefined' valign='undefined'&gt;Detroit&amp;nbsp;
1900 St. Antoine Street&amp;nbsp;&lt;/td&gt;
    &lt;/tr&gt;
    &lt;tr&gt;
      &lt;td style='height: 0px; width: 184px; text-align: left;' valign='undefined'&gt;&lt;span style='font-weight: bold;'&gt;Summary:&lt;/span&gt;&lt;/td&gt;
	   &lt;td colspan='3' rowspan='1' style='height: 0px; width: 291px;' align='undefined' valign='undefined'&gt; Clerk shot during ATM robbery&#xD;
&amp;nbsp;&lt;/td&gt;
    &lt;/tr&gt;
    &lt;tr&gt;
      &lt;td style='width: 184px; height: 26px; font-weight: bold;' align='undefined' valign='undefined'&gt;Country&lt;/td&gt;
      &lt;td style='width: 292px; height: 26px;' align='undefined' valign='undefined'&gt;United States&amp;nbsp;&lt;/td&gt;
      &lt;td style='height: 26px; width: 184px; font-weight: bold;' align='undefined' valign='undefined'&gt;Severity	&lt;/td&gt;
      &lt;td style='height: 26px; width: 291px;' align='undefined' valign='undefined'&gt;Medium&amp;nbsp;&lt;/td&gt;
    &lt;/tr&gt;
    &lt;tr&gt;
      &lt;td style='width: 184px; height: 30px; font-weight: bold;' align='undefined' valign='undefined'&gt;State&lt;/td&gt;
      &lt;td style='width: 292px; height: 30px;' align='undefined' valign='undefined'&gt;Michigan&amp;nbsp;
&lt;/td&gt;
      &lt;td style='height: 30px; width: 184px; font-weight: bold;' align='undefined' valign='undefined'&gt;Type&lt;/td&gt;
      &lt;td style='height: 30px; width: 291px;' align='undefined' valign='undefined'&gt;Shooting&amp;nbsp;&lt;/td&gt;
    &lt;/tr&gt;
    &lt;tr&gt;
      &lt;td style='width: 184px; height: 24px; font-weight: bold;' align='undefined' valign='undefined'&gt;City&lt;/td&gt;
      &lt;td style='width: 292px; height: 24px;' align='undefined' valign='undefined'&gt;detroit&amp;nbsp;
&lt;/td&gt;
      &lt;td style='height: 24px; width: 184px; font-weight: bold;' align='undefined' valign='undefined'&gt;Date&lt;/td&gt;
      &lt;td style='height: 24px; width: 291px;' align='undefined' valign='undefined'&gt;2011-10-24&amp;nbsp;
&lt;/td&gt;
    &lt;/tr&gt;
    &lt;tr&gt;
      &lt;td style='width: 184px; height: 26px; font-weight: bold;' align='undefined' valign='undefined'&gt;Deaths&lt;/td&gt;
      &lt;td style='width: 292px; height: 26px;' align='undefined' valign='undefined'&gt;0&amp;nbsp;
&lt;/td&gt;
      &lt;td style='height: 26px; width: 184px; font-weight: bold;' align='undefined' valign='undefined'&gt;Url&lt;/td&gt;
      &lt;td style='height: 26px; width: 291px;' align='undefined' valign='undefined'&gt;&lt;A href=' http://www.freep.com/article/20111024/NEWS01/111024006/SUV-plows-into-gas-station-clerk-shot-during-ATM-robbery?odyssey=tab%7Ctopnews%7Ctext%7CFRONTPAGE'&gt;Link to News&amp;nbsp;&lt;/A&gt;
&lt;/td&gt;
    &lt;/tr&gt;
    &lt;tr&gt;
      &lt;td style='width: 184px; height: 90px; font-weight: bold;' align='undefined' valign='undefined'&gt;Description&lt;/td&gt;
      &lt;td colspan='3' rowspan='1' style='height: 90px; width: 291px;' align='undefined' valign='undefined'&gt;A Detroit gas station clerk was shot and wounded during a robbery in which thieves ran an SUV into the front of the building and stole an ATM.&amp;nbsp;
&lt;/td&gt;
    &lt;/tr&gt;
  &lt;/tbody&gt;
&lt;/table&gt;</description>
                <styleUrl>#style1x93301</styleUrl>
                <Point>
                    <extrude xmlns:ns5="http://www.w3.org/2001/XMLSchema-instance" xmlns:ns6="http://www.w3.org/2001/XMLSchema" ns5:type="ns6:boolean">false</extrude>
                    <altitudeMode>clampToGround</altitudeMode>
                    <coordinates>-82.9366381,42.4164523</coordinates>
                </Point>
            </Placemark>
            <Placemark>
                <name>Raleigh</name>
                <visibility xmlns:ns5="http://www.w3.org/2001/XMLSchema-instance" xmlns:ns6="http://www.w3.org/2001/XMLSchema" ns5:type="ns6:boolean">true</visibility>
                <open xmlns:ns5="http://www.w3.org/2001/XMLSchema-instance" xmlns:ns6="http://www.w3.org/2001/XMLSchema" ns5:type="ns6:boolean">true</open>
                <address>4208 Six Forks Road,raleigh,North Carolina,United States</address>
                <description>&lt;table style='text-align: left; width: 480px; height: 240px;' border='1' border-color='gray' border-style='solid' cellpadding='2' cellspacing='2'&gt;
&lt;tbody&gt;
    &lt;tr style='font-weight: bold;'&gt;
		&lt;td style='height: 78px; width: 184px;' align='undefined' valign='undefined'&gt;&lt;span style='font-weight: normal;'&gt;&lt;img src='http:\\www.razient.com\Razient\iconsgi\customer.png'/&gt;&lt;/span&gt;&lt;/td&gt;
		&lt;td colspan='3' rowspan='1' style='height: 78px; width: 291px;' align='undefined' valign='undefined'&gt;Name: Raleigh&amp;nbsp;&lt;br&gt; Address: 4208 Six Forks Road - raleigh - North Carolina - United States&amp;nbsp;&lt;br&gt; Phone Number: &amp;nbsp;&lt;br&gt; Email: &amp;nbsp;&lt;br&gt; Primary Contact: &amp;nbsp;&lt;/td&gt;
    &lt;/tr&gt;
    &lt;tr&gt;
	   &lt;td colspan='3' rowspan='1' style='height: 0px; width: 291px;' align='undefined' valign='undefined'&gt;&amp;nbsp;&lt;/td&gt;
    &lt;/tr&gt;
  &lt;/tbody&gt;
&lt;/table&gt;</description>
                <styleUrl>#style0x70000</styleUrl>
                <Point>
                    <extrude xmlns:ns5="http://www.w3.org/2001/XMLSchema-instance" xmlns:ns6="http://www.w3.org/2001/XMLSchema" ns5:type="ns6:boolean">false</extrude>
                    <altitudeMode>clampToGround</altitudeMode>
                    <coordinates>-78.64035,35.83751</coordinates>
                </Point>
            </Placemark>
            <Placemark>
                <name> Incident :  Accident causes power outage</name>
                <visibility xmlns:ns5="http://www.w3.org/2001/XMLSchema-instance" xmlns:ns6="http://www.w3.org/2001/XMLSchema" ns5:type="ns6:boolean">true</visibility>
                <open xmlns:ns5="http://www.w3.org/2001/XMLSchema-instance" xmlns:ns6="http://www.w3.org/2001/XMLSchema" ns5:type="ns6:boolean">false</open>
                <description>&lt;table style='text-align: left; width: 480px; height: 240px;' border='1' border-color='gray' border-style='solid' cellpadding='2' cellspacing='2'&gt;
&lt;tbody&gt;
    &lt;tr style='font-weight: bold;'&gt;
		&lt;td style='height: 78px; width: 184px;' align='undefined' valign='undefined'&gt;&lt;span style='font-weight: normal;'&gt;&lt;img src='http:\\66.216.18.155\Razient\iconsgi\suppliers.gif'/&gt;&lt;/span&gt;&lt;/td&gt;
		&lt;td colspan='3' rowspan='1' style='height: 78px; width: 291px;' align='undefined' valign='undefined'&gt;Raleigh&amp;nbsp;
4208 Six Forks Road&amp;nbsp;&lt;/td&gt;
    &lt;/tr&gt;
    &lt;tr&gt;
      &lt;td style='height: 0px; width: 184px; text-align: left;' valign='undefined'&gt;&lt;span style='font-weight: bold;'&gt;Summary:&lt;/span&gt;&lt;/td&gt;
	   &lt;td colspan='3' rowspan='1' style='height: 0px; width: 291px;' align='undefined' valign='undefined'&gt; Accident causes power outage&amp;nbsp;&lt;/td&gt;
    &lt;/tr&gt;
    &lt;tr&gt;
      &lt;td style='width: 184px; height: 26px; font-weight: bold;' align='undefined' valign='undefined'&gt;Country&lt;/td&gt;
      &lt;td style='width: 292px; height: 26px;' align='undefined' valign='undefined'&gt;United States&amp;nbsp;&lt;/td&gt;
      &lt;td style='height: 26px; width: 184px; font-weight: bold;' align='undefined' valign='undefined'&gt;Severity	&lt;/td&gt;
      &lt;td style='height: 26px; width: 291px;' align='undefined' valign='undefined'&gt;Low&amp;nbsp;&lt;/td&gt;
    &lt;/tr&gt;
    &lt;tr&gt;
      &lt;td style='width: 184px; height: 30px; font-weight: bold;' align='undefined' valign='undefined'&gt;State&lt;/td&gt;
      &lt;td style='width: 292px; height: 30px;' align='undefined' valign='undefined'&gt;North Carolina&amp;nbsp;
&lt;/td&gt;
      &lt;td style='height: 30px; width: 184px; font-weight: bold;' align='undefined' valign='undefined'&gt;Type&lt;/td&gt;
      &lt;td style='height: 30px; width: 291px;' align='undefined' valign='undefined'&gt;Power Outage&amp;nbsp;&lt;/td&gt;
    &lt;/tr&gt;
    &lt;tr&gt;
      &lt;td style='width: 184px; height: 24px; font-weight: bold;' align='undefined' valign='undefined'&gt;City&lt;/td&gt;
      &lt;td style='width: 292px; height: 24px;' align='undefined' valign='undefined'&gt;raleigh&amp;nbsp;
&lt;/td&gt;
      &lt;td style='height: 24px; width: 184px; font-weight: bold;' align='undefined' valign='undefined'&gt;Date&lt;/td&gt;
      &lt;td style='height: 24px; width: 291px;' align='undefined' valign='undefined'&gt;2011-10-20&amp;nbsp;
&lt;/td&gt;
    &lt;/tr&gt;
    &lt;tr&gt;
      &lt;td style='width: 184px; height: 26px; font-weight: bold;' align='undefined' valign='undefined'&gt;Deaths&lt;/td&gt;
      &lt;td style='width: 292px; height: 26px;' align='undefined' valign='undefined'&gt;0&amp;nbsp;
&lt;/td&gt;
      &lt;td style='height: 26px; width: 184px; font-weight: bold;' align='undefined' valign='undefined'&gt;Url&lt;/td&gt;
      &lt;td style='height: 26px; width: 291px;' align='undefined' valign='undefined'&gt;&lt;A href=' http://abclocal.go.com/wtvd/story?section=news/local&amp;id=8399010'&gt;Link to News&amp;nbsp;&lt;/A&gt;
&lt;/td&gt;
    &lt;/tr&gt;
    &lt;tr&gt;
      &lt;td style='width: 184px; height: 90px; font-weight: bold;' align='undefined' valign='undefined'&gt;Description&lt;/td&gt;
      &lt;td colspan='3' rowspan='1' style='height: 90px; width: 291px;' align='undefined' valign='undefined'&gt;Residents near Wade Avenue were without power Thursday morning after a car took out some power lines. The accident happened just after 2 a.m., when a car headed down Wade Avenue flipped over. &#xD;
&amp;nbsp;
&lt;/td&gt;
    &lt;/tr&gt;
  &lt;/tbody&gt;
&lt;/table&gt;</description>
                <styleUrl>#style25x93325</styleUrl>
                <Point>
                    <extrude xmlns:ns5="http://www.w3.org/2001/XMLSchema-instance" xmlns:ns6="http://www.w3.org/2001/XMLSchema" ns5:type="ns6:boolean">false</extrude>
                    <altitudeMode>clampToGround</altitudeMode>
                    <coordinates>-78.7176552,35.805657</coordinates>
                </Point>
            </Placemark>
            <Placemark>
                <name>Raleigh</name>
                <visibility xmlns:ns5="http://www.w3.org/2001/XMLSchema-instance" xmlns:ns6="http://www.w3.org/2001/XMLSchema" ns5:type="ns6:boolean">true</visibility>
                <open xmlns:ns5="http://www.w3.org/2001/XMLSchema-instance" xmlns:ns6="http://www.w3.org/2001/XMLSchema" ns5:type="ns6:boolean">true</open>
                <address>4208 Six Forks Road,raleigh,North Carolina,United States</address>
                <description>&lt;table style='text-align: left; width: 480px; height: 240px;' border='1' border-color='gray' border-style='solid' cellpadding='2' cellspacing='2'&gt;
&lt;tbody&gt;
    &lt;tr style='font-weight: bold;'&gt;
		&lt;td style='height: 78px; width: 184px;' align='undefined' valign='undefined'&gt;&lt;span style='font-weight: normal;'&gt;&lt;img src='http:\\www.razient.com\Razient\iconsgi\customer.png'/&gt;&lt;/span&gt;&lt;/td&gt;
		&lt;td colspan='3' rowspan='1' style='height: 78px; width: 291px;' align='undefined' valign='undefined'&gt;Name: Raleigh&amp;nbsp;&lt;br&gt; Address: 4208 Six Forks Road - raleigh - North Carolina - United States&amp;nbsp;&lt;br&gt; Phone Number: &amp;nbsp;&lt;br&gt; Email: &amp;nbsp;&lt;br&gt; Primary Contact: &amp;nbsp;&lt;/td&gt;
    &lt;/tr&gt;
    &lt;tr&gt;
	   &lt;td colspan='3' rowspan='1' style='height: 0px; width: 291px;' align='undefined' valign='undefined'&gt;&amp;nbsp;&lt;/td&gt;
    &lt;/tr&gt;
  &lt;/tbody&gt;
&lt;/table&gt;</description>
                <styleUrl>#style0x70000</styleUrl>
                <Point>
                    <extrude xmlns:ns5="http://www.w3.org/2001/XMLSchema-instance" xmlns:ns6="http://www.w3.org/2001/XMLSchema" ns5:type="ns6:boolean">false</extrude>
                    <altitudeMode>clampToGround</altitudeMode>
                    <coordinates>-78.64035,35.83751</coordinates>
                </Point>
            </Placemark>
            <Placemark>
                <name> Incident :  Road closures</name>
                <visibility xmlns:ns5="http://www.w3.org/2001/XMLSchema-instance" xmlns:ns6="http://www.w3.org/2001/XMLSchema" ns5:type="ns6:boolean">true</visibility>
                <open xmlns:ns5="http://www.w3.org/2001/XMLSchema-instance" xmlns:ns6="http://www.w3.org/2001/XMLSchema" ns5:type="ns6:boolean">false</open>
                <description>&lt;table style='text-align: left; width: 480px; height: 240px;' border='1' border-color='gray' border-style='solid' cellpadding='2' cellspacing='2'&gt;
&lt;tbody&gt;
    &lt;tr style='font-weight: bold;'&gt;
		&lt;td style='height: 78px; width: 184px;' align='undefined' valign='undefined'&gt;&lt;span style='font-weight: normal;'&gt;&lt;img src='http:\\66.216.18.155\Razient\iconsgi\suppliers.gif'/&gt;&lt;/span&gt;&lt;/td&gt;
		&lt;td colspan='3' rowspan='1' style='height: 78px; width: 291px;' align='undefined' valign='undefined'&gt;Raleigh&amp;nbsp;
4208 Six Forks Road&amp;nbsp;&lt;/td&gt;
    &lt;/tr&gt;
    &lt;tr&gt;
      &lt;td style='height: 0px; width: 184px; text-align: left;' valign='undefined'&gt;&lt;span style='font-weight: bold;'&gt;Summary:&lt;/span&gt;&lt;/td&gt;
	   &lt;td colspan='3' rowspan='1' style='height: 0px; width: 291px;' align='undefined' valign='undefined'&gt; Road closures&amp;nbsp;&lt;/td&gt;
    &lt;/tr&gt;
    &lt;tr&gt;
      &lt;td style='width: 184px; height: 26px; font-weight: bold;' align='undefined' valign='undefined'&gt;Country&lt;/td&gt;
      &lt;td style='width: 292px; height: 26px;' align='undefined' valign='undefined'&gt;United States&amp;nbsp;&lt;/td&gt;
      &lt;td style='height: 26px; width: 184px; font-weight: bold;' align='undefined' valign='undefined'&gt;Severity	&lt;/td&gt;
      &lt;td style='height: 26px; width: 291px;' align='undefined' valign='undefined'&gt;Low&amp;nbsp;&lt;/td&gt;
    &lt;/tr&gt;
    &lt;tr&gt;
      &lt;td style='width: 184px; height: 30px; font-weight: bold;' align='undefined' valign='undefined'&gt;State&lt;/td&gt;
      &lt;td style='width: 292px; height: 30px;' align='undefined' valign='undefined'&gt;North Carolina&amp;nbsp;
&lt;/td&gt;
      &lt;td style='height: 30px; width: 184px; font-weight: bold;' align='undefined' valign='undefined'&gt;Type&lt;/td&gt;
      &lt;td style='height: 30px; width: 291px;' align='undefined' valign='undefined'&gt;Roads Closed&amp;nbsp;&lt;/td&gt;
    &lt;/tr&gt;
    &lt;tr&gt;
      &lt;td style='width: 184px; height: 24px; font-weight: bold;' align='undefined' valign='undefined'&gt;City&lt;/td&gt;
      &lt;td style='width: 292px; height: 24px;' align='undefined' valign='undefined'&gt;raleigh&amp;nbsp;
&lt;/td&gt;
      &lt;td style='height: 24px; width: 184px; font-weight: bold;' align='undefined' valign='undefined'&gt;Date&lt;/td&gt;
      &lt;td style='height: 24px; width: 291px;' align='undefined' valign='undefined'&gt;2011-10-20&amp;nbsp;
&lt;/td&gt;
    &lt;/tr&gt;
    &lt;tr&gt;
      &lt;td style='width: 184px; height: 26px; font-weight: bold;' align='undefined' valign='undefined'&gt;Deaths&lt;/td&gt;
      &lt;td style='width: 292px; height: 26px;' align='undefined' valign='undefined'&gt;0&amp;nbsp;
&lt;/td&gt;
      &lt;td style='height: 26px; width: 184px; font-weight: bold;' align='undefined' valign='undefined'&gt;Url&lt;/td&gt;
      &lt;td style='height: 26px; width: 291px;' align='undefined' valign='undefined'&gt;&lt;A href=' http://abclocal.go.com/wtvd/story?section=news/local&amp;id=8399010'&gt;Link to News&amp;nbsp;&lt;/A&gt;
&lt;/td&gt;
    &lt;/tr&gt;
    &lt;tr&gt;
      &lt;td style='width: 184px; height: 90px; font-weight: bold;' align='undefined' valign='undefined'&gt;Description&lt;/td&gt;
      &lt;td colspan='3' rowspan='1' style='height: 90px; width: 291px;' align='undefined' valign='undefined'&gt; Authorities had to close an area of dixie trail after a car headed over down wade avenue&amp;nbsp;
&lt;/td&gt;
    &lt;/tr&gt;
  &lt;/tbody&gt;
&lt;/table&gt;</description>
                <styleUrl>#style33x93333</styleUrl>
                <Point>
                    <extrude xmlns:ns5="http://www.w3.org/2001/XMLSchema-instance" xmlns:ns6="http://www.w3.org/2001/XMLSchema" ns5:type="ns6:boolean">false</extrude>
                    <altitudeMode>clampToGround</altitudeMode>
                    <coordinates>-78.6761369,35.8055551</coordinates>
                </Point>
            </Placemark>
            <Placemark>
                <name>Headquarters</name>
                <visibility xmlns:ns5="http://www.w3.org/2001/XMLSchema-instance" xmlns:ns6="http://www.w3.org/2001/XMLSchema" ns5:type="ns6:boolean">true</visibility>
                <open xmlns:ns5="http://www.w3.org/2001/XMLSchema-instance" xmlns:ns6="http://www.w3.org/2001/XMLSchema" ns5:type="ns6:boolean">true</open>
                <address>300 Madison Avenue,new york,New York,United States</address>
                <description>&lt;table style='text-align: left; width: 480px; height: 240px;' border='1' border-color='gray' border-style='solid' cellpadding='2' cellspacing='2'&gt;
&lt;tbody&gt;
    &lt;tr style='font-weight: bold;'&gt;
		&lt;td style='height: 78px; width: 184px;' align='undefined' valign='undefined'&gt;&lt;span style='font-weight: normal;'&gt;&lt;img src='http:\\www.razient.com\Razient\iconsgi\customer.png'/&gt;&lt;/span&gt;&lt;/td&gt;
		&lt;td colspan='3' rowspan='1' style='height: 78px; width: 291px;' align='undefined' valign='undefined'&gt;Name: Headquarters&amp;nbsp;&lt;br&gt; Address: 300 Madison Avenue - new york - New York - United States&amp;nbsp;&lt;br&gt; Phone Number: &amp;nbsp;&lt;br&gt; Email: pwc@razient.com&amp;nbsp;&lt;br&gt; Primary Contact: fred rica&amp;nbsp;&lt;/td&gt;
    &lt;/tr&gt;
    &lt;tr&gt;
	   &lt;td colspan='3' rowspan='1' style='height: 0px; width: 291px;' align='undefined' valign='undefined'&gt;&amp;nbsp;&lt;/td&gt;
    &lt;/tr&gt;
  &lt;/tbody&gt;
&lt;/table&gt;</description>
                <styleUrl>#style0x70000</styleUrl>
                <Point>
                    <extrude xmlns:ns5="http://www.w3.org/2001/XMLSchema-instance" xmlns:ns6="http://www.w3.org/2001/XMLSchema" ns5:type="ns6:boolean">false</extrude>
                    <altitudeMode>clampToGround</altitudeMode>
                    <coordinates>-73.97956,40.75271</coordinates>
                </Point>
            </Placemark>
            <Placemark>
                <name> Incident :  Cops shoot gunman, foil SI diner robbery</name>
                <visibility xmlns:ns5="http://www.w3.org/2001/XMLSchema-instance" xmlns:ns6="http://www.w3.org/2001/XMLSchema" ns5:type="ns6:boolean">true</visibility>
                <open xmlns:ns5="http://www.w3.org/2001/XMLSchema-instance" xmlns:ns6="http://www.w3.org/2001/XMLSchema" ns5:type="ns6:boolean">false</open>
                <description>&lt;table style='text-align: left; width: 480px; height: 240px;' border='1' border-color='gray' border-style='solid' cellpadding='2' cellspacing='2'&gt;
&lt;tbody&gt;
    &lt;tr style='font-weight: bold;'&gt;
		&lt;td style='height: 78px; width: 184px;' align='undefined' valign='undefined'&gt;&lt;span style='font-weight: normal;'&gt;&lt;img src='http:\\66.216.18.155\Razient\iconsgi\suppliers.gif'/&gt;&lt;/span&gt;&lt;/td&gt;
		&lt;td colspan='3' rowspan='1' style='height: 78px; width: 291px;' align='undefined' valign='undefined'&gt;Headquarters&amp;nbsp;
300 Madison Avenue&amp;nbsp;&lt;/td&gt;
    &lt;/tr&gt;
    &lt;tr&gt;
      &lt;td style='height: 0px; width: 184px; text-align: left;' valign='undefined'&gt;&lt;span style='font-weight: bold;'&gt;Summary:&lt;/span&gt;&lt;/td&gt;
	   &lt;td colspan='3' rowspan='1' style='height: 0px; width: 291px;' align='undefined' valign='undefined'&gt; Cops shoot gunman, foil SI diner robbery&amp;nbsp;&lt;/td&gt;
    &lt;/tr&gt;
    &lt;tr&gt;
      &lt;td style='width: 184px; height: 26px; font-weight: bold;' align='undefined' valign='undefined'&gt;Country&lt;/td&gt;
      &lt;td style='width: 292px; height: 26px;' align='undefined' valign='undefined'&gt;United States&amp;nbsp;&lt;/td&gt;
      &lt;td style='height: 26px; width: 184px; font-weight: bold;' align='undefined' valign='undefined'&gt;Severity	&lt;/td&gt;
      &lt;td style='height: 26px; width: 291px;' align='undefined' valign='undefined'&gt;Medium&amp;nbsp;&lt;/td&gt;
    &lt;/tr&gt;
    &lt;tr&gt;
      &lt;td style='width: 184px; height: 30px; font-weight: bold;' align='undefined' valign='undefined'&gt;State&lt;/td&gt;
      &lt;td style='width: 292px; height: 30px;' align='undefined' valign='undefined'&gt;New York&amp;nbsp;
&lt;/td&gt;
      &lt;td style='height: 30px; width: 184px; font-weight: bold;' align='undefined' valign='undefined'&gt;Type&lt;/td&gt;
      &lt;td style='height: 30px; width: 291px;' align='undefined' valign='undefined'&gt;Shooting&amp;nbsp;&lt;/td&gt;
    &lt;/tr&gt;
    &lt;tr&gt;
      &lt;td style='width: 184px; height: 24px; font-weight: bold;' align='undefined' valign='undefined'&gt;City&lt;/td&gt;
      &lt;td style='width: 292px; height: 24px;' align='undefined' valign='undefined'&gt;new york&amp;nbsp;
&lt;/td&gt;
      &lt;td style='height: 24px; width: 184px; font-weight: bold;' align='undefined' valign='undefined'&gt;Date&lt;/td&gt;
      &lt;td style='height: 24px; width: 291px;' align='undefined' valign='undefined'&gt;2011-10-20&amp;nbsp;
&lt;/td&gt;
    &lt;/tr&gt;
    &lt;tr&gt;
      &lt;td style='width: 184px; height: 26px; font-weight: bold;' align='undefined' valign='undefined'&gt;Deaths&lt;/td&gt;
      &lt;td style='width: 292px; height: 26px;' align='undefined' valign='undefined'&gt;0&amp;nbsp;
&lt;/td&gt;
      &lt;td style='height: 26px; width: 184px; font-weight: bold;' align='undefined' valign='undefined'&gt;Url&lt;/td&gt;
      &lt;td style='height: 26px; width: 291px;' align='undefined' valign='undefined'&gt;&lt;A href=' http://www.nypost.com/p/news/local/staten_island/cops_shoot_gunman_foil_si_diner_D4zPbuvFyTrHXoU8VBHSdK'&gt;Link to News&amp;nbsp;&lt;/A&gt;
&lt;/td&gt;
    &lt;/tr&gt;
    &lt;tr&gt;
      &lt;td style='width: 184px; height: 90px; font-weight: bold;' align='undefined' valign='undefined'&gt;Description&lt;/td&gt;
      &lt;td colspan='3' rowspan='1' style='height: 90px; width: 291px;' align='undefined' valign='undefined'&gt;Police on Staten Island this morning foiled a armed robbery of an all night diner there by a gunman who, wounded in a confrontation with officers, subsequently crashed a stolen car into a fence in a failed bid to escape.At 310 a.m. a recidivist armed robber wearing a green camouflage mask, black hoody and displaying a 380 caliber semiautomatic handgun, entered the Golden Dove Diner at Arthur Kill Road and Richmond Ave.&amp;nbsp;
&lt;/td&gt;
    &lt;/tr&gt;
  &lt;/tbody&gt;
&lt;/table&gt;</description>
                <styleUrl>#style1x93301</styleUrl>
                <Point>
                    <extrude xmlns:ns5="http://www.w3.org/2001/XMLSchema-instance" xmlns:ns6="http://www.w3.org/2001/XMLSchema" ns5:type="ns6:boolean">false</extrude>
                    <altitudeMode>clampToGround</altitudeMode>
                    <coordinates>-74.1697863,40.5655838</coordinates>
                </Point>
            </Placemark>
            <Placemark>
                <name>New York</name>
                <visibility xmlns:ns5="http://www.w3.org/2001/XMLSchema-instance" xmlns:ns6="http://www.w3.org/2001/XMLSchema" ns5:type="ns6:boolean">true</visibility>
                <open xmlns:ns5="http://www.w3.org/2001/XMLSchema-instance" xmlns:ns6="http://www.w3.org/2001/XMLSchema" ns5:type="ns6:boolean">true</open>
                <address>300 Madison Avenue,new york,New York,United States</address>
                <description>&lt;table style='text-align: left; width: 480px; height: 240px;' border='1' border-color='gray' border-style='solid' cellpadding='2' cellspacing='2'&gt;
&lt;tbody&gt;
    &lt;tr style='font-weight: bold;'&gt;
		&lt;td style='height: 78px; width: 184px;' align='undefined' valign='undefined'&gt;&lt;span style='font-weight: normal;'&gt;&lt;img src='http:\\www.razient.com\Razient\iconsgi\customer.png'/&gt;&lt;/span&gt;&lt;/td&gt;
		&lt;td colspan='3' rowspan='1' style='height: 78px; width: 291px;' align='undefined' valign='undefined'&gt;Name: New York&amp;nbsp;&lt;br&gt; Address: 300 Madison Avenue - new york - New York - United States&amp;nbsp;&lt;br&gt; Phone Number: &amp;nbsp;&lt;br&gt; Email: &amp;nbsp;&lt;br&gt; Primary Contact: &amp;nbsp;&lt;/td&gt;
    &lt;/tr&gt;
    &lt;tr&gt;
	   &lt;td colspan='3' rowspan='1' style='height: 0px; width: 291px;' align='undefined' valign='undefined'&gt;&amp;nbsp;&lt;/td&gt;
    &lt;/tr&gt;
  &lt;/tbody&gt;
&lt;/table&gt;</description>
                <styleUrl>#style0x70000</styleUrl>
                <Point>
                    <extrude xmlns:ns5="http://www.w3.org/2001/XMLSchema-instance" xmlns:ns6="http://www.w3.org/2001/XMLSchema" ns5:type="ns6:boolean">false</extrude>
                    <altitudeMode>clampToGround</altitudeMode>
                    <coordinates>-73.97956,40.75271</coordinates>
                </Point>
            </Placemark>
            <Placemark>
                <name> Incident :  Cops shoot gunman, foil SI diner robbery</name>
                <visibility xmlns:ns5="http://www.w3.org/2001/XMLSchema-instance" xmlns:ns6="http://www.w3.org/2001/XMLSchema" ns5:type="ns6:boolean">true</visibility>
                <open xmlns:ns5="http://www.w3.org/2001/XMLSchema-instance" xmlns:ns6="http://www.w3.org/2001/XMLSchema" ns5:type="ns6:boolean">false</open>
                <description>&lt;table style='text-align: left; width: 480px; height: 240px;' border='1' border-color='gray' border-style='solid' cellpadding='2' cellspacing='2'&gt;
&lt;tbody&gt;
    &lt;tr style='font-weight: bold;'&gt;
		&lt;td style='height: 78px; width: 184px;' align='undefined' valign='undefined'&gt;&lt;span style='font-weight: normal;'&gt;&lt;img src='http:\\66.216.18.155\Razient\iconsgi\suppliers.gif'/&gt;&lt;/span&gt;&lt;/td&gt;
		&lt;td colspan='3' rowspan='1' style='height: 78px; width: 291px;' align='undefined' valign='undefined'&gt;New York&amp;nbsp;
300 Madison Avenue&amp;nbsp;&lt;/td&gt;
    &lt;/tr&gt;
    &lt;tr&gt;
      &lt;td style='height: 0px; width: 184px; text-align: left;' valign='undefined'&gt;&lt;span style='font-weight: bold;'&gt;Summary:&lt;/span&gt;&lt;/td&gt;
	   &lt;td colspan='3' rowspan='1' style='height: 0px; width: 291px;' align='undefined' valign='undefined'&gt; Cops shoot gunman, foil SI diner robbery&amp;nbsp;&lt;/td&gt;
    &lt;/tr&gt;
    &lt;tr&gt;
      &lt;td style='width: 184px; height: 26px; font-weight: bold;' align='undefined' valign='undefined'&gt;Country&lt;/td&gt;
      &lt;td style='width: 292px; height: 26px;' align='undefined' valign='undefined'&gt;United States&amp;nbsp;&lt;/td&gt;
      &lt;td style='height: 26px; width: 184px; font-weight: bold;' align='undefined' valign='undefined'&gt;Severity	&lt;/td&gt;
      &lt;td style='height: 26px; width: 291px;' align='undefined' valign='undefined'&gt;Medium&amp;nbsp;&lt;/td&gt;
    &lt;/tr&gt;
    &lt;tr&gt;
      &lt;td style='width: 184px; height: 30px; font-weight: bold;' align='undefined' valign='undefined'&gt;State&lt;/td&gt;
      &lt;td style='width: 292px; height: 30px;' align='undefined' valign='undefined'&gt;New York&amp;nbsp;
&lt;/td&gt;
      &lt;td style='height: 30px; width: 184px; font-weight: bold;' align='undefined' valign='undefined'&gt;Type&lt;/td&gt;
      &lt;td style='height: 30px; width: 291px;' align='undefined' valign='undefined'&gt;Shooting&amp;nbsp;&lt;/td&gt;
    &lt;/tr&gt;
    &lt;tr&gt;
      &lt;td style='width: 184px; height: 24px; font-weight: bold;' align='undefined' valign='undefined'&gt;City&lt;/td&gt;
      &lt;td style='width: 292px; height: 24px;' align='undefined' valign='undefined'&gt;new york&amp;nbsp;
&lt;/td&gt;
      &lt;td style='height: 24px; width: 184px; font-weight: bold;' align='undefined' valign='undefined'&gt;Date&lt;/td&gt;
      &lt;td style='height: 24px; width: 291px;' align='undefined' valign='undefined'&gt;2011-10-20&amp;nbsp;
&lt;/td&gt;
    &lt;/tr&gt;
    &lt;tr&gt;
      &lt;td style='width: 184px; height: 26px; font-weight: bold;' align='undefined' valign='undefined'&gt;Deaths&lt;/td&gt;
      &lt;td style='width: 292px; height: 26px;' align='undefined' valign='undefined'&gt;0&amp;nbsp;
&lt;/td&gt;
      &lt;td style='height: 26px; width: 184px; font-weight: bold;' align='undefined' valign='undefined'&gt;Url&lt;/td&gt;
      &lt;td style='height: 26px; width: 291px;' align='undefined' valign='undefined'&gt;&lt;A href=' http://www.nypost.com/p/news/local/staten_island/cops_shoot_gunman_foil_si_diner_D4zPbuvFyTrHXoU8VBHSdK'&gt;Link to News&amp;nbsp;&lt;/A&gt;
&lt;/td&gt;
    &lt;/tr&gt;
    &lt;tr&gt;
      &lt;td style='width: 184px; height: 90px; font-weight: bold;' align='undefined' valign='undefined'&gt;Description&lt;/td&gt;
      &lt;td colspan='3' rowspan='1' style='height: 90px; width: 291px;' align='undefined' valign='undefined'&gt;Police on Staten Island this morning foiled a armed robbery of an all night diner there by a gunman who, wounded in a confrontation with officers, subsequently crashed a stolen car into a fence in a failed bid to escape.At 310 a.m. a recidivist armed robber wearing a green camouflage mask, black hoody and displaying a 380 caliber semiautomatic handgun, entered the Golden Dove Diner at Arthur Kill Road and Richmond Ave.&amp;nbsp;
&lt;/td&gt;
    &lt;/tr&gt;
  &lt;/tbody&gt;
&lt;/table&gt;</description>
                <styleUrl>#style1x93301</styleUrl>
                <Point>
                    <extrude xmlns:ns5="http://www.w3.org/2001/XMLSchema-instance" xmlns:ns6="http://www.w3.org/2001/XMLSchema" ns5:type="ns6:boolean">false</extrude>
                    <altitudeMode>clampToGround</altitudeMode>
                    <coordinates>-74.1697863,40.5655838</coordinates>
                </Point>
            </Placemark>
            <Placemark>
                <name>Sacramento</name>
                <visibility xmlns:ns5="http://www.w3.org/2001/XMLSchema-instance" xmlns:ns6="http://www.w3.org/2001/XMLSchema" ns5:type="ns6:boolean">true</visibility>
                <open xmlns:ns5="http://www.w3.org/2001/XMLSchema-instance" xmlns:ns6="http://www.w3.org/2001/XMLSchema" ns5:type="ns6:boolean">true</open>
                <address>400 Capital Mall,sacramento,California,United States</address>
                <description>&lt;table style='text-align: left; width: 480px; height: 240px;' border='1' border-color='gray' border-style='solid' cellpadding='2' cellspacing='2'&gt;
&lt;tbody&gt;
    &lt;tr style='font-weight: bold;'&gt;
		&lt;td style='height: 78px; width: 184px;' align='undefined' valign='undefined'&gt;&lt;span style='font-weight: normal;'&gt;&lt;img src='http:\\www.razient.com\Razient\iconsgi\customer.png'/&gt;&lt;/span&gt;&lt;/td&gt;
		&lt;td colspan='3' rowspan='1' style='height: 78px; width: 291px;' align='undefined' valign='undefined'&gt;Name: Sacramento&amp;nbsp;&lt;br&gt; Address: 400 Capital Mall - sacramento - California - United States&amp;nbsp;&lt;br&gt; Phone Number: &amp;nbsp;&lt;br&gt; Email: &amp;nbsp;&lt;br&gt; Primary Contact: &amp;nbsp;&lt;/td&gt;
    &lt;/tr&gt;
    &lt;tr&gt;
	   &lt;td colspan='3' rowspan='1' style='height: 0px; width: 291px;' align='undefined' valign='undefined'&gt;&amp;nbsp;&lt;/td&gt;
    &lt;/tr&gt;
  &lt;/tbody&gt;
&lt;/table&gt;</description>
                <styleUrl>#style0x70000</styleUrl>
                <Point>
                    <extrude xmlns:ns5="http://www.w3.org/2001/XMLSchema-instance" xmlns:ns6="http://www.w3.org/2001/XMLSchema" ns5:type="ns6:boolean">false</extrude>
                    <altitudeMode>clampToGround</altitudeMode>
                    <coordinates>-121.4944,38.581573</coordinates>
                </Point>
            </Placemark>
            <Placemark>
                <name> Incident :  Fires break out in Mendocino and Mariposa halls at Sacramento State </name>
                <visibility xmlns:ns5="http://www.w3.org/2001/XMLSchema-instance" xmlns:ns6="http://www.w3.org/2001/XMLSchema" ns5:type="ns6:boolean">true</visibility>
                <open xmlns:ns5="http://www.w3.org/2001/XMLSchema-instance" xmlns:ns6="http://www.w3.org/2001/XMLSchema" ns5:type="ns6:boolean">false</open>
                <description>&lt;table style='text-align: left; width: 480px; height: 240px;' border='1' border-color='gray' border-style='solid' cellpadding='2' cellspacing='2'&gt;
&lt;tbody&gt;
    &lt;tr style='font-weight: bold;'&gt;
		&lt;td style='height: 78px; width: 184px;' align='undefined' valign='undefined'&gt;&lt;span style='font-weight: normal;'&gt;&lt;img src='http:\\66.216.18.155\Razient\iconsgi\suppliers.gif'/&gt;&lt;/span&gt;&lt;/td&gt;
		&lt;td colspan='3' rowspan='1' style='height: 78px; width: 291px;' align='undefined' valign='undefined'&gt;Sacramento&amp;nbsp;
400 Capital Mall&amp;nbsp;&lt;/td&gt;
    &lt;/tr&gt;
    &lt;tr&gt;
      &lt;td style='height: 0px; width: 184px; text-align: left;' valign='undefined'&gt;&lt;span style='font-weight: bold;'&gt;Summary:&lt;/span&gt;&lt;/td&gt;
	   &lt;td colspan='3' rowspan='1' style='height: 0px; width: 291px;' align='undefined' valign='undefined'&gt; Fires break out in Mendocino and Mariposa halls at Sacramento State &amp;nbsp;&lt;/td&gt;
    &lt;/tr&gt;
    &lt;tr&gt;
      &lt;td style='width: 184px; height: 26px; font-weight: bold;' align='undefined' valign='undefined'&gt;Country&lt;/td&gt;
      &lt;td style='width: 292px; height: 26px;' align='undefined' valign='undefined'&gt;United States&amp;nbsp;&lt;/td&gt;
      &lt;td style='height: 26px; width: 184px; font-weight: bold;' align='undefined' valign='undefined'&gt;Severity	&lt;/td&gt;
      &lt;td style='height: 26px; width: 291px;' align='undefined' valign='undefined'&gt;Medium&amp;nbsp;&lt;/td&gt;
    &lt;/tr&gt;
    &lt;tr&gt;
      &lt;td style='width: 184px; height: 30px; font-weight: bold;' align='undefined' valign='undefined'&gt;State&lt;/td&gt;
      &lt;td style='width: 292px; height: 30px;' align='undefined' valign='undefined'&gt;California&amp;nbsp;
&lt;/td&gt;
      &lt;td style='height: 30px; width: 184px; font-weight: bold;' align='undefined' valign='undefined'&gt;Type&lt;/td&gt;
      &lt;td style='height: 30px; width: 291px;' align='undefined' valign='undefined'&gt;Fire&amp;nbsp;&lt;/td&gt;
    &lt;/tr&gt;
    &lt;tr&gt;
      &lt;td style='width: 184px; height: 24px; font-weight: bold;' align='undefined' valign='undefined'&gt;City&lt;/td&gt;
      &lt;td style='width: 292px; height: 24px;' align='undefined' valign='undefined'&gt;sacramento&amp;nbsp;
&lt;/td&gt;
      &lt;td style='height: 24px; width: 184px; font-weight: bold;' align='undefined' valign='undefined'&gt;Date&lt;/td&gt;
      &lt;td style='height: 24px; width: 291px;' align='undefined' valign='undefined'&gt;2011-10-20&amp;nbsp;
&lt;/td&gt;
    &lt;/tr&gt;
    &lt;tr&gt;
      &lt;td style='width: 184px; height: 26px; font-weight: bold;' align='undefined' valign='undefined'&gt;Deaths&lt;/td&gt;
      &lt;td style='width: 292px; height: 26px;' align='undefined' valign='undefined'&gt;0&amp;nbsp;
&lt;/td&gt;
      &lt;td style='height: 26px; width: 184px; font-weight: bold;' align='undefined' valign='undefined'&gt;Url&lt;/td&gt;
      &lt;td style='height: 26px; width: 291px;' align='undefined' valign='undefined'&gt;&lt;A href=' http://www.statehornet.com/fires-break-out-in-mendocino-and-mariposa-halls-at-sacramento/article_07e66fd4-f5f0-11e0-bb6e-001a4bcf6878.html'&gt;Link to News&amp;nbsp;&lt;/A&gt;
&lt;/td&gt;
    &lt;/tr&gt;
    &lt;tr&gt;
      &lt;td style='width: 184px; height: 90px; font-weight: bold;' align='undefined' valign='undefined'&gt;Description&lt;/td&gt;
      &lt;td colspan='3' rowspan='1' style='height: 90px; width: 291px;' align='undefined' valign='undefined'&gt; Fires broke out Thursday in two of Sacramento States buildings, Mariposa and Mendocino halls, forcing a complete evacuation of students, faculty and staff.&amp;nbsp;
&lt;/td&gt;
    &lt;/tr&gt;
  &lt;/tbody&gt;
&lt;/table&gt;</description>
                <styleUrl>#style9x93309</styleUrl>
                <Point>
                    <extrude xmlns:ns5="http://www.w3.org/2001/XMLSchema-instance" xmlns:ns6="http://www.w3.org/2001/XMLSchema" ns5:type="ns6:boolean">false</extrude>
                    <altitudeMode>clampToGround</altitudeMode>
                    <coordinates>-121.4943996,38.5815719</coordinates>
                </Point>
            </Placemark>
            <Placemark>
                <name>Sofia Landwell Bulgaria</name>
                <visibility xmlns:ns5="http://www.w3.org/2001/XMLSchema-instance" xmlns:ns6="http://www.w3.org/2001/XMLSchema" ns5:type="ns6:boolean">true</visibility>
                <open xmlns:ns5="http://www.w3.org/2001/XMLSchema-instance" xmlns:ns6="http://www.w3.org/2001/XMLSchema" ns5:type="ns6:boolean">true</open>
                <address>Attorneys-at-Law 9-11 Maria Louisa Blvd.,sofia,Grad Sofiya,Bulgaria</address>
                <description>&lt;table style='text-align: left; width: 480px; height: 240px;' border='1' border-color='gray' border-style='solid' cellpadding='2' cellspacing='2'&gt;
&lt;tbody&gt;
    &lt;tr style='font-weight: bold;'&gt;
		&lt;td style='height: 78px; width: 184px;' align='undefined' valign='undefined'&gt;&lt;span style='font-weight: normal;'&gt;&lt;img src='http:\\www.razient.com\Razient\iconsgi\customer.png'/&gt;&lt;/span&gt;&lt;/td&gt;
		&lt;td colspan='3' rowspan='1' style='height: 78px; width: 291px;' align='undefined' valign='undefined'&gt;Name: Sofia Landwell Bulgaria&amp;nbsp;&lt;br&gt; Address: Attorneys-at-Law 9-11 Maria Louisa Blvd. - sofia - Grad Sofiya - Bulgaria&amp;nbsp;&lt;br&gt; Phone Number: &amp;nbsp;&lt;br&gt; Email: &amp;nbsp;&lt;br&gt; Primary Contact: &amp;nbsp;&lt;/td&gt;
    &lt;/tr&gt;
    &lt;tr&gt;
	   &lt;td colspan='3' rowspan='1' style='height: 0px; width: 291px;' align='undefined' valign='undefined'&gt;&amp;nbsp;&lt;/td&gt;
    &lt;/tr&gt;
  &lt;/tbody&gt;
&lt;/table&gt;</description>
                <styleUrl>#style0x70000</styleUrl>
                <Point>
                    <extrude xmlns:ns5="http://www.w3.org/2001/XMLSchema-instance" xmlns:ns6="http://www.w3.org/2001/XMLSchema" ns5:type="ns6:boolean">false</extrude>
                    <altitudeMode>clampToGround</altitudeMode>
                    <coordinates>23.32601,42.69649</coordinates>
                </Point>
            </Placemark>
            <Placemark>
                <name> Incident :  15 injured in chain crash in downtown Sofia </name>
                <visibility xmlns:ns5="http://www.w3.org/2001/XMLSchema-instance" xmlns:ns6="http://www.w3.org/2001/XMLSchema" ns5:type="ns6:boolean">true</visibility>
                <open xmlns:ns5="http://www.w3.org/2001/XMLSchema-instance" xmlns:ns6="http://www.w3.org/2001/XMLSchema" ns5:type="ns6:boolean">false</open>
                <description>&lt;table style='text-align: left; width: 480px; height: 240px;' border='1' border-color='gray' border-style='solid' cellpadding='2' cellspacing='2'&gt;
&lt;tbody&gt;
    &lt;tr style='font-weight: bold;'&gt;
		&lt;td style='height: 78px; width: 184px;' align='undefined' valign='undefined'&gt;&lt;span style='font-weight: normal;'&gt;&lt;img src='http:\\66.216.18.155\Razient\iconsgi\suppliers.gif'/&gt;&lt;/span&gt;&lt;/td&gt;
		&lt;td colspan='3' rowspan='1' style='height: 78px; width: 291px;' align='undefined' valign='undefined'&gt;Sofia Landwell Bulgaria&amp;nbsp;
Attorneys-at-Law 9-11 Maria Louisa Blvd.&amp;nbsp;&lt;/td&gt;
    &lt;/tr&gt;
    &lt;tr&gt;
      &lt;td style='height: 0px; width: 184px; text-align: left;' valign='undefined'&gt;&lt;span style='font-weight: bold;'&gt;Summary:&lt;/span&gt;&lt;/td&gt;
	   &lt;td colspan='3' rowspan='1' style='height: 0px; width: 291px;' align='undefined' valign='undefined'&gt; 15 injured in chain crash in downtown Sofia &amp;nbsp;&lt;/td&gt;
    &lt;/tr&gt;
    &lt;tr&gt;
      &lt;td style='width: 184px; height: 26px; font-weight: bold;' align='undefined' valign='undefined'&gt;Country&lt;/td&gt;
      &lt;td style='width: 292px; height: 26px;' align='undefined' valign='undefined'&gt;Bulgaria&amp;nbsp;&lt;/td&gt;
      &lt;td style='height: 26px; width: 184px; font-weight: bold;' align='undefined' valign='undefined'&gt;Severity	&lt;/td&gt;
      &lt;td style='height: 26px; width: 291px;' align='undefined' valign='undefined'&gt;High&amp;nbsp;&lt;/td&gt;
    &lt;/tr&gt;
    &lt;tr&gt;
      &lt;td style='width: 184px; height: 30px; font-weight: bold;' align='undefined' valign='undefined'&gt;State&lt;/td&gt;
      &lt;td style='width: 292px; height: 30px;' align='undefined' valign='undefined'&gt;Grad Sofiya&amp;nbsp;
&lt;/td&gt;
      &lt;td style='height: 30px; width: 184px; font-weight: bold;' align='undefined' valign='undefined'&gt;Type&lt;/td&gt;
      &lt;td style='height: 30px; width: 291px;' align='undefined' valign='undefined'&gt;Train Crash&amp;nbsp;&lt;/td&gt;
    &lt;/tr&gt;
    &lt;tr&gt;
      &lt;td style='width: 184px; height: 24px; font-weight: bold;' align='undefined' valign='undefined'&gt;City&lt;/td&gt;
      &lt;td style='width: 292px; height: 24px;' align='undefined' valign='undefined'&gt;sofia&amp;nbsp;
&lt;/td&gt;
      &lt;td style='height: 24px; width: 184px; font-weight: bold;' align='undefined' valign='undefined'&gt;Date&lt;/td&gt;
      &lt;td style='height: 24px; width: 291px;' align='undefined' valign='undefined'&gt;2011-10-20&amp;nbsp;
&lt;/td&gt;
    &lt;/tr&gt;
    &lt;tr&gt;
      &lt;td style='width: 184px; height: 26px; font-weight: bold;' align='undefined' valign='undefined'&gt;Deaths&lt;/td&gt;
      &lt;td style='width: 292px; height: 26px;' align='undefined' valign='undefined'&gt;0&amp;nbsp;
&lt;/td&gt;
      &lt;td style='height: 26px; width: 184px; font-weight: bold;' align='undefined' valign='undefined'&gt;Url&lt;/td&gt;
      &lt;td style='height: 26px; width: 291px;' align='undefined' valign='undefined'&gt;&lt;A href=' http://www.focus-fen.net/?id=n262238'&gt;Link to News&amp;nbsp;&lt;/A&gt;
&lt;/td&gt;
    &lt;/tr&gt;
    &lt;tr&gt;
      &lt;td style='width: 184px; height: 90px; font-weight: bold;' align='undefined' valign='undefined'&gt;Description&lt;/td&gt;
      &lt;td colspan='3' rowspan='1' style='height: 90px; width: 291px;' align='undefined' valign='undefined'&gt; 15 people have bee injured in a heavy road accident involving a route taxi, a tram and a car on the junction of Evlogi Georgiev Str. and Vasil Levski Blvd. Three of the injured are in critical state. The road accident occurred at about 14.00pm. Signal for the incident was received on the national emergency telephone 112&amp;nbsp;
&lt;/td&gt;
    &lt;/tr&gt;
  &lt;/tbody&gt;
&lt;/table&gt;</description>
                <styleUrl>#style4x93304</styleUrl>
                <Point>
                    <extrude xmlns:ns5="http://www.w3.org/2001/XMLSchema-instance" xmlns:ns6="http://www.w3.org/2001/XMLSchema" ns5:type="ns6:boolean">false</extrude>
                    <altitudeMode>clampToGround</altitudeMode>
                    <coordinates>23.5299891,42.7181681</coordinates>
                </Point>
            </Placemark>
            <Placemark>
                <name>SofiaPWC</name>
                <visibility xmlns:ns5="http://www.w3.org/2001/XMLSchema-instance" xmlns:ns6="http://www.w3.org/2001/XMLSchema" ns5:type="ns6:boolean">true</visibility>
                <open xmlns:ns5="http://www.w3.org/2001/XMLSchema-instance" xmlns:ns6="http://www.w3.org/2001/XMLSchema" ns5:type="ns6:boolean">true</open>
                <address>9-11 Maria Louisa Blvd.,sofia,Grad Sofiya,Bulgaria</address>
                <description>&lt;table style='text-align: left; width: 480px; height: 240px;' border='1' border-color='gray' border-style='solid' cellpadding='2' cellspacing='2'&gt;
&lt;tbody&gt;
    &lt;tr style='font-weight: bold;'&gt;
		&lt;td style='height: 78px; width: 184px;' align='undefined' valign='undefined'&gt;&lt;span style='font-weight: normal;'&gt;&lt;img src='http:\\www.razient.com\Razient\iconsgi\customer.png'/&gt;&lt;/span&gt;&lt;/td&gt;
		&lt;td colspan='3' rowspan='1' style='height: 78px; width: 291px;' align='undefined' valign='undefined'&gt;Name: SofiaPWC&amp;nbsp;&lt;br&gt; Address: 9-11 Maria Louisa Blvd. - sofia - Grad Sofiya - Bulgaria&amp;nbsp;&lt;br&gt; Phone Number: &amp;nbsp;&lt;br&gt; Email: &amp;nbsp;&lt;br&gt; Primary Contact: &amp;nbsp;&lt;/td&gt;
    &lt;/tr&gt;
    &lt;tr&gt;
	   &lt;td colspan='3' rowspan='1' style='height: 0px; width: 291px;' align='undefined' valign='undefined'&gt;&amp;nbsp;&lt;/td&gt;
    &lt;/tr&gt;
  &lt;/tbody&gt;
&lt;/table&gt;</description>
                <styleUrl>#style0x70000</styleUrl>
                <Point>
                    <extrude xmlns:ns5="http://www.w3.org/2001/XMLSchema-instance" xmlns:ns6="http://www.w3.org/2001/XMLSchema" ns5:type="ns6:boolean">false</extrude>
                    <altitudeMode>clampToGround</altitudeMode>
                    <coordinates>23.32601,42.69649</coordinates>
                </Point>
            </Placemark>
            <Placemark>
                <name> Incident :  15 injured in chain crash in downtown Sofia </name>
                <visibility xmlns:ns5="http://www.w3.org/2001/XMLSchema-instance" xmlns:ns6="http://www.w3.org/2001/XMLSchema" ns5:type="ns6:boolean">true</visibility>
                <open xmlns:ns5="http://www.w3.org/2001/XMLSchema-instance" xmlns:ns6="http://www.w3.org/2001/XMLSchema" ns5:type="ns6:boolean">false</open>
                <description>&lt;table style='text-align: left; width: 480px; height: 240px;' border='1' border-color='gray' border-style='solid' cellpadding='2' cellspacing='2'&gt;
&lt;tbody&gt;
    &lt;tr style='font-weight: bold;'&gt;
		&lt;td style='height: 78px; width: 184px;' align='undefined' valign='undefined'&gt;&lt;span style='font-weight: normal;'&gt;&lt;img src='http:\\66.216.18.155\Razient\iconsgi\suppliers.gif'/&gt;&lt;/span&gt;&lt;/td&gt;
		&lt;td colspan='3' rowspan='1' style='height: 78px; width: 291px;' align='undefined' valign='undefined'&gt;SofiaPWC&amp;nbsp;
9-11 Maria Louisa Blvd.&amp;nbsp;&lt;/td&gt;
    &lt;/tr&gt;
    &lt;tr&gt;
      &lt;td style='height: 0px; width: 184px; text-align: left;' valign='undefined'&gt;&lt;span style='font-weight: bold;'&gt;Summary:&lt;/span&gt;&lt;/td&gt;
	   &lt;td colspan='3' rowspan='1' style='height: 0px; width: 291px;' align='undefined' valign='undefined'&gt; 15 injured in chain crash in downtown Sofia &amp;nbsp;&lt;/td&gt;
    &lt;/tr&gt;
    &lt;tr&gt;
      &lt;td style='width: 184px; height: 26px; font-weight: bold;' align='undefined' valign='undefined'&gt;Country&lt;/td&gt;
      &lt;td style='width: 292px; height: 26px;' align='undefined' valign='undefined'&gt;Bulgaria&amp;nbsp;&lt;/td&gt;
      &lt;td style='height: 26px; width: 184px; font-weight: bold;' align='undefined' valign='undefined'&gt;Severity	&lt;/td&gt;
      &lt;td style='height: 26px; width: 291px;' align='undefined' valign='undefined'&gt;High&amp;nbsp;&lt;/td&gt;
    &lt;/tr&gt;
    &lt;tr&gt;
      &lt;td style='width: 184px; height: 30px; font-weight: bold;' align='undefined' valign='undefined'&gt;State&lt;/td&gt;
      &lt;td style='width: 292px; height: 30px;' align='undefined' valign='undefined'&gt;Grad Sofiya&amp;nbsp;
&lt;/td&gt;
      &lt;td style='height: 30px; width: 184px; font-weight: bold;' align='undefined' valign='undefined'&gt;Type&lt;/td&gt;
      &lt;td style='height: 30px; width: 291px;' align='undefined' valign='undefined'&gt;Train Crash&amp;nbsp;&lt;/td&gt;
    &lt;/tr&gt;
    &lt;tr&gt;
      &lt;td style='width: 184px; height: 24px; font-weight: bold;' align='undefined' valign='undefined'&gt;City&lt;/td&gt;
      &lt;td style='width: 292px; height: 24px;' align='undefined' valign='undefined'&gt;sofia&amp;nbsp;
&lt;/td&gt;
      &lt;td style='height: 24px; width: 184px; font-weight: bold;' align='undefined' valign='undefined'&gt;Date&lt;/td&gt;
      &lt;td style='height: 24px; width: 291px;' align='undefined' valign='undefined'&gt;2011-10-20&amp;nbsp;
&lt;/td&gt;
    &lt;/tr&gt;
    &lt;tr&gt;
      &lt;td style='width: 184px; height: 26px; font-weight: bold;' align='undefined' valign='undefined'&gt;Deaths&lt;/td&gt;
      &lt;td style='width: 292px; height: 26px;' align='undefined' valign='undefined'&gt;0&amp;nbsp;
&lt;/td&gt;
      &lt;td style='height: 26px; width: 184px; font-weight: bold;' align='undefined' valign='undefined'&gt;Url&lt;/td&gt;
      &lt;td style='height: 26px; width: 291px;' align='undefined' valign='undefined'&gt;&lt;A href=' http://www.focus-fen.net/?id=n262238'&gt;Link to News&amp;nbsp;&lt;/A&gt;
&lt;/td&gt;
    &lt;/tr&gt;
    &lt;tr&gt;
      &lt;td style='width: 184px; height: 90px; font-weight: bold;' align='undefined' valign='undefined'&gt;Description&lt;/td&gt;
      &lt;td colspan='3' rowspan='1' style='height: 90px; width: 291px;' align='undefined' valign='undefined'&gt; 15 people have bee injured in a heavy road accident involving a route taxi, a tram and a car on the junction of Evlogi Georgiev Str. and Vasil Levski Blvd. Three of the injured are in critical state. The road accident occurred at about 14.00pm. Signal for the incident was received on the national emergency telephone 112&amp;nbsp;
&lt;/td&gt;
    &lt;/tr&gt;
  &lt;/tbody&gt;
&lt;/table&gt;</description>
                <styleUrl>#style4x93304</styleUrl>
                <Point>
                    <extrude xmlns:ns5="http://www.w3.org/2001/XMLSchema-instance" xmlns:ns6="http://www.w3.org/2001/XMLSchema" ns5:type="ns6:boolean">false</extrude>
                    <altitudeMode>clampToGround</altitudeMode>
                    <coordinates>23.5299891,42.7181681</coordinates>
                </Point>
            </Placemark>
            <Placemark>
                <name>Citrix Supplier 3 - Headquarters</name>
                <visibility xmlns:ns5="http://www.w3.org/2001/XMLSchema-instance" xmlns:ns6="http://www.w3.org/2001/XMLSchema" ns5:type="ns6:boolean">true</visibility>
                <open xmlns:ns5="http://www.w3.org/2001/XMLSchema-instance" xmlns:ns6="http://www.w3.org/2001/XMLSchema" ns5:type="ns6:boolean">true</open>
                <address>Cowley Road,cambridge,Cambridgeshire,United Kingdom</address>
                <description>&lt;table style='text-align: left; width: 480px; height: 240px;' border='1' border-color='gray' border-style='solid' cellpadding='2' cellspacing='2'&gt;
&lt;tbody&gt;
    &lt;tr style='font-weight: bold;'&gt;
		&lt;td style='height: 78px; width: 184px;' align='undefined' valign='undefined'&gt;&lt;span style='font-weight: normal;'&gt;&lt;img src='http:\\www.razient.com\Razient\iconsgi\supplier.png'/&gt;&lt;/span&gt;&lt;/td&gt;
		&lt;td colspan='3' rowspan='1' style='height: 78px; width: 291px;' align='undefined' valign='undefined'&gt;Name: Citrix Supplier 3 - Headquarters&amp;nbsp;&lt;br&gt; Address: Cowley Road - cambridge - Cambridgeshire - United Kingdom&amp;nbsp;&lt;br&gt; Phone Number: &amp;nbsp;&lt;br&gt; Email: &amp;nbsp;&lt;br&gt; Primary Contact: &amp;nbsp;&lt;/td&gt;
    &lt;/tr&gt;
    &lt;tr&gt;
      &lt;td style='height: 0px; width: 184px; text-align: left;' valign='undefined'&gt;&lt;span style='font-weight: bold;'&gt;Parts:&lt;/span&gt;&lt;/td&gt;
	   &lt;td colspan='3' rowspan='1' style='height: 0px; width: 291px;' align='undefined' valign='undefined'&gt;&amp;nbsp;&lt;/td&gt;
    &lt;/tr&gt;
  &lt;/tbody&gt;
&lt;/table&gt;</description>
                <styleUrl>#style0x80000</styleUrl>
                <Point>
                    <extrude xmlns:ns5="http://www.w3.org/2001/XMLSchema-instance" xmlns:ns6="http://www.w3.org/2001/XMLSchema" ns5:type="ns6:boolean">false</extrude>
                    <altitudeMode>clampToGround</altitudeMode>
                    <coordinates>0.152804,52.23327</coordinates>
                </Point>
            </Placemark>
            <Placemark>
                <name> Incident :  Lengthy delays on train services between Cambridge and London</name>
                <visibility xmlns:ns5="http://www.w3.org/2001/XMLSchema-instance" xmlns:ns6="http://www.w3.org/2001/XMLSchema" ns5:type="ns6:boolean">true</visibility>
                <open xmlns:ns5="http://www.w3.org/2001/XMLSchema-instance" xmlns:ns6="http://www.w3.org/2001/XMLSchema" ns5:type="ns6:boolean">false</open>
                <description>&lt;table style='text-align: left; width: 480px; height: 240px;' border='1' border-color='gray' border-style='solid' cellpadding='2' cellspacing='2'&gt;
&lt;tbody&gt;
    &lt;tr style='font-weight: bold;'&gt;
		&lt;td style='height: 78px; width: 184px;' align='undefined' valign='undefined'&gt;&lt;span style='font-weight: normal;'&gt;&lt;img src='http:\\66.216.18.155\Razient\iconsgi\suppliers.gif'/&gt;&lt;/span&gt;&lt;/td&gt;
		&lt;td colspan='3' rowspan='1' style='height: 78px; width: 291px;' align='undefined' valign='undefined'&gt;Citrix Supplier 3 - Headquarters&amp;nbsp;
Cowley Road&amp;nbsp;&lt;/td&gt;
    &lt;/tr&gt;
    &lt;tr&gt;
      &lt;td style='height: 0px; width: 184px; text-align: left;' valign='undefined'&gt;&lt;span style='font-weight: bold;'&gt;Summary:&lt;/span&gt;&lt;/td&gt;
	   &lt;td colspan='3' rowspan='1' style='height: 0px; width: 291px;' align='undefined' valign='undefined'&gt; Lengthy delays on train services between Cambridge and London&amp;nbsp;&lt;/td&gt;
    &lt;/tr&gt;
    &lt;tr&gt;
      &lt;td style='width: 184px; height: 26px; font-weight: bold;' align='undefined' valign='undefined'&gt;Country&lt;/td&gt;
      &lt;td style='width: 292px; height: 26px;' align='undefined' valign='undefined'&gt;United Kingdom&amp;nbsp;&lt;/td&gt;
      &lt;td style='height: 26px; width: 184px; font-weight: bold;' align='undefined' valign='undefined'&gt;Severity	&lt;/td&gt;
      &lt;td style='height: 26px; width: 291px;' align='undefined' valign='undefined'&gt;Low&amp;nbsp;&lt;/td&gt;
    &lt;/tr&gt;
    &lt;tr&gt;
      &lt;td style='width: 184px; height: 30px; font-weight: bold;' align='undefined' valign='undefined'&gt;State&lt;/td&gt;
      &lt;td style='width: 292px; height: 30px;' align='undefined' valign='undefined'&gt;Cambridgeshire&amp;nbsp;
&lt;/td&gt;
      &lt;td style='height: 30px; width: 184px; font-weight: bold;' align='undefined' valign='undefined'&gt;Type&lt;/td&gt;
      &lt;td style='height: 30px; width: 291px;' align='undefined' valign='undefined'&gt;Train Crash&amp;nbsp;&lt;/td&gt;
    &lt;/tr&gt;
    &lt;tr&gt;
      &lt;td style='width: 184px; height: 24px; font-weight: bold;' align='undefined' valign='undefined'&gt;City&lt;/td&gt;
      &lt;td style='width: 292px; height: 24px;' align='undefined' valign='undefined'&gt;cambridge&amp;nbsp;
&lt;/td&gt;
      &lt;td style='height: 24px; width: 184px; font-weight: bold;' align='undefined' valign='undefined'&gt;Date&lt;/td&gt;
      &lt;td style='height: 24px; width: 291px;' align='undefined' valign='undefined'&gt;2011-10-18&amp;nbsp;
&lt;/td&gt;
    &lt;/tr&gt;
    &lt;tr&gt;
      &lt;td style='width: 184px; height: 26px; font-weight: bold;' align='undefined' valign='undefined'&gt;Deaths&lt;/td&gt;
      &lt;td style='width: 292px; height: 26px;' align='undefined' valign='undefined'&gt;0&amp;nbsp;
&lt;/td&gt;
      &lt;td style='height: 26px; width: 184px; font-weight: bold;' align='undefined' valign='undefined'&gt;Url&lt;/td&gt;
      &lt;td style='height: 26px; width: 291px;' align='undefined' valign='undefined'&gt;&lt;A href=' http://www.cambridgefirst.co.uk/news/lengthy_delays_on_train_services_between_cambridge_and_london_1_1098599'&gt;Link to News&amp;nbsp;&lt;/A&gt;
&lt;/td&gt;
    &lt;/tr&gt;
    &lt;tr&gt;
      &lt;td style='width: 184px; height: 90px; font-weight: bold;' align='undefined' valign='undefined'&gt;Description&lt;/td&gt;
      &lt;td colspan='3' rowspan='1' style='height: 90px; width: 291px;' align='undefined' valign='undefined'&gt; COMMUTERS face lengthy delays between Cambridge and London as electrical problems cause major disruption to train services.&amp;nbsp;
&lt;/td&gt;
    &lt;/tr&gt;
  &lt;/tbody&gt;
&lt;/table&gt;</description>
                <styleUrl>#style4x93304</styleUrl>
                <Point>
                    <extrude xmlns:ns5="http://www.w3.org/2001/XMLSchema-instance" xmlns:ns6="http://www.w3.org/2001/XMLSchema" ns5:type="ns6:boolean">false</extrude>
                    <altitudeMode>clampToGround</altitudeMode>
                    <coordinates>0.1312368,52.2025441</coordinates>
                </Point>
            </Placemark>
            <Placemark>
                <name>Houston</name>
                <visibility xmlns:ns5="http://www.w3.org/2001/XMLSchema-instance" xmlns:ns6="http://www.w3.org/2001/XMLSchema" ns5:type="ns6:boolean">true</visibility>
                <open xmlns:ns5="http://www.w3.org/2001/XMLSchema-instance" xmlns:ns6="http://www.w3.org/2001/XMLSchema" ns5:type="ns6:boolean">true</open>
                <address>1201 Louisiana,houston,Texas,United States</address>
                <description>&lt;table style='text-align: left; width: 480px; height: 240px;' border='1' border-color='gray' border-style='solid' cellpadding='2' cellspacing='2'&gt;
&lt;tbody&gt;
    &lt;tr style='font-weight: bold;'&gt;
		&lt;td style='height: 78px; width: 184px;' align='undefined' valign='undefined'&gt;&lt;span style='font-weight: normal;'&gt;&lt;img src='http:\\www.razient.com\Razient\iconsgi\customer.png'/&gt;&lt;/span&gt;&lt;/td&gt;
		&lt;td colspan='3' rowspan='1' style='height: 78px; width: 291px;' align='undefined' valign='undefined'&gt;Name: Houston&amp;nbsp;&lt;br&gt; Address: 1201 Louisiana - houston - Texas - United States&amp;nbsp;&lt;br&gt; Phone Number: &amp;nbsp;&lt;br&gt; Email: &amp;nbsp;&lt;br&gt; Primary Contact: &amp;nbsp;&lt;/td&gt;
    &lt;/tr&gt;
    &lt;tr&gt;
	   &lt;td colspan='3' rowspan='1' style='height: 0px; width: 291px;' align='undefined' valign='undefined'&gt;&amp;nbsp;&lt;/td&gt;
    &lt;/tr&gt;
  &lt;/tbody&gt;
&lt;/table&gt;</description>
                <styleUrl>#style0x70000</styleUrl>
                <Point>
                    <extrude xmlns:ns5="http://www.w3.org/2001/XMLSchema-instance" xmlns:ns6="http://www.w3.org/2001/XMLSchema" ns5:type="ns6:boolean">false</extrude>
                    <altitudeMode>clampToGround</altitudeMode>
                    <coordinates>-95.36845,29.756573</coordinates>
                </Point>
            </Placemark>
            <Placemark>
                <name> Incident :  Power Outage Causes Valero Refinery Flare up</name>
                <visibility xmlns:ns5="http://www.w3.org/2001/XMLSchema-instance" xmlns:ns6="http://www.w3.org/2001/XMLSchema" ns5:type="ns6:boolean">true</visibility>
                <open xmlns:ns5="http://www.w3.org/2001/XMLSchema-instance" xmlns:ns6="http://www.w3.org/2001/XMLSchema" ns5:type="ns6:boolean">false</open>
                <description>&lt;table style='text-align: left; width: 480px; height: 240px;' border='1' border-color='gray' border-style='solid' cellpadding='2' cellspacing='2'&gt;
&lt;tbody&gt;
    &lt;tr style='font-weight: bold;'&gt;
		&lt;td style='height: 78px; width: 184px;' align='undefined' valign='undefined'&gt;&lt;span style='font-weight: normal;'&gt;&lt;img src='http:\\66.216.18.155\Razient\iconsgi\suppliers.gif'/&gt;&lt;/span&gt;&lt;/td&gt;
		&lt;td colspan='3' rowspan='1' style='height: 78px; width: 291px;' align='undefined' valign='undefined'&gt;Houston&amp;nbsp;
1201 Louisiana&amp;nbsp;&lt;/td&gt;
    &lt;/tr&gt;
    &lt;tr&gt;
      &lt;td style='height: 0px; width: 184px; text-align: left;' valign='undefined'&gt;&lt;span style='font-weight: bold;'&gt;Summary:&lt;/span&gt;&lt;/td&gt;
	   &lt;td colspan='3' rowspan='1' style='height: 0px; width: 291px;' align='undefined' valign='undefined'&gt; Power Outage Causes Valero Refinery Flare up&amp;nbsp;&lt;/td&gt;
    &lt;/tr&gt;
    &lt;tr&gt;
      &lt;td style='width: 184px; height: 26px; font-weight: bold;' align='undefined' valign='undefined'&gt;Country&lt;/td&gt;
      &lt;td style='width: 292px; height: 26px;' align='undefined' valign='undefined'&gt;United States&amp;nbsp;&lt;/td&gt;
      &lt;td style='height: 26px; width: 184px; font-weight: bold;' align='undefined' valign='undefined'&gt;Severity	&lt;/td&gt;
      &lt;td style='height: 26px; width: 291px;' align='undefined' valign='undefined'&gt;Medium&amp;nbsp;&lt;/td&gt;
    &lt;/tr&gt;
    &lt;tr&gt;
      &lt;td style='width: 184px; height: 30px; font-weight: bold;' align='undefined' valign='undefined'&gt;State&lt;/td&gt;
      &lt;td style='width: 292px; height: 30px;' align='undefined' valign='undefined'&gt;Texas&amp;nbsp;
&lt;/td&gt;
      &lt;td style='height: 30px; width: 184px; font-weight: bold;' align='undefined' valign='undefined'&gt;Type&lt;/td&gt;
      &lt;td style='height: 30px; width: 291px;' align='undefined' valign='undefined'&gt;Fire&amp;nbsp;&lt;/td&gt;
    &lt;/tr&gt;
    &lt;tr&gt;
      &lt;td style='width: 184px; height: 24px; font-weight: bold;' align='undefined' valign='undefined'&gt;City&lt;/td&gt;
      &lt;td style='width: 292px; height: 24px;' align='undefined' valign='undefined'&gt;houston&amp;nbsp;
&lt;/td&gt;
      &lt;td style='height: 24px; width: 184px; font-weight: bold;' align='undefined' valign='undefined'&gt;Date&lt;/td&gt;
      &lt;td style='height: 24px; width: 291px;' align='undefined' valign='undefined'&gt;2011-10-18&amp;nbsp;
&lt;/td&gt;
    &lt;/tr&gt;
    &lt;tr&gt;
      &lt;td style='width: 184px; height: 26px; font-weight: bold;' align='undefined' valign='undefined'&gt;Deaths&lt;/td&gt;
      &lt;td style='width: 292px; height: 26px;' align='undefined' valign='undefined'&gt;0&amp;nbsp;
&lt;/td&gt;
      &lt;td style='height: 26px; width: 184px; font-weight: bold;' align='undefined' valign='undefined'&gt;Url&lt;/td&gt;
      &lt;td style='height: 26px; width: 291px;' align='undefined' valign='undefined'&gt;&lt;A href='http://www.myfoxhouston.com/dpp/news/local/111018-power-outage-causes-valero-refinery-flare-up'&gt;Link to News&amp;nbsp;&lt;/A&gt;
&lt;/td&gt;
    &lt;/tr&gt;
    &lt;tr&gt;
      &lt;td style='width: 184px; height: 90px; font-weight: bold;' align='undefined' valign='undefined'&gt;Description&lt;/td&gt;
      &lt;td colspan='3' rowspan='1' style='height: 90px; width: 291px;' align='undefined' valign='undefined'&gt;A refinery in southeast Houston briefly lost electricity, forcing a flare up that sent black smoke into the sky.It happened around 1030 a.m. Tuesday at the Valero plant on Manchester near the Houston Ship Channel.&#xD;
&amp;nbsp;
&lt;/td&gt;
    &lt;/tr&gt;
  &lt;/tbody&gt;
&lt;/table&gt;</description>
                <styleUrl>#style9x93309</styleUrl>
                <Point>
                    <extrude xmlns:ns5="http://www.w3.org/2001/XMLSchema-instance" xmlns:ns6="http://www.w3.org/2001/XMLSchema" ns5:type="ns6:boolean">false</extrude>
                    <altitudeMode>clampToGround</altitudeMode>
                    <coordinates>-95.3693896,29.7601927</coordinates>
                </Point>
            </Placemark>
            <Placemark>
                <name>Chicago</name>
                <visibility xmlns:ns5="http://www.w3.org/2001/XMLSchema-instance" xmlns:ns6="http://www.w3.org/2001/XMLSchema" ns5:type="ns6:boolean">true</visibility>
                <open xmlns:ns5="http://www.w3.org/2001/XMLSchema-instance" xmlns:ns6="http://www.w3.org/2001/XMLSchema" ns5:type="ns6:boolean">true</open>
                <address>One North Wacker,chicago,Illinois,United States</address>
                <description>&lt;table style='text-align: left; width: 480px; height: 240px;' border='1' border-color='gray' border-style='solid' cellpadding='2' cellspacing='2'&gt;
&lt;tbody&gt;
    &lt;tr style='font-weight: bold;'&gt;
		&lt;td style='height: 78px; width: 184px;' align='undefined' valign='undefined'&gt;&lt;span style='font-weight: normal;'&gt;&lt;img src='http:\\www.razient.com\Razient\iconsgi\customer.png'/&gt;&lt;/span&gt;&lt;/td&gt;
		&lt;td colspan='3' rowspan='1' style='height: 78px; width: 291px;' align='undefined' valign='undefined'&gt;Name: Chicago&amp;nbsp;&lt;br&gt; Address: One North Wacker - chicago - Illinois - United States&amp;nbsp;&lt;br&gt; Phone Number: &amp;nbsp;&lt;br&gt; Email: &amp;nbsp;&lt;br&gt; Primary Contact: &amp;nbsp;&lt;/td&gt;
    &lt;/tr&gt;
    &lt;tr&gt;
	   &lt;td colspan='3' rowspan='1' style='height: 0px; width: 291px;' align='undefined' valign='undefined'&gt;&amp;nbsp;&lt;/td&gt;
    &lt;/tr&gt;
  &lt;/tbody&gt;
&lt;/table&gt;</description>
                <styleUrl>#style0x70000</styleUrl>
                <Point>
                    <extrude xmlns:ns5="http://www.w3.org/2001/XMLSchema-instance" xmlns:ns6="http://www.w3.org/2001/XMLSchema" ns5:type="ns6:boolean">false</extrude>
                    <altitudeMode>clampToGround</altitudeMode>
                    <coordinates>-87.63645,41.882076</coordinates>
                </Point>
            </Placemark>
            <Placemark>
                <name> Incident :  Woodlawn shooting leaves man dead teen, adult hospitalized </name>
                <visibility xmlns:ns5="http://www.w3.org/2001/XMLSchema-instance" xmlns:ns6="http://www.w3.org/2001/XMLSchema" ns5:type="ns6:boolean">true</visibility>
                <open xmlns:ns5="http://www.w3.org/2001/XMLSchema-instance" xmlns:ns6="http://www.w3.org/2001/XMLSchema" ns5:type="ns6:boolean">false</open>
                <description>&lt;table style='text-align: left; width: 480px; height: 240px;' border='1' border-color='gray' border-style='solid' cellpadding='2' cellspacing='2'&gt;
&lt;tbody&gt;
    &lt;tr style='font-weight: bold;'&gt;
		&lt;td style='height: 78px; width: 184px;' align='undefined' valign='undefined'&gt;&lt;span style='font-weight: normal;'&gt;&lt;img src='http:\\66.216.18.155\Razient\iconsgi\suppliers.gif'/&gt;&lt;/span&gt;&lt;/td&gt;
		&lt;td colspan='3' rowspan='1' style='height: 78px; width: 291px;' align='undefined' valign='undefined'&gt;Chicago&amp;nbsp;
One North Wacker&amp;nbsp;&lt;/td&gt;
    &lt;/tr&gt;
    &lt;tr&gt;
      &lt;td style='height: 0px; width: 184px; text-align: left;' valign='undefined'&gt;&lt;span style='font-weight: bold;'&gt;Summary:&lt;/span&gt;&lt;/td&gt;
	   &lt;td colspan='3' rowspan='1' style='height: 0px; width: 291px;' align='undefined' valign='undefined'&gt; Woodlawn shooting leaves man dead teen, adult hospitalized &amp;nbsp;&lt;/td&gt;
    &lt;/tr&gt;
    &lt;tr&gt;
      &lt;td style='width: 184px; height: 26px; font-weight: bold;' align='undefined' valign='undefined'&gt;Country&lt;/td&gt;
      &lt;td style='width: 292px; height: 26px;' align='undefined' valign='undefined'&gt;United States&amp;nbsp;&lt;/td&gt;
      &lt;td style='height: 26px; width: 184px; font-weight: bold;' align='undefined' valign='undefined'&gt;Severity	&lt;/td&gt;
      &lt;td style='height: 26px; width: 291px;' align='undefined' valign='undefined'&gt;Medium&amp;nbsp;&lt;/td&gt;
    &lt;/tr&gt;
    &lt;tr&gt;
      &lt;td style='width: 184px; height: 30px; font-weight: bold;' align='undefined' valign='undefined'&gt;State&lt;/td&gt;
      &lt;td style='width: 292px; height: 30px;' align='undefined' valign='undefined'&gt;Illinois&amp;nbsp;
&lt;/td&gt;
      &lt;td style='height: 30px; width: 184px; font-weight: bold;' align='undefined' valign='undefined'&gt;Type&lt;/td&gt;
      &lt;td style='height: 30px; width: 291px;' align='undefined' valign='undefined'&gt;Shooting&amp;nbsp;&lt;/td&gt;
    &lt;/tr&gt;
    &lt;tr&gt;
      &lt;td style='width: 184px; height: 24px; font-weight: bold;' align='undefined' valign='undefined'&gt;City&lt;/td&gt;
      &lt;td style='width: 292px; height: 24px;' align='undefined' valign='undefined'&gt;chicago&amp;nbsp;
&lt;/td&gt;
      &lt;td style='height: 24px; width: 184px; font-weight: bold;' align='undefined' valign='undefined'&gt;Date&lt;/td&gt;
      &lt;td style='height: 24px; width: 291px;' align='undefined' valign='undefined'&gt;2011-10-18&amp;nbsp;
&lt;/td&gt;
    &lt;/tr&gt;
    &lt;tr&gt;
      &lt;td style='width: 184px; height: 26px; font-weight: bold;' align='undefined' valign='undefined'&gt;Deaths&lt;/td&gt;
      &lt;td style='width: 292px; height: 26px;' align='undefined' valign='undefined'&gt;1&amp;nbsp;
&lt;/td&gt;
      &lt;td style='height: 26px; width: 184px; font-weight: bold;' align='undefined' valign='undefined'&gt;Url&lt;/td&gt;
      &lt;td style='height: 26px; width: 291px;' align='undefined' valign='undefined'&gt;&lt;A href=' http://www.suntimes.com/news/crime/8298702-418/woodlawn-shooting-leaves-man-dead-teen-adult-hospitalized.html'&gt;Link to News&amp;nbsp;&lt;/A&gt;
&lt;/td&gt;
    &lt;/tr&gt;
    &lt;tr&gt;
      &lt;td style='width: 184px; height: 90px; font-weight: bold;' align='undefined' valign='undefined'&gt;Description&lt;/td&gt;
      &lt;td colspan='3' rowspan='1' style='height: 90px; width: 291px;' align='undefined' valign='undefined'&gt; A young man is dead and a teenage boy suffered a graze wound to the face after two gunmen men in black opened fire Tuesday night in the Woodlawn neighborhood on the South Side.The shooting happened at 7:55 p.m. at in the 6400 block of South King Drive, according to police News Affairs.&amp;nbsp;
&lt;/td&gt;
    &lt;/tr&gt;
  &lt;/tbody&gt;
&lt;/table&gt;</description>
                <styleUrl>#style1x93301</styleUrl>
                <Point>
                    <extrude xmlns:ns5="http://www.w3.org/2001/XMLSchema-instance" xmlns:ns6="http://www.w3.org/2001/XMLSchema" ns5:type="ns6:boolean">false</extrude>
                    <altitudeMode>clampToGround</altitudeMode>
                    <coordinates>-87.6153632,41.7693301</coordinates>
                </Point>
            </Placemark>
            <Placemark>
                <name>Atlanta</name>
                <visibility xmlns:ns5="http://www.w3.org/2001/XMLSchema-instance" xmlns:ns6="http://www.w3.org/2001/XMLSchema" ns5:type="ns6:boolean">true</visibility>
                <open xmlns:ns5="http://www.w3.org/2001/XMLSchema-instance" xmlns:ns6="http://www.w3.org/2001/XMLSchema" ns5:type="ns6:boolean">true</open>
                <address>10 Tenth Street,atlanta,Georgia,United States</address>
                <description>&lt;table style='text-align: left; width: 480px; height: 240px;' border='1' border-color='gray' border-style='solid' cellpadding='2' cellspacing='2'&gt;
&lt;tbody&gt;
    &lt;tr style='font-weight: bold;'&gt;
		&lt;td style='height: 78px; width: 184px;' align='undefined' valign='undefined'&gt;&lt;span style='font-weight: normal;'&gt;&lt;img src='http:\\www.razient.com\Razient\iconsgi\customer.png'/&gt;&lt;/span&gt;&lt;/td&gt;
		&lt;td colspan='3' rowspan='1' style='height: 78px; width: 291px;' align='undefined' valign='undefined'&gt;Name: Atlanta&amp;nbsp;&lt;br&gt; Address: 10 Tenth Street - atlanta - Georgia - United States&amp;nbsp;&lt;br&gt; Phone Number: &amp;nbsp;&lt;br&gt; Email: &amp;nbsp;&lt;br&gt; Primary Contact: &amp;nbsp;&lt;/td&gt;
    &lt;/tr&gt;
    &lt;tr&gt;
	   &lt;td colspan='3' rowspan='1' style='height: 0px; width: 291px;' align='undefined' valign='undefined'&gt;&amp;nbsp;&lt;/td&gt;
    &lt;/tr&gt;
  &lt;/tbody&gt;
&lt;/table&gt;</description>
                <styleUrl>#style0x70000</styleUrl>
                <Point>
                    <extrude xmlns:ns5="http://www.w3.org/2001/XMLSchema-instance" xmlns:ns6="http://www.w3.org/2001/XMLSchema" ns5:type="ns6:boolean">false</extrude>
                    <altitudeMode>clampToGround</altitudeMode>
                    <coordinates>-84.387566,33.781727</coordinates>
                </Point>
            </Placemark>
            <Placemark>
                <name> Incident :  MARTA shooting  Dead mans brother says he was shot in back</name>
                <visibility xmlns:ns5="http://www.w3.org/2001/XMLSchema-instance" xmlns:ns6="http://www.w3.org/2001/XMLSchema" ns5:type="ns6:boolean">true</visibility>
                <open xmlns:ns5="http://www.w3.org/2001/XMLSchema-instance" xmlns:ns6="http://www.w3.org/2001/XMLSchema" ns5:type="ns6:boolean">false</open>
                <description>&lt;table style='text-align: left; width: 480px; height: 240px;' border='1' border-color='gray' border-style='solid' cellpadding='2' cellspacing='2'&gt;
&lt;tbody&gt;
    &lt;tr style='font-weight: bold;'&gt;
		&lt;td style='height: 78px; width: 184px;' align='undefined' valign='undefined'&gt;&lt;span style='font-weight: normal;'&gt;&lt;img src='http:\\66.216.18.155\Razient\iconsgi\suppliers.gif'/&gt;&lt;/span&gt;&lt;/td&gt;
		&lt;td colspan='3' rowspan='1' style='height: 78px; width: 291px;' align='undefined' valign='undefined'&gt;Atlanta&amp;nbsp;
10 Tenth Street&amp;nbsp;&lt;/td&gt;
    &lt;/tr&gt;
    &lt;tr&gt;
      &lt;td style='height: 0px; width: 184px; text-align: left;' valign='undefined'&gt;&lt;span style='font-weight: bold;'&gt;Summary:&lt;/span&gt;&lt;/td&gt;
	   &lt;td colspan='3' rowspan='1' style='height: 0px; width: 291px;' align='undefined' valign='undefined'&gt; MARTA shooting  Dead mans brother says he was shot in back&amp;nbsp;&lt;/td&gt;
    &lt;/tr&gt;
    &lt;tr&gt;
      &lt;td style='width: 184px; height: 26px; font-weight: bold;' align='undefined' valign='undefined'&gt;Country&lt;/td&gt;
      &lt;td style='width: 292px; height: 26px;' align='undefined' valign='undefined'&gt;United States&amp;nbsp;&lt;/td&gt;
      &lt;td style='height: 26px; width: 184px; font-weight: bold;' align='undefined' valign='undefined'&gt;Severity	&lt;/td&gt;
      &lt;td style='height: 26px; width: 291px;' align='undefined' valign='undefined'&gt;Medium&amp;nbsp;&lt;/td&gt;
    &lt;/tr&gt;
    &lt;tr&gt;
      &lt;td style='width: 184px; height: 30px; font-weight: bold;' align='undefined' valign='undefined'&gt;State&lt;/td&gt;
      &lt;td style='width: 292px; height: 30px;' align='undefined' valign='undefined'&gt;Georgia&amp;nbsp;
&lt;/td&gt;
      &lt;td style='height: 30px; width: 184px; font-weight: bold;' align='undefined' valign='undefined'&gt;Type&lt;/td&gt;
      &lt;td style='height: 30px; width: 291px;' align='undefined' valign='undefined'&gt;Shooting&amp;nbsp;&lt;/td&gt;
    &lt;/tr&gt;
    &lt;tr&gt;
      &lt;td style='width: 184px; height: 24px; font-weight: bold;' align='undefined' valign='undefined'&gt;City&lt;/td&gt;
      &lt;td style='width: 292px; height: 24px;' align='undefined' valign='undefined'&gt;atlanta&amp;nbsp;
&lt;/td&gt;
      &lt;td style='height: 24px; width: 184px; font-weight: bold;' align='undefined' valign='undefined'&gt;Date&lt;/td&gt;
      &lt;td style='height: 24px; width: 291px;' align='undefined' valign='undefined'&gt;2011-10-15&amp;nbsp;
&lt;/td&gt;
    &lt;/tr&gt;
    &lt;tr&gt;
      &lt;td style='width: 184px; height: 26px; font-weight: bold;' align='undefined' valign='undefined'&gt;Deaths&lt;/td&gt;
      &lt;td style='width: 292px; height: 26px;' align='undefined' valign='undefined'&gt;1&amp;nbsp;
&lt;/td&gt;
      &lt;td style='height: 26px; width: 184px; font-weight: bold;' align='undefined' valign='undefined'&gt;Url&lt;/td&gt;
      &lt;td style='height: 26px; width: 291px;' align='undefined' valign='undefined'&gt;&lt;A href=' http://www.ajc.com/news/atlanta/marta-shooting-dead-mans-1202221.html'&gt;Link to News&amp;nbsp;&lt;/A&gt;
&lt;/td&gt;
    &lt;/tr&gt;
    &lt;tr&gt;
      &lt;td style='width: 184px; height: 90px; font-weight: bold;' align='undefined' valign='undefined'&gt;Description&lt;/td&gt;
      &lt;td colspan='3' rowspan='1' style='height: 90px; width: 291px;' align='undefined' valign='undefined'&gt; MARTA spokesman Lyle Harris said Sunday morning that a MARTA officer shot and killed the man outside the Vine City train station at about 1020 p.m. Saturday.&amp;nbsp;
&lt;/td&gt;
    &lt;/tr&gt;
  &lt;/tbody&gt;
&lt;/table&gt;</description>
                <styleUrl>#style1x93301</styleUrl>
                <Point>
                    <extrude xmlns:ns5="http://www.w3.org/2001/XMLSchema-instance" xmlns:ns6="http://www.w3.org/2001/XMLSchema" ns5:type="ns6:boolean">false</extrude>
                    <altitudeMode>clampToGround</altitudeMode>
                    <coordinates>-84.3879824,33.7534954</coordinates>
                </Point>
            </Placemark>
            <Placemark>
                <name>Hartford</name>
                <visibility xmlns:ns5="http://www.w3.org/2001/XMLSchema-instance" xmlns:ns6="http://www.w3.org/2001/XMLSchema" ns5:type="ns6:boolean">true</visibility>
                <open xmlns:ns5="http://www.w3.org/2001/XMLSchema-instance" xmlns:ns6="http://www.w3.org/2001/XMLSchema" ns5:type="ns6:boolean">true</open>
                <address>185 Asylum Street,hartford,Connecticut,United States</address>
                <description>&lt;table style='text-align: left; width: 480px; height: 240px;' border='1' border-color='gray' border-style='solid' cellpadding='2' cellspacing='2'&gt;
&lt;tbody&gt;
    &lt;tr style='font-weight: bold;'&gt;
		&lt;td style='height: 78px; width: 184px;' align='undefined' valign='undefined'&gt;&lt;span style='font-weight: normal;'&gt;&lt;img src='http:\\www.razient.com\Razient\iconsgi\customer.png'/&gt;&lt;/span&gt;&lt;/td&gt;
		&lt;td colspan='3' rowspan='1' style='height: 78px; width: 291px;' align='undefined' valign='undefined'&gt;Name: Hartford&amp;nbsp;&lt;br&gt; Address: 185 Asylum Street - hartford - Connecticut - United States&amp;nbsp;&lt;br&gt; Phone Number: &amp;nbsp;&lt;br&gt; Email: &amp;nbsp;&lt;br&gt; Primary Contact: &amp;nbsp;&lt;/td&gt;
    &lt;/tr&gt;
    &lt;tr&gt;
	   &lt;td colspan='3' rowspan='1' style='height: 0px; width: 291px;' align='undefined' valign='undefined'&gt;&amp;nbsp;&lt;/td&gt;
    &lt;/tr&gt;
  &lt;/tbody&gt;
&lt;/table&gt;</description>
                <styleUrl>#style0x70000</styleUrl>
                <Point>
                    <extrude xmlns:ns5="http://www.w3.org/2001/XMLSchema-instance" xmlns:ns6="http://www.w3.org/2001/XMLSchema" ns5:type="ns6:boolean">false</extrude>
                    <altitudeMode>clampToGround</altitudeMode>
                    <coordinates>-72.676155,41.766903</coordinates>
                </Point>
            </Placemark>
            <Placemark>
                <name> Incident :  Power Outage Closes 3 East Hartford Schools </name>
                <visibility xmlns:ns5="http://www.w3.org/2001/XMLSchema-instance" xmlns:ns6="http://www.w3.org/2001/XMLSchema" ns5:type="ns6:boolean">true</visibility>
                <open xmlns:ns5="http://www.w3.org/2001/XMLSchema-instance" xmlns:ns6="http://www.w3.org/2001/XMLSchema" ns5:type="ns6:boolean">false</open>
                <description>&lt;table style='text-align: left; width: 480px; height: 240px;' border='1' border-color='gray' border-style='solid' cellpadding='2' cellspacing='2'&gt;
&lt;tbody&gt;
    &lt;tr style='font-weight: bold;'&gt;
		&lt;td style='height: 78px; width: 184px;' align='undefined' valign='undefined'&gt;&lt;span style='font-weight: normal;'&gt;&lt;img src='http:\\66.216.18.155\Razient\iconsgi\suppliers.gif'/&gt;&lt;/span&gt;&lt;/td&gt;
		&lt;td colspan='3' rowspan='1' style='height: 78px; width: 291px;' align='undefined' valign='undefined'&gt;Hartford&amp;nbsp;
185 Asylum Street&amp;nbsp;&lt;/td&gt;
    &lt;/tr&gt;
    &lt;tr&gt;
      &lt;td style='height: 0px; width: 184px; text-align: left;' valign='undefined'&gt;&lt;span style='font-weight: bold;'&gt;Summary:&lt;/span&gt;&lt;/td&gt;
	   &lt;td colspan='3' rowspan='1' style='height: 0px; width: 291px;' align='undefined' valign='undefined'&gt; Power Outage Closes 3 East Hartford Schools &amp;nbsp;&lt;/td&gt;
    &lt;/tr&gt;
    &lt;tr&gt;
      &lt;td style='width: 184px; height: 26px; font-weight: bold;' align='undefined' valign='undefined'&gt;Country&lt;/td&gt;
      &lt;td style='width: 292px; height: 26px;' align='undefined' valign='undefined'&gt;United States&amp;nbsp;&lt;/td&gt;
      &lt;td style='height: 26px; width: 184px; font-weight: bold;' align='undefined' valign='undefined'&gt;Severity	&lt;/td&gt;
      &lt;td style='height: 26px; width: 291px;' align='undefined' valign='undefined'&gt;Low&amp;nbsp;&lt;/td&gt;
    &lt;/tr&gt;
    &lt;tr&gt;
      &lt;td style='width: 184px; height: 30px; font-weight: bold;' align='undefined' valign='undefined'&gt;State&lt;/td&gt;
      &lt;td style='width: 292px; height: 30px;' align='undefined' valign='undefined'&gt;Connecticut&amp;nbsp;
&lt;/td&gt;
      &lt;td style='height: 30px; width: 184px; font-weight: bold;' align='undefined' valign='undefined'&gt;Type&lt;/td&gt;
      &lt;td style='height: 30px; width: 291px;' align='undefined' valign='undefined'&gt;Power Outage&amp;nbsp;&lt;/td&gt;
    &lt;/tr&gt;
    &lt;tr&gt;
      &lt;td style='width: 184px; height: 24px; font-weight: bold;' align='undefined' valign='undefined'&gt;City&lt;/td&gt;
      &lt;td style='width: 292px; height: 24px;' align='undefined' valign='undefined'&gt;hartford&amp;nbsp;
&lt;/td&gt;
      &lt;td style='height: 24px; width: 184px; font-weight: bold;' align='undefined' valign='undefined'&gt;Date&lt;/td&gt;
      &lt;td style='height: 24px; width: 291px;' align='undefined' valign='undefined'&gt;2011-10-13&amp;nbsp;
&lt;/td&gt;
    &lt;/tr&gt;
    &lt;tr&gt;
      &lt;td style='width: 184px; height: 26px; font-weight: bold;' align='undefined' valign='undefined'&gt;Deaths&lt;/td&gt;
      &lt;td style='width: 292px; height: 26px;' align='undefined' valign='undefined'&gt;0&amp;nbsp;
&lt;/td&gt;
      &lt;td style='height: 26px; width: 184px; font-weight: bold;' align='undefined' valign='undefined'&gt;Url&lt;/td&gt;
      &lt;td style='height: 26px; width: 291px;' align='undefined' valign='undefined'&gt;&lt;A href=' http://www.nbcconnecticut.com/news/local/Power-Outage-Closes-Three-Schools-131775683.html'&gt;Link to News&amp;nbsp;&lt;/A&gt;
&lt;/td&gt;
    &lt;/tr&gt;
    &lt;tr&gt;
      &lt;td style='width: 184px; height: 90px; font-weight: bold;' align='undefined' valign='undefined'&gt;Description&lt;/td&gt;
      &lt;td colspan='3' rowspan='1' style='height: 90px; width: 291px;' align='undefined' valign='undefined'&gt; East Hartford High School, Synergy High School and Connecticut IB Academy  are closed because of a power outage at East Hartford High School.&amp;nbsp;
&lt;/td&gt;
    &lt;/tr&gt;
  &lt;/tbody&gt;
&lt;/table&gt;</description>
                <styleUrl>#style25x93325</styleUrl>
                <Point>
                    <extrude xmlns:ns5="http://www.w3.org/2001/XMLSchema-instance" xmlns:ns6="http://www.w3.org/2001/XMLSchema" ns5:type="ns6:boolean">false</extrude>
                    <altitudeMode>clampToGround</altitudeMode>
                    <coordinates>-72.6850932,41.7637111</coordinates>
                </Point>
            </Placemark>
            <Placemark>
                <name>Cincinnati</name>
                <visibility xmlns:ns5="http://www.w3.org/2001/XMLSchema-instance" xmlns:ns6="http://www.w3.org/2001/XMLSchema" ns5:type="ns6:boolean">true</visibility>
                <open xmlns:ns5="http://www.w3.org/2001/XMLSchema-instance" xmlns:ns6="http://www.w3.org/2001/XMLSchema" ns5:type="ns6:boolean">true</open>
                <address>720 East Pete Rose Way,cincinnati,Ohio,United States</address>
                <description>&lt;table style='text-align: left; width: 480px; height: 240px;' border='1' border-color='gray' border-style='solid' cellpadding='2' cellspacing='2'&gt;
&lt;tbody&gt;
    &lt;tr style='font-weight: bold;'&gt;
		&lt;td style='height: 78px; width: 184px;' align='undefined' valign='undefined'&gt;&lt;span style='font-weight: normal;'&gt;&lt;img src='http:\\www.razient.com\Razient\iconsgi\customer.png'/&gt;&lt;/span&gt;&lt;/td&gt;
		&lt;td colspan='3' rowspan='1' style='height: 78px; width: 291px;' align='undefined' valign='undefined'&gt;Name: Cincinnati&amp;nbsp;&lt;br&gt; Address: 720 East Pete Rose Way - cincinnati - Ohio - United States&amp;nbsp;&lt;br&gt; Phone Number: &amp;nbsp;&lt;br&gt; Email: &amp;nbsp;&lt;br&gt; Primary Contact: &amp;nbsp;&lt;/td&gt;
    &lt;/tr&gt;
    &lt;tr&gt;
	   &lt;td colspan='3' rowspan='1' style='height: 0px; width: 291px;' align='undefined' valign='undefined'&gt;&amp;nbsp;&lt;/td&gt;
    &lt;/tr&gt;
  &lt;/tbody&gt;
&lt;/table&gt;</description>
                <styleUrl>#style0x70000</styleUrl>
                <Point>
                    <extrude xmlns:ns5="http://www.w3.org/2001/XMLSchema-instance" xmlns:ns6="http://www.w3.org/2001/XMLSchema" ns5:type="ns6:boolean">false</extrude>
                    <altitudeMode>clampToGround</altitudeMode>
                    <coordinates>-84.49995,39.101974</coordinates>
                </Point>
            </Placemark>
            <Placemark>
                <name> Incident :  Kroger recalls ice cream with unlisted peanuts</name>
                <visibility xmlns:ns5="http://www.w3.org/2001/XMLSchema-instance" xmlns:ns6="http://www.w3.org/2001/XMLSchema" ns5:type="ns6:boolean">true</visibility>
                <open xmlns:ns5="http://www.w3.org/2001/XMLSchema-instance" xmlns:ns6="http://www.w3.org/2001/XMLSchema" ns5:type="ns6:boolean">false</open>
                <description>&lt;table style='text-align: left; width: 480px; height: 240px;' border='1' border-color='gray' border-style='solid' cellpadding='2' cellspacing='2'&gt;
&lt;tbody&gt;
    &lt;tr style='font-weight: bold;'&gt;
		&lt;td style='height: 78px; width: 184px;' align='undefined' valign='undefined'&gt;&lt;span style='font-weight: normal;'&gt;&lt;img src='http:\\66.216.18.155\Razient\iconsgi\suppliers.gif'/&gt;&lt;/span&gt;&lt;/td&gt;
		&lt;td colspan='3' rowspan='1' style='height: 78px; width: 291px;' align='undefined' valign='undefined'&gt;Cincinnati&amp;nbsp;
720 East Pete Rose Way&amp;nbsp;&lt;/td&gt;
    &lt;/tr&gt;
    &lt;tr&gt;
      &lt;td style='height: 0px; width: 184px; text-align: left;' valign='undefined'&gt;&lt;span style='font-weight: bold;'&gt;Summary:&lt;/span&gt;&lt;/td&gt;
	   &lt;td colspan='3' rowspan='1' style='height: 0px; width: 291px;' align='undefined' valign='undefined'&gt; Kroger recalls ice cream with unlisted peanuts&amp;nbsp;&lt;/td&gt;
    &lt;/tr&gt;
    &lt;tr&gt;
      &lt;td style='width: 184px; height: 26px; font-weight: bold;' align='undefined' valign='undefined'&gt;Country&lt;/td&gt;
      &lt;td style='width: 292px; height: 26px;' align='undefined' valign='undefined'&gt;United States&amp;nbsp;&lt;/td&gt;
      &lt;td style='height: 26px; width: 184px; font-weight: bold;' align='undefined' valign='undefined'&gt;Severity	&lt;/td&gt;
      &lt;td style='height: 26px; width: 291px;' align='undefined' valign='undefined'&gt;Low&amp;nbsp;&lt;/td&gt;
    &lt;/tr&gt;
    &lt;tr&gt;
      &lt;td style='width: 184px; height: 30px; font-weight: bold;' align='undefined' valign='undefined'&gt;State&lt;/td&gt;
      &lt;td style='width: 292px; height: 30px;' align='undefined' valign='undefined'&gt;Ohio&amp;nbsp;
&lt;/td&gt;
      &lt;td style='height: 30px; width: 184px; font-weight: bold;' align='undefined' valign='undefined'&gt;Type&lt;/td&gt;
      &lt;td style='height: 30px; width: 291px;' align='undefined' valign='undefined'&gt;Food Recall&amp;nbsp;&lt;/td&gt;
    &lt;/tr&gt;
    &lt;tr&gt;
      &lt;td style='width: 184px; height: 24px; font-weight: bold;' align='undefined' valign='undefined'&gt;City&lt;/td&gt;
      &lt;td style='width: 292px; height: 24px;' align='undefined' valign='undefined'&gt;cincinnati&amp;nbsp;
&lt;/td&gt;
      &lt;td style='height: 24px; width: 184px; font-weight: bold;' align='undefined' valign='undefined'&gt;Date&lt;/td&gt;
      &lt;td style='height: 24px; width: 291px;' align='undefined' valign='undefined'&gt;2011-10-13&amp;nbsp;
&lt;/td&gt;
    &lt;/tr&gt;
    &lt;tr&gt;
      &lt;td style='width: 184px; height: 26px; font-weight: bold;' align='undefined' valign='undefined'&gt;Deaths&lt;/td&gt;
      &lt;td style='width: 292px; height: 26px;' align='undefined' valign='undefined'&gt;0&amp;nbsp;
&lt;/td&gt;
      &lt;td style='height: 26px; width: 184px; font-weight: bold;' align='undefined' valign='undefined'&gt;Url&lt;/td&gt;
      &lt;td style='height: 26px; width: 291px;' align='undefined' valign='undefined'&gt;&lt;A href=' http://yourlife.usatoday.com/fitness-food/safety/story/2011-10-13/Kroger-recalls-ice-cream-with-unlisted-peanuts/50752486/1'&gt;Link to News&amp;nbsp;&lt;/A&gt;
&lt;/td&gt;
    &lt;/tr&gt;
    &lt;tr&gt;
      &lt;td style='width: 184px; height: 90px; font-weight: bold;' align='undefined' valign='undefined'&gt;Description&lt;/td&gt;
      &lt;td colspan='3' rowspan='1' style='height: 90px; width: 291px;' align='undefined' valign='undefined'&gt;The nations largest grocery store operator says people with peanut allergies could have a serious or even lifethreatening reaction if they eat the Private Selection Extreme Moose Tracks ice cream being recalled.The ice cream was sold at Kroger stores in Alabama, Georgia, Illinois, Indiana, Kentucky, Michigan, Missouri, Ohio, South Carolina and Tennessee.&amp;nbsp;
&lt;/td&gt;
    &lt;/tr&gt;
  &lt;/tbody&gt;
&lt;/table&gt;</description>
                <styleUrl>#style24x93324</styleUrl>
                <Point>
                    <extrude xmlns:ns5="http://www.w3.org/2001/XMLSchema-instance" xmlns:ns6="http://www.w3.org/2001/XMLSchema" ns5:type="ns6:boolean">false</extrude>
                    <altitudeMode>clampToGround</altitudeMode>
                    <coordinates>-84.5120196,39.1031182</coordinates>
                </Point>
            </Placemark>
            <Placemark>
                <name>Hartford</name>
                <visibility xmlns:ns5="http://www.w3.org/2001/XMLSchema-instance" xmlns:ns6="http://www.w3.org/2001/XMLSchema" ns5:type="ns6:boolean">true</visibility>
                <open xmlns:ns5="http://www.w3.org/2001/XMLSchema-instance" xmlns:ns6="http://www.w3.org/2001/XMLSchema" ns5:type="ns6:boolean">true</open>
                <address>185 Asylum Street,hartford,Connecticut,United States</address>
                <description>&lt;table style='text-align: left; width: 480px; height: 240px;' border='1' border-color='gray' border-style='solid' cellpadding='2' cellspacing='2'&gt;
&lt;tbody&gt;
    &lt;tr style='font-weight: bold;'&gt;
		&lt;td style='height: 78px; width: 184px;' align='undefined' valign='undefined'&gt;&lt;span style='font-weight: normal;'&gt;&lt;img src='http:\\www.razient.com\Razient\iconsgi\customer.png'/&gt;&lt;/span&gt;&lt;/td&gt;
		&lt;td colspan='3' rowspan='1' style='height: 78px; width: 291px;' align='undefined' valign='undefined'&gt;Name: Hartford&amp;nbsp;&lt;br&gt; Address: 185 Asylum Street - hartford - Connecticut - United States&amp;nbsp;&lt;br&gt; Phone Number: &amp;nbsp;&lt;br&gt; Email: &amp;nbsp;&lt;br&gt; Primary Contact: &amp;nbsp;&lt;/td&gt;
    &lt;/tr&gt;
    &lt;tr&gt;
	   &lt;td colspan='3' rowspan='1' style='height: 0px; width: 291px;' align='undefined' valign='undefined'&gt;&amp;nbsp;&lt;/td&gt;
    &lt;/tr&gt;
  &lt;/tbody&gt;
&lt;/table&gt;</description>
                <styleUrl>#style0x70000</styleUrl>
                <Point>
                    <extrude xmlns:ns5="http://www.w3.org/2001/XMLSchema-instance" xmlns:ns6="http://www.w3.org/2001/XMLSchema" ns5:type="ns6:boolean">false</extrude>
                    <altitudeMode>clampToGround</altitudeMode>
                    <coordinates>-72.676155,41.766903</coordinates>
                </Point>
            </Placemark>
            <Placemark>
                <name> Incident :  Hazmat situation at hospital office building</name>
                <visibility xmlns:ns5="http://www.w3.org/2001/XMLSchema-instance" xmlns:ns6="http://www.w3.org/2001/XMLSchema" ns5:type="ns6:boolean">true</visibility>
                <open xmlns:ns5="http://www.w3.org/2001/XMLSchema-instance" xmlns:ns6="http://www.w3.org/2001/XMLSchema" ns5:type="ns6:boolean">false</open>
                <description>&lt;table style='text-align: left; width: 480px; height: 240px;' border='1' border-color='gray' border-style='solid' cellpadding='2' cellspacing='2'&gt;
&lt;tbody&gt;
    &lt;tr style='font-weight: bold;'&gt;
		&lt;td style='height: 78px; width: 184px;' align='undefined' valign='undefined'&gt;&lt;span style='font-weight: normal;'&gt;&lt;img src='http:\\66.216.18.155\Razient\iconsgi\suppliers.gif'/&gt;&lt;/span&gt;&lt;/td&gt;
		&lt;td colspan='3' rowspan='1' style='height: 78px; width: 291px;' align='undefined' valign='undefined'&gt;Hartford&amp;nbsp;
185 Asylum Street&amp;nbsp;&lt;/td&gt;
    &lt;/tr&gt;
    &lt;tr&gt;
      &lt;td style='height: 0px; width: 184px; text-align: left;' valign='undefined'&gt;&lt;span style='font-weight: bold;'&gt;Summary:&lt;/span&gt;&lt;/td&gt;
	   &lt;td colspan='3' rowspan='1' style='height: 0px; width: 291px;' align='undefined' valign='undefined'&gt; Hazmat situation at hospital office building&amp;nbsp;&lt;/td&gt;
    &lt;/tr&gt;
    &lt;tr&gt;
      &lt;td style='width: 184px; height: 26px; font-weight: bold;' align='undefined' valign='undefined'&gt;Country&lt;/td&gt;
      &lt;td style='width: 292px; height: 26px;' align='undefined' valign='undefined'&gt;United States&amp;nbsp;&lt;/td&gt;
      &lt;td style='height: 26px; width: 184px; font-weight: bold;' align='undefined' valign='undefined'&gt;Severity	&lt;/td&gt;
      &lt;td style='height: 26px; width: 291px;' align='undefined' valign='undefined'&gt;Medium&amp;nbsp;&lt;/td&gt;
    &lt;/tr&gt;
    &lt;tr&gt;
      &lt;td style='width: 184px; height: 30px; font-weight: bold;' align='undefined' valign='undefined'&gt;State&lt;/td&gt;
      &lt;td style='width: 292px; height: 30px;' align='undefined' valign='undefined'&gt;Connecticut&amp;nbsp;
&lt;/td&gt;
      &lt;td style='height: 30px; width: 184px; font-weight: bold;' align='undefined' valign='undefined'&gt;Type&lt;/td&gt;
      &lt;td style='height: 30px; width: 291px;' align='undefined' valign='undefined'&gt;Hazmat&amp;nbsp;&lt;/td&gt;
    &lt;/tr&gt;
    &lt;tr&gt;
      &lt;td style='width: 184px; height: 24px; font-weight: bold;' align='undefined' valign='undefined'&gt;City&lt;/td&gt;
      &lt;td style='width: 292px; height: 24px;' align='undefined' valign='undefined'&gt;hartford&amp;nbsp;
&lt;/td&gt;
      &lt;td style='height: 24px; width: 184px; font-weight: bold;' align='undefined' valign='undefined'&gt;Date&lt;/td&gt;
      &lt;td style='height: 24px; width: 291px;' align='undefined' valign='undefined'&gt;2011-10-13&amp;nbsp;
&lt;/td&gt;
    &lt;/tr&gt;
    &lt;tr&gt;
      &lt;td style='width: 184px; height: 26px; font-weight: bold;' align='undefined' valign='undefined'&gt;Deaths&lt;/td&gt;
      &lt;td style='width: 292px; height: 26px;' align='undefined' valign='undefined'&gt;0&amp;nbsp;
&lt;/td&gt;
      &lt;td style='height: 26px; width: 184px; font-weight: bold;' align='undefined' valign='undefined'&gt;Url&lt;/td&gt;
      &lt;td style='height: 26px; width: 291px;' align='undefined' valign='undefined'&gt;&lt;A href=' http://www.wtnh.com/dpp/news/hartford_cty/hazmat-situation-at-hospital-office-building'&gt;Link to News&amp;nbsp;&lt;/A&gt;
&lt;/td&gt;
    &lt;/tr&gt;
    &lt;tr&gt;
      &lt;td style='width: 184px; height: 90px; font-weight: bold;' align='undefined' valign='undefined'&gt;Description&lt;/td&gt;
      &lt;td colspan='3' rowspan='1' style='height: 90px; width: 291px;' align='undefined' valign='undefined'&gt; There was a Hazmat situation near the Hartford Hospital this morning.As a precaution, a floor was evacuated.&amp;nbsp;
&lt;/td&gt;
    &lt;/tr&gt;
  &lt;/tbody&gt;
&lt;/table&gt;</description>
                <styleUrl>#style24x93324</styleUrl>
                <Point>
                    <extrude xmlns:ns5="http://www.w3.org/2001/XMLSchema-instance" xmlns:ns6="http://www.w3.org/2001/XMLSchema" ns5:type="ns6:boolean">false</extrude>
                    <altitudeMode>clampToGround</altitudeMode>
                    <coordinates>-72.6850932,41.7682111</coordinates>
                </Point>
            </Placemark>
            <Placemark>
                <name>Rio de JaneiroPWC</name>
                <visibility xmlns:ns5="http://www.w3.org/2001/XMLSchema-instance" xmlns:ns6="http://www.w3.org/2001/XMLSchema" ns5:type="ns6:boolean">true</visibility>
                <open xmlns:ns5="http://www.w3.org/2001/XMLSchema-instance" xmlns:ns6="http://www.w3.org/2001/XMLSchema" ns5:type="ns6:boolean">true</open>
                <address>Rua da CandelÃ¡ria 65,rio de janeiro,Rio de Janeiro,Brazil</address>
                <description>&lt;table style='text-align: left; width: 480px; height: 240px;' border='1' border-color='gray' border-style='solid' cellpadding='2' cellspacing='2'&gt;
&lt;tbody&gt;
    &lt;tr style='font-weight: bold;'&gt;
		&lt;td style='height: 78px; width: 184px;' align='undefined' valign='undefined'&gt;&lt;span style='font-weight: normal;'&gt;&lt;img src='http:\\www.razient.com\Razient\iconsgi\customer.png'/&gt;&lt;/span&gt;&lt;/td&gt;
		&lt;td colspan='3' rowspan='1' style='height: 78px; width: 291px;' align='undefined' valign='undefined'&gt;Name: Rio de JaneiroPWC&amp;nbsp;&lt;br&gt; Address: Rua da CandelÃ¡ria 65 - rio de janeiro - Rio de Janeiro - Brazil&amp;nbsp;&lt;br&gt; Phone Number: &amp;nbsp;&lt;br&gt; Email: &amp;nbsp;&lt;br&gt; Primary Contact: &amp;nbsp;&lt;/td&gt;
    &lt;/tr&gt;
    &lt;tr&gt;
	   &lt;td colspan='3' rowspan='1' style='height: 0px; width: 291px;' align='undefined' valign='undefined'&gt;&amp;nbsp;&lt;/td&gt;
    &lt;/tr&gt;
  &lt;/tbody&gt;
&lt;/table&gt;</description>
                <styleUrl>#style0x70000</styleUrl>
                <Point>
                    <extrude xmlns:ns5="http://www.w3.org/2001/XMLSchema-instance" xmlns:ns6="http://www.w3.org/2001/XMLSchema" ns5:type="ns6:boolean">false</extrude>
                    <altitudeMode>clampToGround</altitudeMode>
                    <coordinates>-43.209587,-22.90354</coordinates>
                </Point>
            </Placemark>
            <Placemark>
                <name> Incident :  Explosion hits restaurant in Brazil officials say at least 3 killed</name>
                <visibility xmlns:ns5="http://www.w3.org/2001/XMLSchema-instance" xmlns:ns6="http://www.w3.org/2001/XMLSchema" ns5:type="ns6:boolean">true</visibility>
                <open xmlns:ns5="http://www.w3.org/2001/XMLSchema-instance" xmlns:ns6="http://www.w3.org/2001/XMLSchema" ns5:type="ns6:boolean">false</open>
                <description>&lt;table style='text-align: left; width: 480px; height: 240px;' border='1' border-color='gray' border-style='solid' cellpadding='2' cellspacing='2'&gt;
&lt;tbody&gt;
    &lt;tr style='font-weight: bold;'&gt;
		&lt;td style='height: 78px; width: 184px;' align='undefined' valign='undefined'&gt;&lt;span style='font-weight: normal;'&gt;&lt;img src='http:\\66.216.18.155\Razient\iconsgi\suppliers.gif'/&gt;&lt;/span&gt;&lt;/td&gt;
		&lt;td colspan='3' rowspan='1' style='height: 78px; width: 291px;' align='undefined' valign='undefined'&gt;Rio de JaneiroPWC&amp;nbsp;
Rua da CandelÃ¡ria 65&amp;nbsp;&lt;/td&gt;
    &lt;/tr&gt;
    &lt;tr&gt;
      &lt;td style='height: 0px; width: 184px; text-align: left;' valign='undefined'&gt;&lt;span style='font-weight: bold;'&gt;Summary:&lt;/span&gt;&lt;/td&gt;
	   &lt;td colspan='3' rowspan='1' style='height: 0px; width: 291px;' align='undefined' valign='undefined'&gt; Explosion hits restaurant in Brazil officials say at least 3 killed&amp;nbsp;&lt;/td&gt;
    &lt;/tr&gt;
    &lt;tr&gt;
      &lt;td style='width: 184px; height: 26px; font-weight: bold;' align='undefined' valign='undefined'&gt;Country&lt;/td&gt;
      &lt;td style='width: 292px; height: 26px;' align='undefined' valign='undefined'&gt;Brazil&amp;nbsp;&lt;/td&gt;
      &lt;td style='height: 26px; width: 184px; font-weight: bold;' align='undefined' valign='undefined'&gt;Severity	&lt;/td&gt;
      &lt;td style='height: 26px; width: 291px;' align='undefined' valign='undefined'&gt;High&amp;nbsp;&lt;/td&gt;
    &lt;/tr&gt;
    &lt;tr&gt;
      &lt;td style='width: 184px; height: 30px; font-weight: bold;' align='undefined' valign='undefined'&gt;State&lt;/td&gt;
      &lt;td style='width: 292px; height: 30px;' align='undefined' valign='undefined'&gt;Rio de Janeiro&amp;nbsp;
&lt;/td&gt;
      &lt;td style='height: 30px; width: 184px; font-weight: bold;' align='undefined' valign='undefined'&gt;Type&lt;/td&gt;
      &lt;td style='height: 30px; width: 291px;' align='undefined' valign='undefined'&gt;Explosion&amp;nbsp;&lt;/td&gt;
    &lt;/tr&gt;
    &lt;tr&gt;
      &lt;td style='width: 184px; height: 24px; font-weight: bold;' align='undefined' valign='undefined'&gt;City&lt;/td&gt;
      &lt;td style='width: 292px; height: 24px;' align='undefined' valign='undefined'&gt;rio de janeiro&amp;nbsp;
&lt;/td&gt;
      &lt;td style='height: 24px; width: 184px; font-weight: bold;' align='undefined' valign='undefined'&gt;Date&lt;/td&gt;
      &lt;td style='height: 24px; width: 291px;' align='undefined' valign='undefined'&gt;2011-10-13&amp;nbsp;
&lt;/td&gt;
    &lt;/tr&gt;
    &lt;tr&gt;
      &lt;td style='width: 184px; height: 26px; font-weight: bold;' align='undefined' valign='undefined'&gt;Deaths&lt;/td&gt;
      &lt;td style='width: 292px; height: 26px;' align='undefined' valign='undefined'&gt;3&amp;nbsp;
&lt;/td&gt;
      &lt;td style='height: 26px; width: 184px; font-weight: bold;' align='undefined' valign='undefined'&gt;Url&lt;/td&gt;
      &lt;td style='height: 26px; width: 291px;' align='undefined' valign='undefined'&gt;&lt;A href=' http://www.washingtonpost.com/world/americas/explosion-hits-restaurant-in-brazil-officials-say-at-least-3-killed/2011/10/13/gIQA6QKGhL_story.html'&gt;Link to News&amp;nbsp;&lt;/A&gt;
&lt;/td&gt;
    &lt;/tr&gt;
    &lt;tr&gt;
      &lt;td style='width: 184px; height: 90px; font-weight: bold;' align='undefined' valign='undefined'&gt;Description&lt;/td&gt;
      &lt;td colspan='3' rowspan='1' style='height: 90px; width: 291px;' align='undefined' valign='undefined'&gt; An explosion likely caused by a gas leak ripped through a restaurant in downtown Rio de Janeiro on Thursday, killing at least three people and injuring 13, officials said.The explosion around 730 a.m. caused heavy damage to the restaurant, which wasnt open, and to the apartments above it.&#xD;
&amp;nbsp;
&lt;/td&gt;
    &lt;/tr&gt;
  &lt;/tbody&gt;
&lt;/table&gt;</description>
                <styleUrl>#style2x93302</styleUrl>
                <Point>
                    <extrude xmlns:ns5="http://www.w3.org/2001/XMLSchema-instance" xmlns:ns6="http://www.w3.org/2001/XMLSchema" ns5:type="ns6:boolean">false</extrude>
                    <altitudeMode>clampToGround</altitudeMode>
                    <coordinates>-43.2333,-22.9</coordinates>
                </Point>
            </Placemark>
            <Placemark>
                <name>Sofia Landwell Bulgaria</name>
                <visibility xmlns:ns5="http://www.w3.org/2001/XMLSchema-instance" xmlns:ns6="http://www.w3.org/2001/XMLSchema" ns5:type="ns6:boolean">true</visibility>
                <open xmlns:ns5="http://www.w3.org/2001/XMLSchema-instance" xmlns:ns6="http://www.w3.org/2001/XMLSchema" ns5:type="ns6:boolean">true</open>
                <address>Attorneys-at-Law 9-11 Maria Louisa Blvd.,sofia,Grad Sofiya,Bulgaria</address>
                <description>&lt;table style='text-align: left; width: 480px; height: 240px;' border='1' border-color='gray' border-style='solid' cellpadding='2' cellspacing='2'&gt;
&lt;tbody&gt;
    &lt;tr style='font-weight: bold;'&gt;
		&lt;td style='height: 78px; width: 184px;' align='undefined' valign='undefined'&gt;&lt;span style='font-weight: normal;'&gt;&lt;img src='http:\\www.razient.com\Razient\iconsgi\customer.png'/&gt;&lt;/span&gt;&lt;/td&gt;
		&lt;td colspan='3' rowspan='1' style='height: 78px; width: 291px;' align='undefined' valign='undefined'&gt;Name: Sofia Landwell Bulgaria&amp;nbsp;&lt;br&gt; Address: Attorneys-at-Law 9-11 Maria Louisa Blvd. - sofia - Grad Sofiya - Bulgaria&amp;nbsp;&lt;br&gt; Phone Number: &amp;nbsp;&lt;br&gt; Email: &amp;nbsp;&lt;br&gt; Primary Contact: &amp;nbsp;&lt;/td&gt;
    &lt;/tr&gt;
    &lt;tr&gt;
	   &lt;td colspan='3' rowspan='1' style='height: 0px; width: 291px;' align='undefined' valign='undefined'&gt;&amp;nbsp;&lt;/td&gt;
    &lt;/tr&gt;
  &lt;/tbody&gt;
&lt;/table&gt;</description>
                <styleUrl>#style0x70000</styleUrl>
                <Point>
                    <extrude xmlns:ns5="http://www.w3.org/2001/XMLSchema-instance" xmlns:ns6="http://www.w3.org/2001/XMLSchema" ns5:type="ns6:boolean">false</extrude>
                    <altitudeMode>clampToGround</altitudeMode>
                    <coordinates>23.32601,42.69649</coordinates>
                </Point>
            </Placemark>
            <Placemark>
                <name> Incident :  Journalist car blows up during Barroso Bulgaria visit</name>
                <visibility xmlns:ns5="http://www.w3.org/2001/XMLSchema-instance" xmlns:ns6="http://www.w3.org/2001/XMLSchema" ns5:type="ns6:boolean">true</visibility>
                <open xmlns:ns5="http://www.w3.org/2001/XMLSchema-instance" xmlns:ns6="http://www.w3.org/2001/XMLSchema" ns5:type="ns6:boolean">false</open>
                <description>&lt;table style='text-align: left; width: 480px; height: 240px;' border='1' border-color='gray' border-style='solid' cellpadding='2' cellspacing='2'&gt;
&lt;tbody&gt;
    &lt;tr style='font-weight: bold;'&gt;
		&lt;td style='height: 78px; width: 184px;' align='undefined' valign='undefined'&gt;&lt;span style='font-weight: normal;'&gt;&lt;img src='http:\\66.216.18.155\Razient\iconsgi\suppliers.gif'/&gt;&lt;/span&gt;&lt;/td&gt;
		&lt;td colspan='3' rowspan='1' style='height: 78px; width: 291px;' align='undefined' valign='undefined'&gt;Sofia Landwell Bulgaria&amp;nbsp;
Attorneys-at-Law 9-11 Maria Louisa Blvd.&amp;nbsp;&lt;/td&gt;
    &lt;/tr&gt;
    &lt;tr&gt;
      &lt;td style='height: 0px; width: 184px; text-align: left;' valign='undefined'&gt;&lt;span style='font-weight: bold;'&gt;Summary:&lt;/span&gt;&lt;/td&gt;
	   &lt;td colspan='3' rowspan='1' style='height: 0px; width: 291px;' align='undefined' valign='undefined'&gt; Journalist car blows up during Barroso Bulgaria visit&amp;nbsp;&lt;/td&gt;
    &lt;/tr&gt;
    &lt;tr&gt;
      &lt;td style='width: 184px; height: 26px; font-weight: bold;' align='undefined' valign='undefined'&gt;Country&lt;/td&gt;
      &lt;td style='width: 292px; height: 26px;' align='undefined' valign='undefined'&gt;Bulgaria&amp;nbsp;&lt;/td&gt;
      &lt;td style='height: 26px; width: 184px; font-weight: bold;' align='undefined' valign='undefined'&gt;Severity	&lt;/td&gt;
      &lt;td style='height: 26px; width: 291px;' align='undefined' valign='undefined'&gt;High&amp;nbsp;&lt;/td&gt;
    &lt;/tr&gt;
    &lt;tr&gt;
      &lt;td style='width: 184px; height: 30px; font-weight: bold;' align='undefined' valign='undefined'&gt;State&lt;/td&gt;
      &lt;td style='width: 292px; height: 30px;' align='undefined' valign='undefined'&gt;Grad Sofiya&amp;nbsp;
&lt;/td&gt;
      &lt;td style='height: 30px; width: 184px; font-weight: bold;' align='undefined' valign='undefined'&gt;Type&lt;/td&gt;
      &lt;td style='height: 30px; width: 291px;' align='undefined' valign='undefined'&gt;Bombing&amp;nbsp;&lt;/td&gt;
    &lt;/tr&gt;
    &lt;tr&gt;
      &lt;td style='width: 184px; height: 24px; font-weight: bold;' align='undefined' valign='undefined'&gt;City&lt;/td&gt;
      &lt;td style='width: 292px; height: 24px;' align='undefined' valign='undefined'&gt;sofia&amp;nbsp;
&lt;/td&gt;
      &lt;td style='height: 24px; width: 184px; font-weight: bold;' align='undefined' valign='undefined'&gt;Date&lt;/td&gt;
      &lt;td style='height: 24px; width: 291px;' align='undefined' valign='undefined'&gt;2011-10-13&amp;nbsp;
&lt;/td&gt;
    &lt;/tr&gt;
    &lt;tr&gt;
      &lt;td style='width: 184px; height: 26px; font-weight: bold;' align='undefined' valign='undefined'&gt;Deaths&lt;/td&gt;
      &lt;td style='width: 292px; height: 26px;' align='undefined' valign='undefined'&gt;0&amp;nbsp;
&lt;/td&gt;
      &lt;td style='height: 26px; width: 184px; font-weight: bold;' align='undefined' valign='undefined'&gt;Url&lt;/td&gt;
      &lt;td style='height: 26px; width: 291px;' align='undefined' valign='undefined'&gt;&lt;A href=' http://www.reuters.com/article/2011/10/14/us-bulgaria-explosion-idUSTRE79D13I20111014'&gt;Link to News&amp;nbsp;&lt;/A&gt;
&lt;/td&gt;
    &lt;/tr&gt;
    &lt;tr&gt;
      &lt;td style='width: 184px; height: 90px; font-weight: bold;' align='undefined' valign='undefined'&gt;Description&lt;/td&gt;
      &lt;td colspan='3' rowspan='1' style='height: 90px; width: 291px;' align='undefined' valign='undefined'&gt;  A bomb blew up the car of a popular Bulgarian journalist late Thursday in Sofia, coinciding with a visit of European Commission President Jose Manuel Barroso and three members of the Commission to the Balkan country, police said.&amp;nbsp;
&lt;/td&gt;
    &lt;/tr&gt;
  &lt;/tbody&gt;
&lt;/table&gt;</description>
                <styleUrl>#style2x93302</styleUrl>
                <Point>
                    <extrude xmlns:ns5="http://www.w3.org/2001/XMLSchema-instance" xmlns:ns6="http://www.w3.org/2001/XMLSchema" ns5:type="ns6:boolean">false</extrude>
                    <altitudeMode>clampToGround</altitudeMode>
                    <coordinates>23.3260106,42.7009917</coordinates>
                </Point>
            </Placemark>
            <Placemark>
                <name>SofiaPWC</name>
                <visibility xmlns:ns5="http://www.w3.org/2001/XMLSchema-instance" xmlns:ns6="http://www.w3.org/2001/XMLSchema" ns5:type="ns6:boolean">true</visibility>
                <open xmlns:ns5="http://www.w3.org/2001/XMLSchema-instance" xmlns:ns6="http://www.w3.org/2001/XMLSchema" ns5:type="ns6:boolean">true</open>
                <address>9-11 Maria Louisa Blvd.,sofia,Grad Sofiya,Bulgaria</address>
                <description>&lt;table style='text-align: left; width: 480px; height: 240px;' border='1' border-color='gray' border-style='solid' cellpadding='2' cellspacing='2'&gt;
&lt;tbody&gt;
    &lt;tr style='font-weight: bold;'&gt;
		&lt;td style='height: 78px; width: 184px;' align='undefined' valign='undefined'&gt;&lt;span style='font-weight: normal;'&gt;&lt;img src='http:\\www.razient.com\Razient\iconsgi\customer.png'/&gt;&lt;/span&gt;&lt;/td&gt;
		&lt;td colspan='3' rowspan='1' style='height: 78px; width: 291px;' align='undefined' valign='undefined'&gt;Name: SofiaPWC&amp;nbsp;&lt;br&gt; Address: 9-11 Maria Louisa Blvd. - sofia - Grad Sofiya - Bulgaria&amp;nbsp;&lt;br&gt; Phone Number: &amp;nbsp;&lt;br&gt; Email: &amp;nbsp;&lt;br&gt; Primary Contact: &amp;nbsp;&lt;/td&gt;
    &lt;/tr&gt;
    &lt;tr&gt;
	   &lt;td colspan='3' rowspan='1' style='height: 0px; width: 291px;' align='undefined' valign='undefined'&gt;&amp;nbsp;&lt;/td&gt;
    &lt;/tr&gt;
  &lt;/tbody&gt;
&lt;/table&gt;</description>
                <styleUrl>#style0x70000</styleUrl>
                <Point>
                    <extrude xmlns:ns5="http://www.w3.org/2001/XMLSchema-instance" xmlns:ns6="http://www.w3.org/2001/XMLSchema" ns5:type="ns6:boolean">false</extrude>
                    <altitudeMode>clampToGround</altitudeMode>
                    <coordinates>23.32601,42.69649</coordinates>
                </Point>
            </Placemark>
            <Placemark>
                <name> Incident :  Journalist car blows up during Barroso Bulgaria visit</name>
                <visibility xmlns:ns5="http://www.w3.org/2001/XMLSchema-instance" xmlns:ns6="http://www.w3.org/2001/XMLSchema" ns5:type="ns6:boolean">true</visibility>
                <open xmlns:ns5="http://www.w3.org/2001/XMLSchema-instance" xmlns:ns6="http://www.w3.org/2001/XMLSchema" ns5:type="ns6:boolean">false</open>
                <description>&lt;table style='text-align: left; width: 480px; height: 240px;' border='1' border-color='gray' border-style='solid' cellpadding='2' cellspacing='2'&gt;
&lt;tbody&gt;
    &lt;tr style='font-weight: bold;'&gt;
		&lt;td style='height: 78px; width: 184px;' align='undefined' valign='undefined'&gt;&lt;span style='font-weight: normal;'&gt;&lt;img src='http:\\66.216.18.155\Razient\iconsgi\suppliers.gif'/&gt;&lt;/span&gt;&lt;/td&gt;
		&lt;td colspan='3' rowspan='1' style='height: 78px; width: 291px;' align='undefined' valign='undefined'&gt;SofiaPWC&amp;nbsp;
9-11 Maria Louisa Blvd.&amp;nbsp;&lt;/td&gt;
    &lt;/tr&gt;
    &lt;tr&gt;
      &lt;td style='height: 0px; width: 184px; text-align: left;' valign='undefined'&gt;&lt;span style='font-weight: bold;'&gt;Summary:&lt;/span&gt;&lt;/td&gt;
	   &lt;td colspan='3' rowspan='1' style='height: 0px; width: 291px;' align='undefined' valign='undefined'&gt; Journalist car blows up during Barroso Bulgaria visit&amp;nbsp;&lt;/td&gt;
    &lt;/tr&gt;
    &lt;tr&gt;
      &lt;td style='width: 184px; height: 26px; font-weight: bold;' align='undefined' valign='undefined'&gt;Country&lt;/td&gt;
      &lt;td style='width: 292px; height: 26px;' align='undefined' valign='undefined'&gt;Bulgaria&amp;nbsp;&lt;/td&gt;
      &lt;td style='height: 26px; width: 184px; font-weight: bold;' align='undefined' valign='undefined'&gt;Severity	&lt;/td&gt;
      &lt;td style='height: 26px; width: 291px;' align='undefined' valign='undefined'&gt;High&amp;nbsp;&lt;/td&gt;
    &lt;/tr&gt;
    &lt;tr&gt;
      &lt;td style='width: 184px; height: 30px; font-weight: bold;' align='undefined' valign='undefined'&gt;State&lt;/td&gt;
      &lt;td style='width: 292px; height: 30px;' align='undefined' valign='undefined'&gt;Grad Sofiya&amp;nbsp;
&lt;/td&gt;
      &lt;td style='height: 30px; width: 184px; font-weight: bold;' align='undefined' valign='undefined'&gt;Type&lt;/td&gt;
      &lt;td style='height: 30px; width: 291px;' align='undefined' valign='undefined'&gt;Bombing&amp;nbsp;&lt;/td&gt;
    &lt;/tr&gt;
    &lt;tr&gt;
      &lt;td style='width: 184px; height: 24px; font-weight: bold;' align='undefined' valign='undefined'&gt;City&lt;/td&gt;
      &lt;td style='width: 292px; height: 24px;' align='undefined' valign='undefined'&gt;sofia&amp;nbsp;
&lt;/td&gt;
      &lt;td style='height: 24px; width: 184px; font-weight: bold;' align='undefined' valign='undefined'&gt;Date&lt;/td&gt;
      &lt;td style='height: 24px; width: 291px;' align='undefined' valign='undefined'&gt;2011-10-13&amp;nbsp;
&lt;/td&gt;
    &lt;/tr&gt;
    &lt;tr&gt;
      &lt;td style='width: 184px; height: 26px; font-weight: bold;' align='undefined' valign='undefined'&gt;Deaths&lt;/td&gt;
      &lt;td style='width: 292px; height: 26px;' align='undefined' valign='undefined'&gt;0&amp;nbsp;
&lt;/td&gt;
      &lt;td style='height: 26px; width: 184px; font-weight: bold;' align='undefined' valign='undefined'&gt;Url&lt;/td&gt;
      &lt;td style='height: 26px; width: 291px;' align='undefined' valign='undefined'&gt;&lt;A href=' http://www.reuters.com/article/2011/10/14/us-bulgaria-explosion-idUSTRE79D13I20111014'&gt;Link to News&amp;nbsp;&lt;/A&gt;
&lt;/td&gt;
    &lt;/tr&gt;
    &lt;tr&gt;
      &lt;td style='width: 184px; height: 90px; font-weight: bold;' align='undefined' valign='undefined'&gt;Description&lt;/td&gt;
      &lt;td colspan='3' rowspan='1' style='height: 90px; width: 291px;' align='undefined' valign='undefined'&gt;  A bomb blew up the car of a popular Bulgarian journalist late Thursday in Sofia, coinciding with a visit of European Commission President Jose Manuel Barroso and three members of the Commission to the Balkan country, police said.&amp;nbsp;
&lt;/td&gt;
    &lt;/tr&gt;
  &lt;/tbody&gt;
&lt;/table&gt;</description>
                <styleUrl>#style2x93302</styleUrl>
                <Point>
                    <extrude xmlns:ns5="http://www.w3.org/2001/XMLSchema-instance" xmlns:ns6="http://www.w3.org/2001/XMLSchema" ns5:type="ns6:boolean">false</extrude>
                    <altitudeMode>clampToGround</altitudeMode>
                    <coordinates>23.3260106,42.7009917</coordinates>
                </Point>
            </Placemark>
            <Placemark>
                <name>Fort Lauderdale</name>
                <visibility xmlns:ns5="http://www.w3.org/2001/XMLSchema-instance" xmlns:ns6="http://www.w3.org/2001/XMLSchema" ns5:type="ns6:boolean">true</visibility>
                <open xmlns:ns5="http://www.w3.org/2001/XMLSchema-instance" xmlns:ns6="http://www.w3.org/2001/XMLSchema" ns5:type="ns6:boolean">true</open>
                <address>401 East Las Olas Boulevard,fort lauderdale,Florida,United States</address>
                <description>&lt;table style='text-align: left; width: 480px; height: 240px;' border='1' border-color='gray' border-style='solid' cellpadding='2' cellspacing='2'&gt;
&lt;tbody&gt;
    &lt;tr style='font-weight: bold;'&gt;
		&lt;td style='height: 78px; width: 184px;' align='undefined' valign='undefined'&gt;&lt;span style='font-weight: normal;'&gt;&lt;img src='http:\\www.razient.com\Razient\iconsgi\customer.png'/&gt;&lt;/span&gt;&lt;/td&gt;
		&lt;td colspan='3' rowspan='1' style='height: 78px; width: 291px;' align='undefined' valign='undefined'&gt;Name: Fort Lauderdale&amp;nbsp;&lt;br&gt; Address: 401 East Las Olas Boulevard - fort lauderdale - Florida - United States&amp;nbsp;&lt;br&gt; Phone Number: &amp;nbsp;&lt;br&gt; Email: &amp;nbsp;&lt;br&gt; Primary Contact: &amp;nbsp;&lt;/td&gt;
    &lt;/tr&gt;
    &lt;tr&gt;
	   &lt;td colspan='3' rowspan='1' style='height: 0px; width: 291px;' align='undefined' valign='undefined'&gt;&amp;nbsp;&lt;/td&gt;
    &lt;/tr&gt;
  &lt;/tbody&gt;
&lt;/table&gt;</description>
                <styleUrl>#style0x70000</styleUrl>
                <Point>
                    <extrude xmlns:ns5="http://www.w3.org/2001/XMLSchema-instance" xmlns:ns6="http://www.w3.org/2001/XMLSchema" ns5:type="ns6:boolean">false</extrude>
                    <altitudeMode>clampToGround</altitudeMode>
                    <coordinates>-80.13892,26.11933</coordinates>
                </Point>
            </Placemark>
            <Placemark>
                <name> Incident :  Fire causes 2.5 million in damages to Coral Ridge Country Club</name>
                <visibility xmlns:ns5="http://www.w3.org/2001/XMLSchema-instance" xmlns:ns6="http://www.w3.org/2001/XMLSchema" ns5:type="ns6:boolean">true</visibility>
                <open xmlns:ns5="http://www.w3.org/2001/XMLSchema-instance" xmlns:ns6="http://www.w3.org/2001/XMLSchema" ns5:type="ns6:boolean">false</open>
                <description>&lt;table style='text-align: left; width: 480px; height: 240px;' border='1' border-color='gray' border-style='solid' cellpadding='2' cellspacing='2'&gt;
&lt;tbody&gt;
    &lt;tr style='font-weight: bold;'&gt;
		&lt;td style='height: 78px; width: 184px;' align='undefined' valign='undefined'&gt;&lt;span style='font-weight: normal;'&gt;&lt;img src='http:\\66.216.18.155\Razient\iconsgi\suppliers.gif'/&gt;&lt;/span&gt;&lt;/td&gt;
		&lt;td colspan='3' rowspan='1' style='height: 78px; width: 291px;' align='undefined' valign='undefined'&gt;Fort Lauderdale&amp;nbsp;
401 East Las Olas Boulevard&amp;nbsp;&lt;/td&gt;
    &lt;/tr&gt;
    &lt;tr&gt;
      &lt;td style='height: 0px; width: 184px; text-align: left;' valign='undefined'&gt;&lt;span style='font-weight: bold;'&gt;Summary:&lt;/span&gt;&lt;/td&gt;
	   &lt;td colspan='3' rowspan='1' style='height: 0px; width: 291px;' align='undefined' valign='undefined'&gt; Fire causes 2.5 million in damages to Coral Ridge Country Club&amp;nbsp;&lt;/td&gt;
    &lt;/tr&gt;
    &lt;tr&gt;
      &lt;td style='width: 184px; height: 26px; font-weight: bold;' align='undefined' valign='undefined'&gt;Country&lt;/td&gt;
      &lt;td style='width: 292px; height: 26px;' align='undefined' valign='undefined'&gt;United States&amp;nbsp;&lt;/td&gt;
      &lt;td style='height: 26px; width: 184px; font-weight: bold;' align='undefined' valign='undefined'&gt;Severity	&lt;/td&gt;
      &lt;td style='height: 26px; width: 291px;' align='undefined' valign='undefined'&gt;Medium&amp;nbsp;&lt;/td&gt;
    &lt;/tr&gt;
    &lt;tr&gt;
      &lt;td style='width: 184px; height: 30px; font-weight: bold;' align='undefined' valign='undefined'&gt;State&lt;/td&gt;
      &lt;td style='width: 292px; height: 30px;' align='undefined' valign='undefined'&gt;Florida&amp;nbsp;
&lt;/td&gt;
      &lt;td style='height: 30px; width: 184px; font-weight: bold;' align='undefined' valign='undefined'&gt;Type&lt;/td&gt;
      &lt;td style='height: 30px; width: 291px;' align='undefined' valign='undefined'&gt;Fire&amp;nbsp;&lt;/td&gt;
    &lt;/tr&gt;
    &lt;tr&gt;
      &lt;td style='width: 184px; height: 24px; font-weight: bold;' align='undefined' valign='undefined'&gt;City&lt;/td&gt;
      &lt;td style='width: 292px; height: 24px;' align='undefined' valign='undefined'&gt;fort lauderdale&amp;nbsp;
&lt;/td&gt;
      &lt;td style='height: 24px; width: 184px; font-weight: bold;' align='undefined' valign='undefined'&gt;Date&lt;/td&gt;
      &lt;td style='height: 24px; width: 291px;' align='undefined' valign='undefined'&gt;2011-10-11&amp;nbsp;
&lt;/td&gt;
    &lt;/tr&gt;
    &lt;tr&gt;
      &lt;td style='width: 184px; height: 26px; font-weight: bold;' align='undefined' valign='undefined'&gt;Deaths&lt;/td&gt;
      &lt;td style='width: 292px; height: 26px;' align='undefined' valign='undefined'&gt;0&amp;nbsp;
&lt;/td&gt;
      &lt;td style='height: 26px; width: 184px; font-weight: bold;' align='undefined' valign='undefined'&gt;Url&lt;/td&gt;
      &lt;td style='height: 26px; width: 291px;' align='undefined' valign='undefined'&gt;&lt;A href=' http://www.palmbeachpost.com/news/fire-causes-2-5-million-in-damages-to-1907005.html'&gt;Link to News&amp;nbsp;&lt;/A&gt;
&lt;/td&gt;
    &lt;/tr&gt;
    &lt;tr&gt;
      &lt;td style='width: 184px; height: 90px; font-weight: bold;' align='undefined' valign='undefined'&gt;Description&lt;/td&gt;
      &lt;td colspan='3' rowspan='1' style='height: 90px; width: 291px;' align='undefined' valign='undefined'&gt; One firefighter was slightly hurt during an early morning fire on Tuesday that caused an estimated 2.5 million to $3 million in damage at the Coral Ridge Country Club, officials said.The fire at 3801 Bayview Drive was reported shortly before 3 a.m. when residents called 911 to report a fire and explosions. &amp;nbsp;
&lt;/td&gt;
    &lt;/tr&gt;
  &lt;/tbody&gt;
&lt;/table&gt;</description>
                <styleUrl>#style9x93309</styleUrl>
                <Point>
                    <extrude xmlns:ns5="http://www.w3.org/2001/XMLSchema-instance" xmlns:ns6="http://www.w3.org/2001/XMLSchema" ns5:type="ns6:boolean">false</extrude>
                    <altitudeMode>clampToGround</altitudeMode>
                    <coordinates>-80.1066493,26.175945</coordinates>
                </Point>
            </Placemark>
            <Placemark>
                <name>Detroit</name>
                <visibility xmlns:ns5="http://www.w3.org/2001/XMLSchema-instance" xmlns:ns6="http://www.w3.org/2001/XMLSchema" ns5:type="ns6:boolean">true</visibility>
                <open xmlns:ns5="http://www.w3.org/2001/XMLSchema-instance" xmlns:ns6="http://www.w3.org/2001/XMLSchema" ns5:type="ns6:boolean">true</open>
                <address>1900 St. Antoine Street,detroit,Michigan,United States</address>
                <description>&lt;table style='text-align: left; width: 480px; height: 240px;' border='1' border-color='gray' border-style='solid' cellpadding='2' cellspacing='2'&gt;
&lt;tbody&gt;
    &lt;tr style='font-weight: bold;'&gt;
		&lt;td style='height: 78px; width: 184px;' align='undefined' valign='undefined'&gt;&lt;span style='font-weight: normal;'&gt;&lt;img src='http:\\www.razient.com\Razient\iconsgi\customer.png'/&gt;&lt;/span&gt;&lt;/td&gt;
		&lt;td colspan='3' rowspan='1' style='height: 78px; width: 291px;' align='undefined' valign='undefined'&gt;Name: Detroit&amp;nbsp;&lt;br&gt; Address: 1900 St. Antoine Street - detroit - Michigan - United States&amp;nbsp;&lt;br&gt; Phone Number: &amp;nbsp;&lt;br&gt; Email: &amp;nbsp;&lt;br&gt; Primary Contact: &amp;nbsp;&lt;/td&gt;
    &lt;/tr&gt;
    &lt;tr&gt;
	   &lt;td colspan='3' rowspan='1' style='height: 0px; width: 291px;' align='undefined' valign='undefined'&gt;&amp;nbsp;&lt;/td&gt;
    &lt;/tr&gt;
  &lt;/tbody&gt;
&lt;/table&gt;</description>
                <styleUrl>#style0x70000</styleUrl>
                <Point>
                    <extrude xmlns:ns5="http://www.w3.org/2001/XMLSchema-instance" xmlns:ns6="http://www.w3.org/2001/XMLSchema" ns5:type="ns6:boolean">false</extrude>
                    <altitudeMode>clampToGround</altitudeMode>
                    <coordinates>-83.043304,42.33916</coordinates>
                </Point>
            </Placemark>
            <Placemark>
                <name> Incident :  2 teens dead in Detroit shooting</name>
                <visibility xmlns:ns5="http://www.w3.org/2001/XMLSchema-instance" xmlns:ns6="http://www.w3.org/2001/XMLSchema" ns5:type="ns6:boolean">true</visibility>
                <open xmlns:ns5="http://www.w3.org/2001/XMLSchema-instance" xmlns:ns6="http://www.w3.org/2001/XMLSchema" ns5:type="ns6:boolean">false</open>
                <description>&lt;table style='text-align: left; width: 480px; height: 240px;' border='1' border-color='gray' border-style='solid' cellpadding='2' cellspacing='2'&gt;
&lt;tbody&gt;
    &lt;tr style='font-weight: bold;'&gt;
		&lt;td style='height: 78px; width: 184px;' align='undefined' valign='undefined'&gt;&lt;span style='font-weight: normal;'&gt;&lt;img src='http:\\66.216.18.155\Razient\iconsgi\suppliers.gif'/&gt;&lt;/span&gt;&lt;/td&gt;
		&lt;td colspan='3' rowspan='1' style='height: 78px; width: 291px;' align='undefined' valign='undefined'&gt;Detroit&amp;nbsp;
1900 St. Antoine Street&amp;nbsp;&lt;/td&gt;
    &lt;/tr&gt;
    &lt;tr&gt;
      &lt;td style='height: 0px; width: 184px; text-align: left;' valign='undefined'&gt;&lt;span style='font-weight: bold;'&gt;Summary:&lt;/span&gt;&lt;/td&gt;
	   &lt;td colspan='3' rowspan='1' style='height: 0px; width: 291px;' align='undefined' valign='undefined'&gt; 2 teens dead in Detroit shooting&amp;nbsp;&lt;/td&gt;
    &lt;/tr&gt;
    &lt;tr&gt;
      &lt;td style='width: 184px; height: 26px; font-weight: bold;' align='undefined' valign='undefined'&gt;Country&lt;/td&gt;
      &lt;td style='width: 292px; height: 26px;' align='undefined' valign='undefined'&gt;United States&amp;nbsp;&lt;/td&gt;
      &lt;td style='height: 26px; width: 184px; font-weight: bold;' align='undefined' valign='undefined'&gt;Severity	&lt;/td&gt;
      &lt;td style='height: 26px; width: 291px;' align='undefined' valign='undefined'&gt;Medium&amp;nbsp;&lt;/td&gt;
    &lt;/tr&gt;
    &lt;tr&gt;
      &lt;td style='width: 184px; height: 30px; font-weight: bold;' align='undefined' valign='undefined'&gt;State&lt;/td&gt;
      &lt;td style='width: 292px; height: 30px;' align='undefined' valign='undefined'&gt;Michigan&amp;nbsp;
&lt;/td&gt;
      &lt;td style='height: 30px; width: 184px; font-weight: bold;' align='undefined' valign='undefined'&gt;Type&lt;/td&gt;
      &lt;td style='height: 30px; width: 291px;' align='undefined' valign='undefined'&gt;Shooting&amp;nbsp;&lt;/td&gt;
    &lt;/tr&gt;
    &lt;tr&gt;
      &lt;td style='width: 184px; height: 24px; font-weight: bold;' align='undefined' valign='undefined'&gt;City&lt;/td&gt;
      &lt;td style='width: 292px; height: 24px;' align='undefined' valign='undefined'&gt;detroit&amp;nbsp;
&lt;/td&gt;
      &lt;td style='height: 24px; width: 184px; font-weight: bold;' align='undefined' valign='undefined'&gt;Date&lt;/td&gt;
      &lt;td style='height: 24px; width: 291px;' align='undefined' valign='undefined'&gt;2011-10-11&amp;nbsp;
&lt;/td&gt;
    &lt;/tr&gt;
    &lt;tr&gt;
      &lt;td style='width: 184px; height: 26px; font-weight: bold;' align='undefined' valign='undefined'&gt;Deaths&lt;/td&gt;
      &lt;td style='width: 292px; height: 26px;' align='undefined' valign='undefined'&gt;2&amp;nbsp;
&lt;/td&gt;
      &lt;td style='height: 26px; width: 184px; font-weight: bold;' align='undefined' valign='undefined'&gt;Url&lt;/td&gt;
      &lt;td style='height: 26px; width: 291px;' align='undefined' valign='undefined'&gt;&lt;A href=' http://www.freep.com/article/20111011/NEWS01/111011060/2-teens-dead-Detroit-shooting?odyssey=mod%7Cnewswell%7Ctext%7CFRONTPAGE%7Cs'&gt;Link to News&amp;nbsp;&lt;/A&gt;
&lt;/td&gt;
    &lt;/tr&gt;
    &lt;tr&gt;
      &lt;td style='width: 184px; height: 90px; font-weight: bold;' align='undefined' valign='undefined'&gt;Description&lt;/td&gt;
      &lt;td colspan='3' rowspan='1' style='height: 90px; width: 291px;' align='undefined' valign='undefined'&gt;Two young men were shot to death today on Detroits west side in what police say is a home with a history of drug complaints. Police said the shooting occurred about 530 p.m. in the 18400 block of Plainview. &#xD;
&amp;nbsp;
&lt;/td&gt;
    &lt;/tr&gt;
  &lt;/tbody&gt;
&lt;/table&gt;</description>
                <styleUrl>#style1x93301</styleUrl>
                <Point>
                    <extrude xmlns:ns5="http://www.w3.org/2001/XMLSchema-instance" xmlns:ns6="http://www.w3.org/2001/XMLSchema" ns5:type="ns6:boolean">false</extrude>
                    <altitudeMode>clampToGround</altitudeMode>
                    <coordinates>-83.2371019,42.429174</coordinates>
                </Point>
            </Placemark>
            <Placemark>
                <name>New Orleans</name>
                <visibility xmlns:ns5="http://www.w3.org/2001/XMLSchema-instance" xmlns:ns6="http://www.w3.org/2001/XMLSchema" ns5:type="ns6:boolean">true</visibility>
                <open xmlns:ns5="http://www.w3.org/2001/XMLSchema-instance" xmlns:ns6="http://www.w3.org/2001/XMLSchema" ns5:type="ns6:boolean">true</open>
                <address>639 Loyola Avenue,new orleans,Louisiana,United States</address>
                <description>&lt;table style='text-align: left; width: 480px; height: 240px;' border='1' border-color='gray' border-style='solid' cellpadding='2' cellspacing='2'&gt;
&lt;tbody&gt;
    &lt;tr style='font-weight: bold;'&gt;
		&lt;td style='height: 78px; width: 184px;' align='undefined' valign='undefined'&gt;&lt;span style='font-weight: normal;'&gt;&lt;img src='http:\\www.razient.com\Razient\iconsgi\customer.png'/&gt;&lt;/span&gt;&lt;/td&gt;
		&lt;td colspan='3' rowspan='1' style='height: 78px; width: 291px;' align='undefined' valign='undefined'&gt;Name: New Orleans&amp;nbsp;&lt;br&gt; Address: 639 Loyola Avenue - new orleans - Louisiana - United States&amp;nbsp;&lt;br&gt; Phone Number: &amp;nbsp;&lt;br&gt; Email: &amp;nbsp;&lt;br&gt; Primary Contact: &amp;nbsp;&lt;/td&gt;
    &lt;/tr&gt;
    &lt;tr&gt;
	   &lt;td colspan='3' rowspan='1' style='height: 0px; width: 291px;' align='undefined' valign='undefined'&gt;&amp;nbsp;&lt;/td&gt;
    &lt;/tr&gt;
  &lt;/tbody&gt;
&lt;/table&gt;</description>
                <styleUrl>#style0x70000</styleUrl>
                <Point>
                    <extrude xmlns:ns5="http://www.w3.org/2001/XMLSchema-instance" xmlns:ns6="http://www.w3.org/2001/XMLSchema" ns5:type="ns6:boolean">false</extrude>
                    <altitudeMode>clampToGround</altitudeMode>
                    <coordinates>-90.07658,29.948902</coordinates>
                </Point>
            </Placemark>
            <Placemark>
                <name> Incident :  Mother, 13-year old son found shot to death inside New Orleans home</name>
                <visibility xmlns:ns5="http://www.w3.org/2001/XMLSchema-instance" xmlns:ns6="http://www.w3.org/2001/XMLSchema" ns5:type="ns6:boolean">true</visibility>
                <open xmlns:ns5="http://www.w3.org/2001/XMLSchema-instance" xmlns:ns6="http://www.w3.org/2001/XMLSchema" ns5:type="ns6:boolean">false</open>
                <description>&lt;table style='text-align: left; width: 480px; height: 240px;' border='1' border-color='gray' border-style='solid' cellpadding='2' cellspacing='2'&gt;
&lt;tbody&gt;
    &lt;tr style='font-weight: bold;'&gt;
		&lt;td style='height: 78px; width: 184px;' align='undefined' valign='undefined'&gt;&lt;span style='font-weight: normal;'&gt;&lt;img src='http:\\66.216.18.155\Razient\iconsgi\suppliers.gif'/&gt;&lt;/span&gt;&lt;/td&gt;
		&lt;td colspan='3' rowspan='1' style='height: 78px; width: 291px;' align='undefined' valign='undefined'&gt;New Orleans&amp;nbsp;
639 Loyola Avenue&amp;nbsp;&lt;/td&gt;
    &lt;/tr&gt;
    &lt;tr&gt;
      &lt;td style='height: 0px; width: 184px; text-align: left;' valign='undefined'&gt;&lt;span style='font-weight: bold;'&gt;Summary:&lt;/span&gt;&lt;/td&gt;
	   &lt;td colspan='3' rowspan='1' style='height: 0px; width: 291px;' align='undefined' valign='undefined'&gt; Mother, 13-year old son found shot to death inside New Orleans home&amp;nbsp;&lt;/td&gt;
    &lt;/tr&gt;
    &lt;tr&gt;
      &lt;td style='width: 184px; height: 26px; font-weight: bold;' align='undefined' valign='undefined'&gt;Country&lt;/td&gt;
      &lt;td style='width: 292px; height: 26px;' align='undefined' valign='undefined'&gt;United States&amp;nbsp;&lt;/td&gt;
      &lt;td style='height: 26px; width: 184px; font-weight: bold;' align='undefined' valign='undefined'&gt;Severity	&lt;/td&gt;
      &lt;td style='height: 26px; width: 291px;' align='undefined' valign='undefined'&gt;Low&amp;nbsp;&lt;/td&gt;
    &lt;/tr&gt;
    &lt;tr&gt;
      &lt;td style='width: 184px; height: 30px; font-weight: bold;' align='undefined' valign='undefined'&gt;State&lt;/td&gt;
      &lt;td style='width: 292px; height: 30px;' align='undefined' valign='undefined'&gt;Louisiana&amp;nbsp;
&lt;/td&gt;
      &lt;td style='height: 30px; width: 184px; font-weight: bold;' align='undefined' valign='undefined'&gt;Type&lt;/td&gt;
      &lt;td style='height: 30px; width: 291px;' align='undefined' valign='undefined'&gt;Bodies Found&amp;nbsp;&lt;/td&gt;
    &lt;/tr&gt;
    &lt;tr&gt;
      &lt;td style='width: 184px; height: 24px; font-weight: bold;' align='undefined' valign='undefined'&gt;City&lt;/td&gt;
      &lt;td style='width: 292px; height: 24px;' align='undefined' valign='undefined'&gt;new orleans&amp;nbsp;
&lt;/td&gt;
      &lt;td style='height: 24px; width: 184px; font-weight: bold;' align='undefined' valign='undefined'&gt;Date&lt;/td&gt;
      &lt;td style='height: 24px; width: 291px;' align='undefined' valign='undefined'&gt;2011-10-10&amp;nbsp;
&lt;/td&gt;
    &lt;/tr&gt;
    &lt;tr&gt;
      &lt;td style='width: 184px; height: 26px; font-weight: bold;' align='undefined' valign='undefined'&gt;Deaths&lt;/td&gt;
      &lt;td style='width: 292px; height: 26px;' align='undefined' valign='undefined'&gt;2&amp;nbsp;
&lt;/td&gt;
      &lt;td style='height: 26px; width: 184px; font-weight: bold;' align='undefined' valign='undefined'&gt;Url&lt;/td&gt;
      &lt;td style='height: 26px; width: 291px;' align='undefined' valign='undefined'&gt;&lt;A href=' http://www.therepublic.com/view/story/99b19f2e47734257b82e801830ef2bdd/LA--New-Orleans-Slayings/'&gt;Link to News&amp;nbsp;&lt;/A&gt;
&lt;/td&gt;
    &lt;/tr&gt;
    &lt;tr&gt;
      &lt;td style='width: 184px; height: 90px; font-weight: bold;' align='undefined' valign='undefined'&gt;Description&lt;/td&gt;
      &lt;td colspan='3' rowspan='1' style='height: 90px; width: 291px;' align='undefined' valign='undefined'&gt;A 37year old woman and her 13year old son are dead after being shot inside their home, New Orleans Police said Monday.&#xD;
A police spokesman said a concerned family member called police, who found the bodies around 1 a.m. Monday&#xD;
&amp;nbsp;
&lt;/td&gt;
    &lt;/tr&gt;
  &lt;/tbody&gt;
&lt;/table&gt;</description>
                <styleUrl>#style34x93334</styleUrl>
                <Point>
                    <extrude xmlns:ns5="http://www.w3.org/2001/XMLSchema-instance" xmlns:ns6="http://www.w3.org/2001/XMLSchema" ns5:type="ns6:boolean">false</extrude>
                    <altitudeMode>clampToGround</altitudeMode>
                    <coordinates>-90.0715323,29.9510658</coordinates>
                </Point>
            </Placemark>
            <Placemark>
                <name>Columbus</name>
                <visibility xmlns:ns5="http://www.w3.org/2001/XMLSchema-instance" xmlns:ns6="http://www.w3.org/2001/XMLSchema" ns5:type="ns6:boolean">true</visibility>
                <open xmlns:ns5="http://www.w3.org/2001/XMLSchema-instance" xmlns:ns6="http://www.w3.org/2001/XMLSchema" ns5:type="ns6:boolean">true</open>
                <address>41 South High Street,columbus,Ohio,United States</address>
                <description>&lt;table style='text-align: left; width: 480px; height: 240px;' border='1' border-color='gray' border-style='solid' cellpadding='2' cellspacing='2'&gt;
&lt;tbody&gt;
    &lt;tr style='font-weight: bold;'&gt;
		&lt;td style='height: 78px; width: 184px;' align='undefined' valign='undefined'&gt;&lt;span style='font-weight: normal;'&gt;&lt;img src='http:\\www.razient.com\Razient\iconsgi\customer.png'/&gt;&lt;/span&gt;&lt;/td&gt;
		&lt;td colspan='3' rowspan='1' style='height: 78px; width: 291px;' align='undefined' valign='undefined'&gt;Name: Columbus&amp;nbsp;&lt;br&gt; Address: 41 South High Street - columbus - Ohio - United States&amp;nbsp;&lt;br&gt; Phone Number: &amp;nbsp;&lt;br&gt; Email: &amp;nbsp;&lt;br&gt; Primary Contact: &amp;nbsp;&lt;/td&gt;
    &lt;/tr&gt;
    &lt;tr&gt;
	   &lt;td colspan='3' rowspan='1' style='height: 0px; width: 291px;' align='undefined' valign='undefined'&gt;&amp;nbsp;&lt;/td&gt;
    &lt;/tr&gt;
  &lt;/tbody&gt;
&lt;/table&gt;</description>
                <styleUrl>#style0x70000</styleUrl>
                <Point>
                    <extrude xmlns:ns5="http://www.w3.org/2001/XMLSchema-instance" xmlns:ns6="http://www.w3.org/2001/XMLSchema" ns5:type="ns6:boolean">false</extrude>
                    <altitudeMode>clampToGround</altitudeMode>
                    <coordinates>-83.00052,39.961166</coordinates>
                </Point>
            </Placemark>
            <Placemark>
                <name> Incident :  Overnight Warehouse Fire</name>
                <visibility xmlns:ns5="http://www.w3.org/2001/XMLSchema-instance" xmlns:ns6="http://www.w3.org/2001/XMLSchema" ns5:type="ns6:boolean">true</visibility>
                <open xmlns:ns5="http://www.w3.org/2001/XMLSchema-instance" xmlns:ns6="http://www.w3.org/2001/XMLSchema" ns5:type="ns6:boolean">false</open>
                <description>&lt;table style='text-align: left; width: 480px; height: 240px;' border='1' border-color='gray' border-style='solid' cellpadding='2' cellspacing='2'&gt;
&lt;tbody&gt;
    &lt;tr style='font-weight: bold;'&gt;
		&lt;td style='height: 78px; width: 184px;' align='undefined' valign='undefined'&gt;&lt;span style='font-weight: normal;'&gt;&lt;img src='http:\\66.216.18.155\Razient\iconsgi\suppliers.gif'/&gt;&lt;/span&gt;&lt;/td&gt;
		&lt;td colspan='3' rowspan='1' style='height: 78px; width: 291px;' align='undefined' valign='undefined'&gt;Columbus&amp;nbsp;
41 South High Street&amp;nbsp;&lt;/td&gt;
    &lt;/tr&gt;
    &lt;tr&gt;
      &lt;td style='height: 0px; width: 184px; text-align: left;' valign='undefined'&gt;&lt;span style='font-weight: bold;'&gt;Summary:&lt;/span&gt;&lt;/td&gt;
	   &lt;td colspan='3' rowspan='1' style='height: 0px; width: 291px;' align='undefined' valign='undefined'&gt; Overnight Warehouse Fire&amp;nbsp;&lt;/td&gt;
    &lt;/tr&gt;
    &lt;tr&gt;
      &lt;td style='width: 184px; height: 26px; font-weight: bold;' align='undefined' valign='undefined'&gt;Country&lt;/td&gt;
      &lt;td style='width: 292px; height: 26px;' align='undefined' valign='undefined'&gt;United States&amp;nbsp;&lt;/td&gt;
      &lt;td style='height: 26px; width: 184px; font-weight: bold;' align='undefined' valign='undefined'&gt;Severity	&lt;/td&gt;
      &lt;td style='height: 26px; width: 291px;' align='undefined' valign='undefined'&gt;Medium&amp;nbsp;&lt;/td&gt;
    &lt;/tr&gt;
    &lt;tr&gt;
      &lt;td style='width: 184px; height: 30px; font-weight: bold;' align='undefined' valign='undefined'&gt;State&lt;/td&gt;
      &lt;td style='width: 292px; height: 30px;' align='undefined' valign='undefined'&gt;Ohio&amp;nbsp;
&lt;/td&gt;
      &lt;td style='height: 30px; width: 184px; font-weight: bold;' align='undefined' valign='undefined'&gt;Type&lt;/td&gt;
      &lt;td style='height: 30px; width: 291px;' align='undefined' valign='undefined'&gt;Fire&amp;nbsp;&lt;/td&gt;
    &lt;/tr&gt;
    &lt;tr&gt;
      &lt;td style='width: 184px; height: 24px; font-weight: bold;' align='undefined' valign='undefined'&gt;City&lt;/td&gt;
      &lt;td style='width: 292px; height: 24px;' align='undefined' valign='undefined'&gt;columbus&amp;nbsp;
&lt;/td&gt;
      &lt;td style='height: 24px; width: 184px; font-weight: bold;' align='undefined' valign='undefined'&gt;Date&lt;/td&gt;
      &lt;td style='height: 24px; width: 291px;' align='undefined' valign='undefined'&gt;2011-10-10&amp;nbsp;
&lt;/td&gt;
    &lt;/tr&gt;
    &lt;tr&gt;
      &lt;td style='width: 184px; height: 26px; font-weight: bold;' align='undefined' valign='undefined'&gt;Deaths&lt;/td&gt;
      &lt;td style='width: 292px; height: 26px;' align='undefined' valign='undefined'&gt;0&amp;nbsp;
&lt;/td&gt;
      &lt;td style='height: 26px; width: 184px; font-weight: bold;' align='undefined' valign='undefined'&gt;Url&lt;/td&gt;
      &lt;td style='height: 26px; width: 291px;' align='undefined' valign='undefined'&gt;&lt;A href=' http://www.abc6onyourside.com/shared/newsroom/top_stories/videos/wsyx_vid_13868.shtml'&gt;Link to News&amp;nbsp;&lt;/A&gt;
&lt;/td&gt;
    &lt;/tr&gt;
    &lt;tr&gt;
      &lt;td style='width: 184px; height: 90px; font-weight: bold;' align='undefined' valign='undefined'&gt;Description&lt;/td&gt;
      &lt;td colspan='3' rowspan='1' style='height: 90px; width: 291px;' align='undefined' valign='undefined'&gt;Columbus fire crews battled a fire in a warehouse overnight.  &#xD;
It started about 330 a.m. Monday at Sunbury and Agler roads.When crews got to the scene, there were flames shooting from the back of the building.&#xD;
&amp;nbsp;
&lt;/td&gt;
    &lt;/tr&gt;
  &lt;/tbody&gt;
&lt;/table&gt;</description>
                <styleUrl>#style9x93309</styleUrl>
                <Point>
                    <extrude xmlns:ns5="http://www.w3.org/2001/XMLSchema-instance" xmlns:ns6="http://www.w3.org/2001/XMLSchema" ns5:type="ns6:boolean">false</extrude>
                    <altitudeMode>clampToGround</altitudeMode>
                    <coordinates>-82.9335087,40.0269489</coordinates>
                </Point>
            </Placemark>
            <Placemark>
                <name>Salt Lake City</name>
                <visibility xmlns:ns5="http://www.w3.org/2001/XMLSchema-instance" xmlns:ns6="http://www.w3.org/2001/XMLSchema" ns5:type="ns6:boolean">true</visibility>
                <open xmlns:ns5="http://www.w3.org/2001/XMLSchema-instance" xmlns:ns6="http://www.w3.org/2001/XMLSchema" ns5:type="ns6:boolean">true</open>
                <address>201 South Main Street,salt lake city,Utah,United States</address>
                <description>&lt;table style='text-align: left; width: 480px; height: 240px;' border='1' border-color='gray' border-style='solid' cellpadding='2' cellspacing='2'&gt;
&lt;tbody&gt;
    &lt;tr style='font-weight: bold;'&gt;
		&lt;td style='height: 78px; width: 184px;' align='undefined' valign='undefined'&gt;&lt;span style='font-weight: normal;'&gt;&lt;img src='http:\\www.razient.com\Razient\iconsgi\customer.png'/&gt;&lt;/span&gt;&lt;/td&gt;
		&lt;td colspan='3' rowspan='1' style='height: 78px; width: 291px;' align='undefined' valign='undefined'&gt;Name: Salt Lake City&amp;nbsp;&lt;br&gt; Address: 201 South Main Street - salt lake city - Utah - United States&amp;nbsp;&lt;br&gt; Phone Number: &amp;nbsp;&lt;br&gt; Email: &amp;nbsp;&lt;br&gt; Primary Contact: &amp;nbsp;&lt;/td&gt;
    &lt;/tr&gt;
    &lt;tr&gt;
	   &lt;td colspan='3' rowspan='1' style='height: 0px; width: 291px;' align='undefined' valign='undefined'&gt;&amp;nbsp;&lt;/td&gt;
    &lt;/tr&gt;
  &lt;/tbody&gt;
&lt;/table&gt;</description>
                <styleUrl>#style0x70000</styleUrl>
                <Point>
                    <extrude xmlns:ns5="http://www.w3.org/2001/XMLSchema-instance" xmlns:ns6="http://www.w3.org/2001/XMLSchema" ns5:type="ns6:boolean">false</extrude>
                    <altitudeMode>clampToGround</altitudeMode>
                    <coordinates>-111.89054,40.764877</coordinates>
                </Point>
            </Placemark>
            <Placemark>
                <name> Incident :  Homes, businesses evacuated in Salt Lake bomb scare</name>
                <visibility xmlns:ns5="http://www.w3.org/2001/XMLSchema-instance" xmlns:ns6="http://www.w3.org/2001/XMLSchema" ns5:type="ns6:boolean">true</visibility>
                <open xmlns:ns5="http://www.w3.org/2001/XMLSchema-instance" xmlns:ns6="http://www.w3.org/2001/XMLSchema" ns5:type="ns6:boolean">false</open>
                <description>&lt;table style='text-align: left; width: 480px; height: 240px;' border='1' border-color='gray' border-style='solid' cellpadding='2' cellspacing='2'&gt;
&lt;tbody&gt;
    &lt;tr style='font-weight: bold;'&gt;
		&lt;td style='height: 78px; width: 184px;' align='undefined' valign='undefined'&gt;&lt;span style='font-weight: normal;'&gt;&lt;img src='http:\\66.216.18.155\Razient\iconsgi\suppliers.gif'/&gt;&lt;/span&gt;&lt;/td&gt;
		&lt;td colspan='3' rowspan='1' style='height: 78px; width: 291px;' align='undefined' valign='undefined'&gt;Salt Lake City&amp;nbsp;
201 South Main Street&amp;nbsp;&lt;/td&gt;
    &lt;/tr&gt;
    &lt;tr&gt;
      &lt;td style='height: 0px; width: 184px; text-align: left;' valign='undefined'&gt;&lt;span style='font-weight: bold;'&gt;Summary:&lt;/span&gt;&lt;/td&gt;
	   &lt;td colspan='3' rowspan='1' style='height: 0px; width: 291px;' align='undefined' valign='undefined'&gt; Homes, businesses evacuated in Salt Lake bomb scare&amp;nbsp;&lt;/td&gt;
    &lt;/tr&gt;
    &lt;tr&gt;
      &lt;td style='width: 184px; height: 26px; font-weight: bold;' align='undefined' valign='undefined'&gt;Country&lt;/td&gt;
      &lt;td style='width: 292px; height: 26px;' align='undefined' valign='undefined'&gt;United States&amp;nbsp;&lt;/td&gt;
      &lt;td style='height: 26px; width: 184px; font-weight: bold;' align='undefined' valign='undefined'&gt;Severity	&lt;/td&gt;
      &lt;td style='height: 26px; width: 291px;' align='undefined' valign='undefined'&gt;Low&amp;nbsp;&lt;/td&gt;
    &lt;/tr&gt;
    &lt;tr&gt;
      &lt;td style='width: 184px; height: 30px; font-weight: bold;' align='undefined' valign='undefined'&gt;State&lt;/td&gt;
      &lt;td style='width: 292px; height: 30px;' align='undefined' valign='undefined'&gt;Utah&amp;nbsp;
&lt;/td&gt;
      &lt;td style='height: 30px; width: 184px; font-weight: bold;' align='undefined' valign='undefined'&gt;Type&lt;/td&gt;
      &lt;td style='height: 30px; width: 291px;' align='undefined' valign='undefined'&gt;Bomb Scare&amp;nbsp;&lt;/td&gt;
    &lt;/tr&gt;
    &lt;tr&gt;
      &lt;td style='width: 184px; height: 24px; font-weight: bold;' align='undefined' valign='undefined'&gt;City&lt;/td&gt;
      &lt;td style='width: 292px; height: 24px;' align='undefined' valign='undefined'&gt;salt lake city&amp;nbsp;
&lt;/td&gt;
      &lt;td style='height: 24px; width: 184px; font-weight: bold;' align='undefined' valign='undefined'&gt;Date&lt;/td&gt;
      &lt;td style='height: 24px; width: 291px;' align='undefined' valign='undefined'&gt;2011-10-09&amp;nbsp;
&lt;/td&gt;
    &lt;/tr&gt;
    &lt;tr&gt;
      &lt;td style='width: 184px; height: 26px; font-weight: bold;' align='undefined' valign='undefined'&gt;Deaths&lt;/td&gt;
      &lt;td style='width: 292px; height: 26px;' align='undefined' valign='undefined'&gt;0&amp;nbsp;
&lt;/td&gt;
      &lt;td style='height: 26px; width: 184px; font-weight: bold;' align='undefined' valign='undefined'&gt;Url&lt;/td&gt;
      &lt;td style='height: 26px; width: 291px;' align='undefined' valign='undefined'&gt;&lt;A href='http://www.therepublic.com/view/story/aee12baf89904322b96e70225e450ce7/UT--Bomb-Scare/'&gt;Link to News&amp;nbsp;&lt;/A&gt;
&lt;/td&gt;
    &lt;/tr&gt;
    &lt;tr&gt;
      &lt;td style='width: 184px; height: 90px; font-weight: bold;' align='undefined' valign='undefined'&gt;Description&lt;/td&gt;
      &lt;td colspan='3' rowspan='1' style='height: 90px; width: 291px;' align='undefined' valign='undefined'&gt; Salt Lake City Police Sgt. Josh Scharman says the bomb squad was called Sunday afternoon to check the object.Businesses and five homes in the area were evacuated for about two hours.&#xD;
&amp;nbsp;
&lt;/td&gt;
    &lt;/tr&gt;
  &lt;/tbody&gt;
&lt;/table&gt;</description>
                <styleUrl>#style2x93302</styleUrl>
                <Point>
                    <extrude xmlns:ns5="http://www.w3.org/2001/XMLSchema-instance" xmlns:ns6="http://www.w3.org/2001/XMLSchema" ns5:type="ns6:boolean">false</extrude>
                    <altitudeMode>clampToGround</altitudeMode>
                    <coordinates>-111.8910474,40.7607793</coordinates>
                </Point>
            </Placemark>
            <Placemark>
                <name>Detroit</name>
                <visibility xmlns:ns5="http://www.w3.org/2001/XMLSchema-instance" xmlns:ns6="http://www.w3.org/2001/XMLSchema" ns5:type="ns6:boolean">true</visibility>
                <open xmlns:ns5="http://www.w3.org/2001/XMLSchema-instance" xmlns:ns6="http://www.w3.org/2001/XMLSchema" ns5:type="ns6:boolean">true</open>
                <address>1900 St. Antoine Street,detroit,Michigan,United States</address>
                <description>&lt;table style='text-align: left; width: 480px; height: 240px;' border='1' border-color='gray' border-style='solid' cellpadding='2' cellspacing='2'&gt;
&lt;tbody&gt;
    &lt;tr style='font-weight: bold;'&gt;
		&lt;td style='height: 78px; width: 184px;' align='undefined' valign='undefined'&gt;&lt;span style='font-weight: normal;'&gt;&lt;img src='http:\\www.razient.com\Razient\iconsgi\customer.png'/&gt;&lt;/span&gt;&lt;/td&gt;
		&lt;td colspan='3' rowspan='1' style='height: 78px; width: 291px;' align='undefined' valign='undefined'&gt;Name: Detroit&amp;nbsp;&lt;br&gt; Address: 1900 St. Antoine Street - detroit - Michigan - United States&amp;nbsp;&lt;br&gt; Phone Number: &amp;nbsp;&lt;br&gt; Email: &amp;nbsp;&lt;br&gt; Primary Contact: &amp;nbsp;&lt;/td&gt;
    &lt;/tr&gt;
    &lt;tr&gt;
	   &lt;td colspan='3' rowspan='1' style='height: 0px; width: 291px;' align='undefined' valign='undefined'&gt;&amp;nbsp;&lt;/td&gt;
    &lt;/tr&gt;
  &lt;/tbody&gt;
&lt;/table&gt;</description>
                <styleUrl>#style0x70000</styleUrl>
                <Point>
                    <extrude xmlns:ns5="http://www.w3.org/2001/XMLSchema-instance" xmlns:ns6="http://www.w3.org/2001/XMLSchema" ns5:type="ns6:boolean">false</extrude>
                    <altitudeMode>clampToGround</altitudeMode>
                    <coordinates>-83.043304,42.33916</coordinates>
                </Point>
            </Placemark>
            <Placemark>
                <name> Incident :  Two Detroit Firefighters Hurt In Roof Collapse</name>
                <visibility xmlns:ns5="http://www.w3.org/2001/XMLSchema-instance" xmlns:ns6="http://www.w3.org/2001/XMLSchema" ns5:type="ns6:boolean">true</visibility>
                <open xmlns:ns5="http://www.w3.org/2001/XMLSchema-instance" xmlns:ns6="http://www.w3.org/2001/XMLSchema" ns5:type="ns6:boolean">false</open>
                <description>&lt;table style='text-align: left; width: 480px; height: 240px;' border='1' border-color='gray' border-style='solid' cellpadding='2' cellspacing='2'&gt;
&lt;tbody&gt;
    &lt;tr style='font-weight: bold;'&gt;
		&lt;td style='height: 78px; width: 184px;' align='undefined' valign='undefined'&gt;&lt;span style='font-weight: normal;'&gt;&lt;img src='http:\\66.216.18.155\Razient\iconsgi\suppliers.gif'/&gt;&lt;/span&gt;&lt;/td&gt;
		&lt;td colspan='3' rowspan='1' style='height: 78px; width: 291px;' align='undefined' valign='undefined'&gt;Detroit&amp;nbsp;
1900 St. Antoine Street&amp;nbsp;&lt;/td&gt;
    &lt;/tr&gt;
    &lt;tr&gt;
      &lt;td style='height: 0px; width: 184px; text-align: left;' valign='undefined'&gt;&lt;span style='font-weight: bold;'&gt;Summary:&lt;/span&gt;&lt;/td&gt;
	   &lt;td colspan='3' rowspan='1' style='height: 0px; width: 291px;' align='undefined' valign='undefined'&gt; Two Detroit Firefighters Hurt In Roof Collapse&amp;nbsp;&lt;/td&gt;
    &lt;/tr&gt;
    &lt;tr&gt;
      &lt;td style='width: 184px; height: 26px; font-weight: bold;' align='undefined' valign='undefined'&gt;Country&lt;/td&gt;
      &lt;td style='width: 292px; height: 26px;' align='undefined' valign='undefined'&gt;United States&amp;nbsp;&lt;/td&gt;
      &lt;td style='height: 26px; width: 184px; font-weight: bold;' align='undefined' valign='undefined'&gt;Severity	&lt;/td&gt;
      &lt;td style='height: 26px; width: 291px;' align='undefined' valign='undefined'&gt;Low&amp;nbsp;&lt;/td&gt;
    &lt;/tr&gt;
    &lt;tr&gt;
      &lt;td style='width: 184px; height: 30px; font-weight: bold;' align='undefined' valign='undefined'&gt;State&lt;/td&gt;
      &lt;td style='width: 292px; height: 30px;' align='undefined' valign='undefined'&gt;Michigan&amp;nbsp;
&lt;/td&gt;
      &lt;td style='height: 30px; width: 184px; font-weight: bold;' align='undefined' valign='undefined'&gt;Type&lt;/td&gt;
      &lt;td style='height: 30px; width: 291px;' align='undefined' valign='undefined'&gt;Roof Collapse&amp;nbsp;&lt;/td&gt;
    &lt;/tr&gt;
    &lt;tr&gt;
      &lt;td style='width: 184px; height: 24px; font-weight: bold;' align='undefined' valign='undefined'&gt;City&lt;/td&gt;
      &lt;td style='width: 292px; height: 24px;' align='undefined' valign='undefined'&gt;detroit&amp;nbsp;
&lt;/td&gt;
      &lt;td style='height: 24px; width: 184px; font-weight: bold;' align='undefined' valign='undefined'&gt;Date&lt;/td&gt;
      &lt;td style='height: 24px; width: 291px;' align='undefined' valign='undefined'&gt;2011-10-09&amp;nbsp;
&lt;/td&gt;
    &lt;/tr&gt;
    &lt;tr&gt;
      &lt;td style='width: 184px; height: 26px; font-weight: bold;' align='undefined' valign='undefined'&gt;Deaths&lt;/td&gt;
      &lt;td style='width: 292px; height: 26px;' align='undefined' valign='undefined'&gt;0&amp;nbsp;
&lt;/td&gt;
      &lt;td style='height: 26px; width: 184px; font-weight: bold;' align='undefined' valign='undefined'&gt;Url&lt;/td&gt;
      &lt;td style='height: 26px; width: 291px;' align='undefined' valign='undefined'&gt;&lt;A href=' http://www.clickondetroit.com/news/29433717/detail.html'&gt;Link to News&amp;nbsp;&lt;/A&gt;
&lt;/td&gt;
    &lt;/tr&gt;
    &lt;tr&gt;
      &lt;td style='width: 184px; height: 90px; font-weight: bold;' align='undefined' valign='undefined'&gt;Description&lt;/td&gt;
      &lt;td colspan='3' rowspan='1' style='height: 90px; width: 291px;' align='undefined' valign='undefined'&gt;Authorities say two Detroit firefighters were injured when the ceiling of a burning commercial building collapsed on them.According to fire officials, the fire started around 6 a.m. at a store called Morellas in the 13 thousand block of McNichols&amp;nbsp;
&lt;/td&gt;
    &lt;/tr&gt;
  &lt;/tbody&gt;
&lt;/table&gt;</description>
                <styleUrl>#style13x93313</styleUrl>
                <Point>
                    <extrude xmlns:ns5="http://www.w3.org/2001/XMLSchema-instance" xmlns:ns6="http://www.w3.org/2001/XMLSchema" ns5:type="ns6:boolean">false</extrude>
                    <altitudeMode>clampToGround</altitudeMode>
                    <coordinates>-83.1131885,42.4220857</coordinates>
                </Point>
            </Placemark>
            <Placemark>
                <name>Buenos AiresPWC</name>
                <visibility xmlns:ns5="http://www.w3.org/2001/XMLSchema-instance" xmlns:ns6="http://www.w3.org/2001/XMLSchema" ns5:type="ns6:boolean">true</visibility>
                <open xmlns:ns5="http://www.w3.org/2001/XMLSchema-instance" xmlns:ns6="http://www.w3.org/2001/XMLSchema" ns5:type="ns6:boolean">true</open>
                <address>Edificio Bouchard Plaza, Bouchard 557,buenos aires,Distrito Federal,Argentina</address>
                <description>&lt;table style='text-align: left; width: 480px; height: 240px;' border='1' border-color='gray' border-style='solid' cellpadding='2' cellspacing='2'&gt;
&lt;tbody&gt;
    &lt;tr style='font-weight: bold;'&gt;
		&lt;td style='height: 78px; width: 184px;' align='undefined' valign='undefined'&gt;&lt;span style='font-weight: normal;'&gt;&lt;img src='http:\\www.razient.com\Razient\iconsgi\customer.png'/&gt;&lt;/span&gt;&lt;/td&gt;
		&lt;td colspan='3' rowspan='1' style='height: 78px; width: 291px;' align='undefined' valign='undefined'&gt;Name: Buenos AiresPWC&amp;nbsp;&lt;br&gt; Address: Edificio Bouchard Plaza, Bouchard 557 - buenos aires - Distrito Federal - Argentina&amp;nbsp;&lt;br&gt; Phone Number: &amp;nbsp;&lt;br&gt; Email: &amp;nbsp;&lt;br&gt; Primary Contact: &amp;nbsp;&lt;/td&gt;
    &lt;/tr&gt;
    &lt;tr&gt;
	   &lt;td colspan='3' rowspan='1' style='height: 0px; width: 291px;' align='undefined' valign='undefined'&gt;&amp;nbsp;&lt;/td&gt;
    &lt;/tr&gt;
  &lt;/tbody&gt;
&lt;/table&gt;</description>
                <styleUrl>#style0x70000</styleUrl>
                <Point>
                    <extrude xmlns:ns5="http://www.w3.org/2001/XMLSchema-instance" xmlns:ns6="http://www.w3.org/2001/XMLSchema" ns5:type="ns6:boolean">false</extrude>
                    <altitudeMode>clampToGround</altitudeMode>
                    <coordinates>-58.369217,-34.60108</coordinates>
                </Point>
            </Placemark>
            <Placemark>
                <name> Incident :  Two injured after building fire in Coghlan</name>
                <visibility xmlns:ns5="http://www.w3.org/2001/XMLSchema-instance" xmlns:ns6="http://www.w3.org/2001/XMLSchema" ns5:type="ns6:boolean">true</visibility>
                <open xmlns:ns5="http://www.w3.org/2001/XMLSchema-instance" xmlns:ns6="http://www.w3.org/2001/XMLSchema" ns5:type="ns6:boolean">false</open>
                <description>&lt;table style='text-align: left; width: 480px; height: 240px;' border='1' border-color='gray' border-style='solid' cellpadding='2' cellspacing='2'&gt;
&lt;tbody&gt;
    &lt;tr style='font-weight: bold;'&gt;
		&lt;td style='height: 78px; width: 184px;' align='undefined' valign='undefined'&gt;&lt;span style='font-weight: normal;'&gt;&lt;img src='http:\\66.216.18.155\Razient\iconsgi\suppliers.gif'/&gt;&lt;/span&gt;&lt;/td&gt;
		&lt;td colspan='3' rowspan='1' style='height: 78px; width: 291px;' align='undefined' valign='undefined'&gt;Buenos AiresPWC&amp;nbsp;
Edificio Bouchard Plaza, Bouchard 557&amp;nbsp;&lt;/td&gt;
    &lt;/tr&gt;
    &lt;tr&gt;
      &lt;td style='height: 0px; width: 184px; text-align: left;' valign='undefined'&gt;&lt;span style='font-weight: bold;'&gt;Summary:&lt;/span&gt;&lt;/td&gt;
	   &lt;td colspan='3' rowspan='1' style='height: 0px; width: 291px;' align='undefined' valign='undefined'&gt; Two injured after building fire in Coghlan&amp;nbsp;&lt;/td&gt;
    &lt;/tr&gt;
    &lt;tr&gt;
      &lt;td style='width: 184px; height: 26px; font-weight: bold;' align='undefined' valign='undefined'&gt;Country&lt;/td&gt;
      &lt;td style='width: 292px; height: 26px;' align='undefined' valign='undefined'&gt;Argentina&amp;nbsp;&lt;/td&gt;
      &lt;td style='height: 26px; width: 184px; font-weight: bold;' align='undefined' valign='undefined'&gt;Severity	&lt;/td&gt;
      &lt;td style='height: 26px; width: 291px;' align='undefined' valign='undefined'&gt;Medium&amp;nbsp;&lt;/td&gt;
    &lt;/tr&gt;
    &lt;tr&gt;
      &lt;td style='width: 184px; height: 30px; font-weight: bold;' align='undefined' valign='undefined'&gt;State&lt;/td&gt;
      &lt;td style='width: 292px; height: 30px;' align='undefined' valign='undefined'&gt;Distrito Federal&amp;nbsp;
&lt;/td&gt;
      &lt;td style='height: 30px; width: 184px; font-weight: bold;' align='undefined' valign='undefined'&gt;Type&lt;/td&gt;
      &lt;td style='height: 30px; width: 291px;' align='undefined' valign='undefined'&gt;Fire&amp;nbsp;&lt;/td&gt;
    &lt;/tr&gt;
    &lt;tr&gt;
      &lt;td style='width: 184px; height: 24px; font-weight: bold;' align='undefined' valign='undefined'&gt;City&lt;/td&gt;
      &lt;td style='width: 292px; height: 24px;' align='undefined' valign='undefined'&gt;buenos aires&amp;nbsp;
&lt;/td&gt;
      &lt;td style='height: 24px; width: 184px; font-weight: bold;' align='undefined' valign='undefined'&gt;Date&lt;/td&gt;
      &lt;td style='height: 24px; width: 291px;' align='undefined' valign='undefined'&gt;2011-10-07&amp;nbsp;
&lt;/td&gt;
    &lt;/tr&gt;
    &lt;tr&gt;
      &lt;td style='width: 184px; height: 26px; font-weight: bold;' align='undefined' valign='undefined'&gt;Deaths&lt;/td&gt;
      &lt;td style='width: 292px; height: 26px;' align='undefined' valign='undefined'&gt;0&amp;nbsp;
&lt;/td&gt;
      &lt;td style='height: 26px; width: 184px; font-weight: bold;' align='undefined' valign='undefined'&gt;Url&lt;/td&gt;
      &lt;td style='height: 26px; width: 291px;' align='undefined' valign='undefined'&gt;&lt;A href=' http://www.buenosairesherald.com/article/81000/two-injured-after-building-fire-in-coghlan'&gt;Link to News&amp;nbsp;&lt;/A&gt;
&lt;/td&gt;
    &lt;/tr&gt;
    &lt;tr&gt;
      &lt;td style='width: 184px; height: 90px; font-weight: bold;' align='undefined' valign='undefined'&gt;Description&lt;/td&gt;
      &lt;td colspan='3' rowspan='1' style='height: 90px; width: 291px;' align='undefined' valign='undefined'&gt; Two men were injured this morning, one severely so, after a fire broke out following an explosion inside a printing press building in the city neighbourhood of Coghlan, police sources informed.The fire broke out following an explosion which occurred at approximately 6.30 am this morning.&amp;nbsp;
&lt;/td&gt;
    &lt;/tr&gt;
  &lt;/tbody&gt;
&lt;/table&gt;</description>
                <styleUrl>#style9x93309</styleUrl>
                <Point>
                    <extrude xmlns:ns5="http://www.w3.org/2001/XMLSchema-instance" xmlns:ns6="http://www.w3.org/2001/XMLSchema" ns5:type="ns6:boolean">false</extrude>
                    <altitudeMode>clampToGround</altitudeMode>
                    <coordinates>-58.4747222,-34.5606944</coordinates>
                </Point>
            </Placemark>
            <Placemark>
                <name>ManamaPWC</name>
                <visibility xmlns:ns5="http://www.w3.org/2001/XMLSchema-instance" xmlns:ns6="http://www.w3.org/2001/XMLSchema" ns5:type="ns6:boolean">true</visibility>
                <open xmlns:ns5="http://www.w3.org/2001/XMLSchema-instance" xmlns:ns6="http://www.w3.org/2001/XMLSchema" ns5:type="ns6:boolean">true</open>
                <address>BMB Centre,manama,Al Manamah,Bahrain</address>
                <description>&lt;table style='text-align: left; width: 480px; height: 240px;' border='1' border-color='gray' border-style='solid' cellpadding='2' cellspacing='2'&gt;
&lt;tbody&gt;
    &lt;tr style='font-weight: bold;'&gt;
		&lt;td style='height: 78px; width: 184px;' align='undefined' valign='undefined'&gt;&lt;span style='font-weight: normal;'&gt;&lt;img src='http:\\www.razient.com\Razient\iconsgi\customer.png'/&gt;&lt;/span&gt;&lt;/td&gt;
		&lt;td colspan='3' rowspan='1' style='height: 78px; width: 291px;' align='undefined' valign='undefined'&gt;Name: ManamaPWC&amp;nbsp;&lt;br&gt; Address: BMB Centre - manama - Al Manamah - Bahrain&amp;nbsp;&lt;br&gt; Phone Number: &amp;nbsp;&lt;br&gt; Email: &amp;nbsp;&lt;br&gt; Primary Contact: &amp;nbsp;&lt;/td&gt;
    &lt;/tr&gt;
    &lt;tr&gt;
	   &lt;td colspan='3' rowspan='1' style='height: 0px; width: 291px;' align='undefined' valign='undefined'&gt;&amp;nbsp;&lt;/td&gt;
    &lt;/tr&gt;
  &lt;/tbody&gt;
&lt;/table&gt;</description>
                <styleUrl>#style0x70000</styleUrl>
                <Point>
                    <extrude xmlns:ns5="http://www.w3.org/2001/XMLSchema-instance" xmlns:ns6="http://www.w3.org/2001/XMLSchema" ns5:type="ns6:boolean">false</extrude>
                    <altitudeMode>clampToGround</altitudeMode>
                    <coordinates>50.583332,26.216667</coordinates>
                </Point>
            </Placemark>
            <Placemark>
                <name> Incident :  Protests Swell in Bahrain After Boys Death</name>
                <visibility xmlns:ns5="http://www.w3.org/2001/XMLSchema-instance" xmlns:ns6="http://www.w3.org/2001/XMLSchema" ns5:type="ns6:boolean">true</visibility>
                <open xmlns:ns5="http://www.w3.org/2001/XMLSchema-instance" xmlns:ns6="http://www.w3.org/2001/XMLSchema" ns5:type="ns6:boolean">false</open>
                <description>&lt;table style='text-align: left; width: 480px; height: 240px;' border='1' border-color='gray' border-style='solid' cellpadding='2' cellspacing='2'&gt;
&lt;tbody&gt;
    &lt;tr style='font-weight: bold;'&gt;
		&lt;td style='height: 78px; width: 184px;' align='undefined' valign='undefined'&gt;&lt;span style='font-weight: normal;'&gt;&lt;img src='http:\\66.216.18.155\Razient\iconsgi\suppliers.gif'/&gt;&lt;/span&gt;&lt;/td&gt;
		&lt;td colspan='3' rowspan='1' style='height: 78px; width: 291px;' align='undefined' valign='undefined'&gt;ManamaPWC&amp;nbsp;
BMB Centre&amp;nbsp;&lt;/td&gt;
    &lt;/tr&gt;
    &lt;tr&gt;
      &lt;td style='height: 0px; width: 184px; text-align: left;' valign='undefined'&gt;&lt;span style='font-weight: bold;'&gt;Summary:&lt;/span&gt;&lt;/td&gt;
	   &lt;td colspan='3' rowspan='1' style='height: 0px; width: 291px;' align='undefined' valign='undefined'&gt; Protests Swell in Bahrain After Boys Death&amp;nbsp;&lt;/td&gt;
    &lt;/tr&gt;
    &lt;tr&gt;
      &lt;td style='width: 184px; height: 26px; font-weight: bold;' align='undefined' valign='undefined'&gt;Country&lt;/td&gt;
      &lt;td style='width: 292px; height: 26px;' align='undefined' valign='undefined'&gt;Bahrain&amp;nbsp;&lt;/td&gt;
      &lt;td style='height: 26px; width: 184px; font-weight: bold;' align='undefined' valign='undefined'&gt;Severity	&lt;/td&gt;
      &lt;td style='height: 26px; width: 291px;' align='undefined' valign='undefined'&gt;Medium&amp;nbsp;&lt;/td&gt;
    &lt;/tr&gt;
    &lt;tr&gt;
      &lt;td style='width: 184px; height: 30px; font-weight: bold;' align='undefined' valign='undefined'&gt;State&lt;/td&gt;
      &lt;td style='width: 292px; height: 30px;' align='undefined' valign='undefined'&gt;Al Manamah&amp;nbsp;
&lt;/td&gt;
      &lt;td style='height: 30px; width: 184px; font-weight: bold;' align='undefined' valign='undefined'&gt;Type&lt;/td&gt;
      &lt;td style='height: 30px; width: 291px;' align='undefined' valign='undefined'&gt;Protests&amp;nbsp;&lt;/td&gt;
    &lt;/tr&gt;
    &lt;tr&gt;
      &lt;td style='width: 184px; height: 24px; font-weight: bold;' align='undefined' valign='undefined'&gt;City&lt;/td&gt;
      &lt;td style='width: 292px; height: 24px;' align='undefined' valign='undefined'&gt;manama&amp;nbsp;
&lt;/td&gt;
      &lt;td style='height: 24px; width: 184px; font-weight: bold;' align='undefined' valign='undefined'&gt;Date&lt;/td&gt;
      &lt;td style='height: 24px; width: 291px;' align='undefined' valign='undefined'&gt;2011-10-07&amp;nbsp;
&lt;/td&gt;
    &lt;/tr&gt;
    &lt;tr&gt;
      &lt;td style='width: 184px; height: 26px; font-weight: bold;' align='undefined' valign='undefined'&gt;Deaths&lt;/td&gt;
      &lt;td style='width: 292px; height: 26px;' align='undefined' valign='undefined'&gt;0&amp;nbsp;
&lt;/td&gt;
      &lt;td style='height: 26px; width: 184px; font-weight: bold;' align='undefined' valign='undefined'&gt;Url&lt;/td&gt;
      &lt;td style='height: 26px; width: 291px;' align='undefined' valign='undefined'&gt;&lt;A href=' http://thelede.blogs.nytimes.com/2011/10/07/protests-swell-in-bahrain-after-boys-death/'&gt;Link to News&amp;nbsp;&lt;/A&gt;
&lt;/td&gt;
    &lt;/tr&gt;
    &lt;tr&gt;
      &lt;td style='width: 184px; height: 90px; font-weight: bold;' align='undefined' valign='undefined'&gt;Description&lt;/td&gt;
      &lt;td colspan='3' rowspan='1' style='height: 90px; width: 291px;' align='undefined' valign='undefined'&gt;Large numbers of people filled the streets west of Bahrains capital, Manama, on Friday as a funeral march for a 16 yearold boy who activists said was killed by the police grew into one of the largest demonstrations,police began using tear gas and sound grenades.There were also reports of gunfire, though it was unclear what type of bullets were being used.&amp;nbsp;
&lt;/td&gt;
    &lt;/tr&gt;
  &lt;/tbody&gt;
&lt;/table&gt;</description>
                <styleUrl>#style7x93307</styleUrl>
                <Point>
                    <extrude xmlns:ns5="http://www.w3.org/2001/XMLSchema-instance" xmlns:ns6="http://www.w3.org/2001/XMLSchema" ns5:type="ns6:boolean">false</extrude>
                    <altitudeMode>clampToGround</altitudeMode>
                    <coordinates>50.5831,26.2361</coordinates>
                </Point>
            </Placemark>
            <Placemark>
                <name>Baltimore</name>
                <visibility xmlns:ns5="http://www.w3.org/2001/XMLSchema-instance" xmlns:ns6="http://www.w3.org/2001/XMLSchema" ns5:type="ns6:boolean">true</visibility>
                <open xmlns:ns5="http://www.w3.org/2001/XMLSchema-instance" xmlns:ns6="http://www.w3.org/2001/XMLSchema" ns5:type="ns6:boolean">true</open>
                <address>100 East Pratt Street,baltimore,Maryland,United States</address>
                <description>&lt;table style='text-align: left; width: 480px; height: 240px;' border='1' border-color='gray' border-style='solid' cellpadding='2' cellspacing='2'&gt;
&lt;tbody&gt;
    &lt;tr style='font-weight: bold;'&gt;
		&lt;td style='height: 78px; width: 184px;' align='undefined' valign='undefined'&gt;&lt;span style='font-weight: normal;'&gt;&lt;img src='http:\\www.razient.com\Razient\iconsgi\customer.png'/&gt;&lt;/span&gt;&lt;/td&gt;
		&lt;td colspan='3' rowspan='1' style='height: 78px; width: 291px;' align='undefined' valign='undefined'&gt;Name: Baltimore&amp;nbsp;&lt;br&gt; Address: 100 East Pratt Street - baltimore - Maryland - United States&amp;nbsp;&lt;br&gt; Phone Number: &amp;nbsp;&lt;br&gt; Email: &amp;nbsp;&lt;br&gt; Primary Contact: &amp;nbsp;&lt;/td&gt;
    &lt;/tr&gt;
    &lt;tr&gt;
	   &lt;td colspan='3' rowspan='1' style='height: 0px; width: 291px;' align='undefined' valign='undefined'&gt;&amp;nbsp;&lt;/td&gt;
    &lt;/tr&gt;
  &lt;/tbody&gt;
&lt;/table&gt;</description>
                <styleUrl>#style0x70000</styleUrl>
                <Point>
                    <extrude xmlns:ns5="http://www.w3.org/2001/XMLSchema-instance" xmlns:ns6="http://www.w3.org/2001/XMLSchema" ns5:type="ns6:boolean">false</extrude>
                    <altitudeMode>clampToGround</altitudeMode>
                    <coordinates>-76.612816,39.286755</coordinates>
                </Point>
            </Placemark>
            <Placemark>
                <name> Incident :  Shooting in Lauraville&#xD;
</name>
                <visibility xmlns:ns5="http://www.w3.org/2001/XMLSchema-instance" xmlns:ns6="http://www.w3.org/2001/XMLSchema" ns5:type="ns6:boolean">true</visibility>
                <open xmlns:ns5="http://www.w3.org/2001/XMLSchema-instance" xmlns:ns6="http://www.w3.org/2001/XMLSchema" ns5:type="ns6:boolean">false</open>
                <description>&lt;table style='text-align: left; width: 480px; height: 240px;' border='1' border-color='gray' border-style='solid' cellpadding='2' cellspacing='2'&gt;
&lt;tbody&gt;
    &lt;tr style='font-weight: bold;'&gt;
		&lt;td style='height: 78px; width: 184px;' align='undefined' valign='undefined'&gt;&lt;span style='font-weight: normal;'&gt;&lt;img src='http:\\66.216.18.155\Razient\iconsgi\suppliers.gif'/&gt;&lt;/span&gt;&lt;/td&gt;
		&lt;td colspan='3' rowspan='1' style='height: 78px; width: 291px;' align='undefined' valign='undefined'&gt;Baltimore&amp;nbsp;
100 East Pratt Street&amp;nbsp;&lt;/td&gt;
    &lt;/tr&gt;
    &lt;tr&gt;
      &lt;td style='height: 0px; width: 184px; text-align: left;' valign='undefined'&gt;&lt;span style='font-weight: bold;'&gt;Summary:&lt;/span&gt;&lt;/td&gt;
	   &lt;td colspan='3' rowspan='1' style='height: 0px; width: 291px;' align='undefined' valign='undefined'&gt; Shooting in Lauraville&#xD;
&amp;nbsp;&lt;/td&gt;
    &lt;/tr&gt;
    &lt;tr&gt;
      &lt;td style='width: 184px; height: 26px; font-weight: bold;' align='undefined' valign='undefined'&gt;Country&lt;/td&gt;
      &lt;td style='width: 292px; height: 26px;' align='undefined' valign='undefined'&gt;United States&amp;nbsp;&lt;/td&gt;
      &lt;td style='height: 26px; width: 184px; font-weight: bold;' align='undefined' valign='undefined'&gt;Severity	&lt;/td&gt;
      &lt;td style='height: 26px; width: 291px;' align='undefined' valign='undefined'&gt;Low&amp;nbsp;&lt;/td&gt;
    &lt;/tr&gt;
    &lt;tr&gt;
      &lt;td style='width: 184px; height: 30px; font-weight: bold;' align='undefined' valign='undefined'&gt;State&lt;/td&gt;
      &lt;td style='width: 292px; height: 30px;' align='undefined' valign='undefined'&gt;Maryland&amp;nbsp;
&lt;/td&gt;
      &lt;td style='height: 30px; width: 184px; font-weight: bold;' align='undefined' valign='undefined'&gt;Type&lt;/td&gt;
      &lt;td style='height: 30px; width: 291px;' align='undefined' valign='undefined'&gt;Shooting&amp;nbsp;&lt;/td&gt;
    &lt;/tr&gt;
    &lt;tr&gt;
      &lt;td style='width: 184px; height: 24px; font-weight: bold;' align='undefined' valign='undefined'&gt;City&lt;/td&gt;
      &lt;td style='width: 292px; height: 24px;' align='undefined' valign='undefined'&gt;baltimore&amp;nbsp;
&lt;/td&gt;
      &lt;td style='height: 24px; width: 184px; font-weight: bold;' align='undefined' valign='undefined'&gt;Date&lt;/td&gt;
      &lt;td style='height: 24px; width: 291px;' align='undefined' valign='undefined'&gt;2011-10-06&amp;nbsp;
&lt;/td&gt;
    &lt;/tr&gt;
    &lt;tr&gt;
      &lt;td style='width: 184px; height: 26px; font-weight: bold;' align='undefined' valign='undefined'&gt;Deaths&lt;/td&gt;
      &lt;td style='width: 292px; height: 26px;' align='undefined' valign='undefined'&gt;0&amp;nbsp;
&lt;/td&gt;
      &lt;td style='height: 26px; width: 184px; font-weight: bold;' align='undefined' valign='undefined'&gt;Url&lt;/td&gt;
      &lt;td style='height: 26px; width: 291px;' align='undefined' valign='undefined'&gt;&lt;A href=' http://www.baltimoresun.com/news/maryland/baltimore-city/bs-md-ci-shootings-20111006,0,7911491.story'&gt;Link to News&amp;nbsp;&lt;/A&gt;
&lt;/td&gt;
    &lt;/tr&gt;
    &lt;tr&gt;
      &lt;td style='width: 184px; height: 90px; font-weight: bold;' align='undefined' valign='undefined'&gt;Description&lt;/td&gt;
      &lt;td colspan='3' rowspan='1' style='height: 90px; width: 291px;' align='undefined' valign='undefined'&gt;A shooting occurred in Northeast Baltimores Lauraville neighborhood just before 1 a.m., with a 33 year old man shot in the abdomen during a robbery in the 2400 block of Ailsa Ave.&amp;nbsp;
&lt;/td&gt;
    &lt;/tr&gt;
  &lt;/tbody&gt;
&lt;/table&gt;</description>
                <styleUrl>#style1x93301</styleUrl>
                <Point>
                    <extrude xmlns:ns5="http://www.w3.org/2001/XMLSchema-instance" xmlns:ns6="http://www.w3.org/2001/XMLSchema" ns5:type="ns6:boolean">false</extrude>
                    <altitudeMode>clampToGround</altitudeMode>
                    <coordinates>-76.572559,39.35052</coordinates>
                </Point>
            </Placemark>
            <Placemark>
                <name>Perth PWC</name>
                <visibility xmlns:ns5="http://www.w3.org/2001/XMLSchema-instance" xmlns:ns6="http://www.w3.org/2001/XMLSchema" ns5:type="ns6:boolean">true</visibility>
                <open xmlns:ns5="http://www.w3.org/2001/XMLSchema-instance" xmlns:ns6="http://www.w3.org/2001/XMLSchema" ns5:type="ns6:boolean">true</open>
                <address>250 St George's Terrace,perth,Western Australia,Australia</address>
                <description>&lt;table style='text-align: left; width: 480px; height: 240px;' border='1' border-color='gray' border-style='solid' cellpadding='2' cellspacing='2'&gt;
&lt;tbody&gt;
    &lt;tr style='font-weight: bold;'&gt;
		&lt;td style='height: 78px; width: 184px;' align='undefined' valign='undefined'&gt;&lt;span style='font-weight: normal;'&gt;&lt;img src='http:\\www.razient.com\Razient\iconsgi\customer.png'/&gt;&lt;/span&gt;&lt;/td&gt;
		&lt;td colspan='3' rowspan='1' style='height: 78px; width: 291px;' align='undefined' valign='undefined'&gt;Name: Perth PWC&amp;nbsp;&lt;br&gt; Address: 250 St George's Terrace - perth - Western Australia - Australia&amp;nbsp;&lt;br&gt; Phone Number: &amp;nbsp;&lt;br&gt; Email: &amp;nbsp;&lt;br&gt; Primary Contact: &amp;nbsp;&lt;/td&gt;
    &lt;/tr&gt;
    &lt;tr&gt;
	   &lt;td colspan='3' rowspan='1' style='height: 0px; width: 291px;' align='undefined' valign='undefined'&gt;&amp;nbsp;&lt;/td&gt;
    &lt;/tr&gt;
  &lt;/tbody&gt;
&lt;/table&gt;</description>
                <styleUrl>#style0x70000</styleUrl>
                <Point>
                    <extrude xmlns:ns5="http://www.w3.org/2001/XMLSchema-instance" xmlns:ns6="http://www.w3.org/2001/XMLSchema" ns5:type="ns6:boolean">false</extrude>
                    <altitudeMode>clampToGround</altitudeMode>
                    <coordinates>115.850945,-31.952427</coordinates>
                </Point>
            </Placemark>
            <Placemark>
                <name> Incident :  Commuter chaos after train disruption</name>
                <visibility xmlns:ns5="http://www.w3.org/2001/XMLSchema-instance" xmlns:ns6="http://www.w3.org/2001/XMLSchema" ns5:type="ns6:boolean">true</visibility>
                <open xmlns:ns5="http://www.w3.org/2001/XMLSchema-instance" xmlns:ns6="http://www.w3.org/2001/XMLSchema" ns5:type="ns6:boolean">false</open>
                <description>&lt;table style='text-align: left; width: 480px; height: 240px;' border='1' border-color='gray' border-style='solid' cellpadding='2' cellspacing='2'&gt;
&lt;tbody&gt;
    &lt;tr style='font-weight: bold;'&gt;
		&lt;td style='height: 78px; width: 184px;' align='undefined' valign='undefined'&gt;&lt;span style='font-weight: normal;'&gt;&lt;img src='http:\\66.216.18.155\Razient\iconsgi\suppliers.gif'/&gt;&lt;/span&gt;&lt;/td&gt;
		&lt;td colspan='3' rowspan='1' style='height: 78px; width: 291px;' align='undefined' valign='undefined'&gt;Perth PWC&amp;nbsp;
250 St George's Terrace&amp;nbsp;&lt;/td&gt;
    &lt;/tr&gt;
    &lt;tr&gt;
      &lt;td style='height: 0px; width: 184px; text-align: left;' valign='undefined'&gt;&lt;span style='font-weight: bold;'&gt;Summary:&lt;/span&gt;&lt;/td&gt;
	   &lt;td colspan='3' rowspan='1' style='height: 0px; width: 291px;' align='undefined' valign='undefined'&gt; Commuter chaos after train disruption&amp;nbsp;&lt;/td&gt;
    &lt;/tr&gt;
    &lt;tr&gt;
      &lt;td style='width: 184px; height: 26px; font-weight: bold;' align='undefined' valign='undefined'&gt;Country&lt;/td&gt;
      &lt;td style='width: 292px; height: 26px;' align='undefined' valign='undefined'&gt;Australia&amp;nbsp;&lt;/td&gt;
      &lt;td style='height: 26px; width: 184px; font-weight: bold;' align='undefined' valign='undefined'&gt;Severity	&lt;/td&gt;
      &lt;td style='height: 26px; width: 291px;' align='undefined' valign='undefined'&gt;Low&amp;nbsp;&lt;/td&gt;
    &lt;/tr&gt;
    &lt;tr&gt;
      &lt;td style='width: 184px; height: 30px; font-weight: bold;' align='undefined' valign='undefined'&gt;State&lt;/td&gt;
      &lt;td style='width: 292px; height: 30px;' align='undefined' valign='undefined'&gt;Western Australia&amp;nbsp;
&lt;/td&gt;
      &lt;td style='height: 30px; width: 184px; font-weight: bold;' align='undefined' valign='undefined'&gt;Type&lt;/td&gt;
      &lt;td style='height: 30px; width: 291px;' align='undefined' valign='undefined'&gt;Train Crash&amp;nbsp;&lt;/td&gt;
    &lt;/tr&gt;
    &lt;tr&gt;
      &lt;td style='width: 184px; height: 24px; font-weight: bold;' align='undefined' valign='undefined'&gt;City&lt;/td&gt;
      &lt;td style='width: 292px; height: 24px;' align='undefined' valign='undefined'&gt;perth&amp;nbsp;
&lt;/td&gt;
      &lt;td style='height: 24px; width: 184px; font-weight: bold;' align='undefined' valign='undefined'&gt;Date&lt;/td&gt;
      &lt;td style='height: 24px; width: 291px;' align='undefined' valign='undefined'&gt;2011-10-05&amp;nbsp;
&lt;/td&gt;
    &lt;/tr&gt;
    &lt;tr&gt;
      &lt;td style='width: 184px; height: 26px; font-weight: bold;' align='undefined' valign='undefined'&gt;Deaths&lt;/td&gt;
      &lt;td style='width: 292px; height: 26px;' align='undefined' valign='undefined'&gt;0&amp;nbsp;
&lt;/td&gt;
      &lt;td style='height: 26px; width: 184px; font-weight: bold;' align='undefined' valign='undefined'&gt;Url&lt;/td&gt;
      &lt;td style='height: 26px; width: 291px;' align='undefined' valign='undefined'&gt;&lt;A href=' http://au.news.yahoo.com/thewest/a/-/breaking/10406693/commuter-chaos-after-train-disruption/'&gt;Link to News&amp;nbsp;&lt;/A&gt;
&lt;/td&gt;
    &lt;/tr&gt;
    &lt;tr&gt;
      &lt;td style='width: 184px; height: 90px; font-weight: bold;' align='undefined' valign='undefined'&gt;Description&lt;/td&gt;
      &lt;td colspan='3' rowspan='1' style='height: 90px; width: 291px;' align='undefined' valign='undefined'&gt;Peak hour train services were thrown into chaos this afternoon after a major disruption to the Joondalup line.Hundreds of passengers were left waiting at the Perth station for up to an hour and transit guards blocked off escalators and stairs to avoid overcrowding on platforms&#xD;
&amp;nbsp;
&lt;/td&gt;
    &lt;/tr&gt;
  &lt;/tbody&gt;
&lt;/table&gt;</description>
                <styleUrl>#style4x93304</styleUrl>
                <Point>
                    <extrude xmlns:ns5="http://www.w3.org/2001/XMLSchema-instance" xmlns:ns6="http://www.w3.org/2001/XMLSchema" ns5:type="ns6:boolean">false</extrude>
                    <altitudeMode>clampToGround</altitudeMode>
                    <coordinates>115.8599254,-31.9510908</coordinates>
                </Point>
            </Placemark>
            <Placemark>
                <name>Fort Lauderdale</name>
                <visibility xmlns:ns5="http://www.w3.org/2001/XMLSchema-instance" xmlns:ns6="http://www.w3.org/2001/XMLSchema" ns5:type="ns6:boolean">true</visibility>
                <open xmlns:ns5="http://www.w3.org/2001/XMLSchema-instance" xmlns:ns6="http://www.w3.org/2001/XMLSchema" ns5:type="ns6:boolean">true</open>
                <address>401 East Las Olas Boulevard,fort lauderdale,Florida,United States</address>
                <description>&lt;table style='text-align: left; width: 480px; height: 240px;' border='1' border-color='gray' border-style='solid' cellpadding='2' cellspacing='2'&gt;
&lt;tbody&gt;
    &lt;tr style='font-weight: bold;'&gt;
		&lt;td style='height: 78px; width: 184px;' align='undefined' valign='undefined'&gt;&lt;span style='font-weight: normal;'&gt;&lt;img src='http:\\www.razient.com\Razient\iconsgi\customer.png'/&gt;&lt;/span&gt;&lt;/td&gt;
		&lt;td colspan='3' rowspan='1' style='height: 78px; width: 291px;' align='undefined' valign='undefined'&gt;Name: Fort Lauderdale&amp;nbsp;&lt;br&gt; Address: 401 East Las Olas Boulevard - fort lauderdale - Florida - United States&amp;nbsp;&lt;br&gt; Phone Number: &amp;nbsp;&lt;br&gt; Email: &amp;nbsp;&lt;br&gt; Primary Contact: &amp;nbsp;&lt;/td&gt;
    &lt;/tr&gt;
    &lt;tr&gt;
	   &lt;td colspan='3' rowspan='1' style='height: 0px; width: 291px;' align='undefined' valign='undefined'&gt;&amp;nbsp;&lt;/td&gt;
    &lt;/tr&gt;
  &lt;/tbody&gt;
&lt;/table&gt;</description>
                <styleUrl>#style0x70000</styleUrl>
                <Point>
                    <extrude xmlns:ns5="http://www.w3.org/2001/XMLSchema-instance" xmlns:ns6="http://www.w3.org/2001/XMLSchema" ns5:type="ns6:boolean">false</extrude>
                    <altitudeMode>clampToGround</altitudeMode>
                    <coordinates>-80.13892,26.11933</coordinates>
                </Point>
            </Placemark>
            <Placemark>
                <name> Incident :  Water Main Break Closes Fort Lauderdale Streets </name>
                <visibility xmlns:ns5="http://www.w3.org/2001/XMLSchema-instance" xmlns:ns6="http://www.w3.org/2001/XMLSchema" ns5:type="ns6:boolean">true</visibility>
                <open xmlns:ns5="http://www.w3.org/2001/XMLSchema-instance" xmlns:ns6="http://www.w3.org/2001/XMLSchema" ns5:type="ns6:boolean">false</open>
                <description>&lt;table style='text-align: left; width: 480px; height: 240px;' border='1' border-color='gray' border-style='solid' cellpadding='2' cellspacing='2'&gt;
&lt;tbody&gt;
    &lt;tr style='font-weight: bold;'&gt;
		&lt;td style='height: 78px; width: 184px;' align='undefined' valign='undefined'&gt;&lt;span style='font-weight: normal;'&gt;&lt;img src='http:\\66.216.18.155\Razient\iconsgi\suppliers.gif'/&gt;&lt;/span&gt;&lt;/td&gt;
		&lt;td colspan='3' rowspan='1' style='height: 78px; width: 291px;' align='undefined' valign='undefined'&gt;Fort Lauderdale&amp;nbsp;
401 East Las Olas Boulevard&amp;nbsp;&lt;/td&gt;
    &lt;/tr&gt;
    &lt;tr&gt;
      &lt;td style='height: 0px; width: 184px; text-align: left;' valign='undefined'&gt;&lt;span style='font-weight: bold;'&gt;Summary:&lt;/span&gt;&lt;/td&gt;
	   &lt;td colspan='3' rowspan='1' style='height: 0px; width: 291px;' align='undefined' valign='undefined'&gt; Water Main Break Closes Fort Lauderdale Streets &amp;nbsp;&lt;/td&gt;
    &lt;/tr&gt;
    &lt;tr&gt;
      &lt;td style='width: 184px; height: 26px; font-weight: bold;' align='undefined' valign='undefined'&gt;Country&lt;/td&gt;
      &lt;td style='width: 292px; height: 26px;' align='undefined' valign='undefined'&gt;United States&amp;nbsp;&lt;/td&gt;
      &lt;td style='height: 26px; width: 184px; font-weight: bold;' align='undefined' valign='undefined'&gt;Severity	&lt;/td&gt;
      &lt;td style='height: 26px; width: 291px;' align='undefined' valign='undefined'&gt;Low&amp;nbsp;&lt;/td&gt;
    &lt;/tr&gt;
    &lt;tr&gt;
      &lt;td style='width: 184px; height: 30px; font-weight: bold;' align='undefined' valign='undefined'&gt;State&lt;/td&gt;
      &lt;td style='width: 292px; height: 30px;' align='undefined' valign='undefined'&gt;Florida&amp;nbsp;
&lt;/td&gt;
      &lt;td style='height: 30px; width: 184px; font-weight: bold;' align='undefined' valign='undefined'&gt;Type&lt;/td&gt;
      &lt;td style='height: 30px; width: 291px;' align='undefined' valign='undefined'&gt;Roads Closed&amp;nbsp;&lt;/td&gt;
    &lt;/tr&gt;
    &lt;tr&gt;
      &lt;td style='width: 184px; height: 24px; font-weight: bold;' align='undefined' valign='undefined'&gt;City&lt;/td&gt;
      &lt;td style='width: 292px; height: 24px;' align='undefined' valign='undefined'&gt;fort lauderdale&amp;nbsp;
&lt;/td&gt;
      &lt;td style='height: 24px; width: 184px; font-weight: bold;' align='undefined' valign='undefined'&gt;Date&lt;/td&gt;
      &lt;td style='height: 24px; width: 291px;' align='undefined' valign='undefined'&gt;2011-10-05&amp;nbsp;
&lt;/td&gt;
    &lt;/tr&gt;
    &lt;tr&gt;
      &lt;td style='width: 184px; height: 26px; font-weight: bold;' align='undefined' valign='undefined'&gt;Deaths&lt;/td&gt;
      &lt;td style='width: 292px; height: 26px;' align='undefined' valign='undefined'&gt;0&amp;nbsp;
&lt;/td&gt;
      &lt;td style='height: 26px; width: 184px; font-weight: bold;' align='undefined' valign='undefined'&gt;Url&lt;/td&gt;
      &lt;td style='height: 26px; width: 291px;' align='undefined' valign='undefined'&gt;&lt;A href=' http://www.nbcmiami.com/news/local/Water-Main-Break-Closes-Fort-Lauderdale-Streets-131128428.html'&gt;Link to News&amp;nbsp;&lt;/A&gt;
&lt;/td&gt;
    &lt;/tr&gt;
    &lt;tr&gt;
      &lt;td style='width: 184px; height: 90px; font-weight: bold;' align='undefined' valign='undefined'&gt;Description&lt;/td&gt;
      &lt;td colspan='3' rowspan='1' style='height: 90px; width: 291px;' align='undefined' valign='undefined'&gt;Powerline Road between Northwest 16th Street and Northwest 19th Street was closed due to water main break.&amp;nbsp;
&lt;/td&gt;
    &lt;/tr&gt;
  &lt;/tbody&gt;
&lt;/table&gt;</description>
                <styleUrl>#style33x93333</styleUrl>
                <Point>
                    <extrude xmlns:ns5="http://www.w3.org/2001/XMLSchema-instance" xmlns:ns6="http://www.w3.org/2001/XMLSchema" ns5:type="ns6:boolean">false</extrude>
                    <altitudeMode>clampToGround</altitudeMode>
                    <coordinates>-80.1515318,26.2519199</coordinates>
                </Point>
            </Placemark>
            <Placemark>
                <name>Columbus</name>
                <visibility xmlns:ns5="http://www.w3.org/2001/XMLSchema-instance" xmlns:ns6="http://www.w3.org/2001/XMLSchema" ns5:type="ns6:boolean">true</visibility>
                <open xmlns:ns5="http://www.w3.org/2001/XMLSchema-instance" xmlns:ns6="http://www.w3.org/2001/XMLSchema" ns5:type="ns6:boolean">true</open>
                <address>41 South High Street,columbus,Ohio,United States</address>
                <description>&lt;table style='text-align: left; width: 480px; height: 240px;' border='1' border-color='gray' border-style='solid' cellpadding='2' cellspacing='2'&gt;
&lt;tbody&gt;
    &lt;tr style='font-weight: bold;'&gt;
		&lt;td style='height: 78px; width: 184px;' align='undefined' valign='undefined'&gt;&lt;span style='font-weight: normal;'&gt;&lt;img src='http:\\www.razient.com\Razient\iconsgi\customer.png'/&gt;&lt;/span&gt;&lt;/td&gt;
		&lt;td colspan='3' rowspan='1' style='height: 78px; width: 291px;' align='undefined' valign='undefined'&gt;Name: Columbus&amp;nbsp;&lt;br&gt; Address: 41 South High Street - columbus - Ohio - United States&amp;nbsp;&lt;br&gt; Phone Number: &amp;nbsp;&lt;br&gt; Email: &amp;nbsp;&lt;br&gt; Primary Contact: &amp;nbsp;&lt;/td&gt;
    &lt;/tr&gt;
    &lt;tr&gt;
	   &lt;td colspan='3' rowspan='1' style='height: 0px; width: 291px;' align='undefined' valign='undefined'&gt;&amp;nbsp;&lt;/td&gt;
    &lt;/tr&gt;
  &lt;/tbody&gt;
&lt;/table&gt;</description>
                <styleUrl>#style0x70000</styleUrl>
                <Point>
                    <extrude xmlns:ns5="http://www.w3.org/2001/XMLSchema-instance" xmlns:ns6="http://www.w3.org/2001/XMLSchema" ns5:type="ns6:boolean">false</extrude>
                    <altitudeMode>clampToGround</altitudeMode>
                    <coordinates>-83.00052,39.961166</coordinates>
                </Point>
            </Placemark>
            <Placemark>
                <name> Incident :  SWAT officers kill robbery suspect</name>
                <visibility xmlns:ns5="http://www.w3.org/2001/XMLSchema-instance" xmlns:ns6="http://www.w3.org/2001/XMLSchema" ns5:type="ns6:boolean">true</visibility>
                <open xmlns:ns5="http://www.w3.org/2001/XMLSchema-instance" xmlns:ns6="http://www.w3.org/2001/XMLSchema" ns5:type="ns6:boolean">false</open>
                <description>&lt;table style='text-align: left; width: 480px; height: 240px;' border='1' border-color='gray' border-style='solid' cellpadding='2' cellspacing='2'&gt;
&lt;tbody&gt;
    &lt;tr style='font-weight: bold;'&gt;
		&lt;td style='height: 78px; width: 184px;' align='undefined' valign='undefined'&gt;&lt;span style='font-weight: normal;'&gt;&lt;img src='http:\\66.216.18.155\Razient\iconsgi\suppliers.gif'/&gt;&lt;/span&gt;&lt;/td&gt;
		&lt;td colspan='3' rowspan='1' style='height: 78px; width: 291px;' align='undefined' valign='undefined'&gt;Columbus&amp;nbsp;
41 South High Street&amp;nbsp;&lt;/td&gt;
    &lt;/tr&gt;
    &lt;tr&gt;
      &lt;td style='height: 0px; width: 184px; text-align: left;' valign='undefined'&gt;&lt;span style='font-weight: bold;'&gt;Summary:&lt;/span&gt;&lt;/td&gt;
	   &lt;td colspan='3' rowspan='1' style='height: 0px; width: 291px;' align='undefined' valign='undefined'&gt; SWAT officers kill robbery suspect&amp;nbsp;&lt;/td&gt;
    &lt;/tr&gt;
    &lt;tr&gt;
      &lt;td style='width: 184px; height: 26px; font-weight: bold;' align='undefined' valign='undefined'&gt;Country&lt;/td&gt;
      &lt;td style='width: 292px; height: 26px;' align='undefined' valign='undefined'&gt;United States&amp;nbsp;&lt;/td&gt;
      &lt;td style='height: 26px; width: 184px; font-weight: bold;' align='undefined' valign='undefined'&gt;Severity	&lt;/td&gt;
      &lt;td style='height: 26px; width: 291px;' align='undefined' valign='undefined'&gt;Medium&amp;nbsp;&lt;/td&gt;
    &lt;/tr&gt;
    &lt;tr&gt;
      &lt;td style='width: 184px; height: 30px; font-weight: bold;' align='undefined' valign='undefined'&gt;State&lt;/td&gt;
      &lt;td style='width: 292px; height: 30px;' align='undefined' valign='undefined'&gt;Ohio&amp;nbsp;
&lt;/td&gt;
      &lt;td style='height: 30px; width: 184px; font-weight: bold;' align='undefined' valign='undefined'&gt;Type&lt;/td&gt;
      &lt;td style='height: 30px; width: 291px;' align='undefined' valign='undefined'&gt;Shooting&amp;nbsp;&lt;/td&gt;
    &lt;/tr&gt;
    &lt;tr&gt;
      &lt;td style='width: 184px; height: 24px; font-weight: bold;' align='undefined' valign='undefined'&gt;City&lt;/td&gt;
      &lt;td style='width: 292px; height: 24px;' align='undefined' valign='undefined'&gt;columbus&amp;nbsp;
&lt;/td&gt;
      &lt;td style='height: 24px; width: 184px; font-weight: bold;' align='undefined' valign='undefined'&gt;Date&lt;/td&gt;
      &lt;td style='height: 24px; width: 291px;' align='undefined' valign='undefined'&gt;2011-10-05&amp;nbsp;
&lt;/td&gt;
    &lt;/tr&gt;
    &lt;tr&gt;
      &lt;td style='width: 184px; height: 26px; font-weight: bold;' align='undefined' valign='undefined'&gt;Deaths&lt;/td&gt;
      &lt;td style='width: 292px; height: 26px;' align='undefined' valign='undefined'&gt;1&amp;nbsp;
&lt;/td&gt;
      &lt;td style='height: 26px; width: 184px; font-weight: bold;' align='undefined' valign='undefined'&gt;Url&lt;/td&gt;
      &lt;td style='height: 26px; width: 291px;' align='undefined' valign='undefined'&gt;&lt;A href=' http://www.dispatch.com/content/stories/local/2011/10/06/swat-officers-kill-robbery-suspect.html'&gt;Link to News&amp;nbsp;&lt;/A&gt;
&lt;/td&gt;
    &lt;/tr&gt;
    &lt;tr&gt;
      &lt;td style='width: 184px; height: 90px; font-weight: bold;' align='undefined' valign='undefined'&gt;Description&lt;/td&gt;
      &lt;td colspan='3' rowspan='1' style='height: 90px; width: 291px;' align='undefined' valign='undefined'&gt;A man died last night on the North Side when he was shot by two Columbus police SWAT officers after an apparent armed robbery at a pizza shop.Police this morning identified the dead man as Michael A. Lloyd, 48.Lloyd was pronounced dead at the Donatos Pizza shop at 2769 Northland Plaza Dr,shortly after 9 p.m.&#xD;
&amp;nbsp;
&lt;/td&gt;
    &lt;/tr&gt;
  &lt;/tbody&gt;
&lt;/table&gt;</description>
                <styleUrl>#style1x93301</styleUrl>
                <Point>
                    <extrude xmlns:ns5="http://www.w3.org/2001/XMLSchema-instance" xmlns:ns6="http://www.w3.org/2001/XMLSchema" ns5:type="ns6:boolean">false</extrude>
                    <altitudeMode>clampToGround</altitudeMode>
                    <coordinates>-82.9451263,40.0877052</coordinates>
                </Point>
            </Placemark>
            <Placemark>
                <name>Philadelphia</name>
                <visibility xmlns:ns5="http://www.w3.org/2001/XMLSchema-instance" xmlns:ns6="http://www.w3.org/2001/XMLSchema" ns5:type="ns6:boolean">true</visibility>
                <open xmlns:ns5="http://www.w3.org/2001/XMLSchema-instance" xmlns:ns6="http://www.w3.org/2001/XMLSchema" ns5:type="ns6:boolean">true</open>
                <address>2001 Market Street,philadelphia,Pennsylvania,United States</address>
                <description>&lt;table style='text-align: left; width: 480px; height: 240px;' border='1' border-color='gray' border-style='solid' cellpadding='2' cellspacing='2'&gt;
&lt;tbody&gt;
    &lt;tr style='font-weight: bold;'&gt;
		&lt;td style='height: 78px; width: 184px;' align='undefined' valign='undefined'&gt;&lt;span style='font-weight: normal;'&gt;&lt;img src='http:\\www.razient.com\Razient\iconsgi\customer.png'/&gt;&lt;/span&gt;&lt;/td&gt;
		&lt;td colspan='3' rowspan='1' style='height: 78px; width: 291px;' align='undefined' valign='undefined'&gt;Name: Philadelphia&amp;nbsp;&lt;br&gt; Address: 2001 Market Street - philadelphia - Pennsylvania - United States&amp;nbsp;&lt;br&gt; Phone Number: &amp;nbsp;&lt;br&gt; Email: &amp;nbsp;&lt;br&gt; Primary Contact: &amp;nbsp;&lt;/td&gt;
    &lt;/tr&gt;
    &lt;tr&gt;
	   &lt;td colspan='3' rowspan='1' style='height: 0px; width: 291px;' align='undefined' valign='undefined'&gt;&amp;nbsp;&lt;/td&gt;
    &lt;/tr&gt;
  &lt;/tbody&gt;
&lt;/table&gt;</description>
                <styleUrl>#style0x70000</styleUrl>
                <Point>
                    <extrude xmlns:ns5="http://www.w3.org/2001/XMLSchema-instance" xmlns:ns6="http://www.w3.org/2001/XMLSchema" ns5:type="ns6:boolean">false</extrude>
                    <altitudeMode>clampToGround</altitudeMode>
                    <coordinates>-75.17356,39.953968</coordinates>
                </Point>
            </Placemark>
            <Placemark>
                <name> Incident :  2 dead, 2 wounded in North Philadelphia shooting</name>
                <visibility xmlns:ns5="http://www.w3.org/2001/XMLSchema-instance" xmlns:ns6="http://www.w3.org/2001/XMLSchema" ns5:type="ns6:boolean">true</visibility>
                <open xmlns:ns5="http://www.w3.org/2001/XMLSchema-instance" xmlns:ns6="http://www.w3.org/2001/XMLSchema" ns5:type="ns6:boolean">false</open>
                <description>&lt;table style='text-align: left; width: 480px; height: 240px;' border='1' border-color='gray' border-style='solid' cellpadding='2' cellspacing='2'&gt;
&lt;tbody&gt;
    &lt;tr style='font-weight: bold;'&gt;
		&lt;td style='height: 78px; width: 184px;' align='undefined' valign='undefined'&gt;&lt;span style='font-weight: normal;'&gt;&lt;img src='http:\\66.216.18.155\Razient\iconsgi\suppliers.gif'/&gt;&lt;/span&gt;&lt;/td&gt;
		&lt;td colspan='3' rowspan='1' style='height: 78px; width: 291px;' align='undefined' valign='undefined'&gt;Philadelphia&amp;nbsp;
2001 Market Street&amp;nbsp;&lt;/td&gt;
    &lt;/tr&gt;
    &lt;tr&gt;
      &lt;td style='height: 0px; width: 184px; text-align: left;' valign='undefined'&gt;&lt;span style='font-weight: bold;'&gt;Summary:&lt;/span&gt;&lt;/td&gt;
	   &lt;td colspan='3' rowspan='1' style='height: 0px; width: 291px;' align='undefined' valign='undefined'&gt; 2 dead, 2 wounded in North Philadelphia shooting&amp;nbsp;&lt;/td&gt;
    &lt;/tr&gt;
    &lt;tr&gt;
      &lt;td style='width: 184px; height: 26px; font-weight: bold;' align='undefined' valign='undefined'&gt;Country&lt;/td&gt;
      &lt;td style='width: 292px; height: 26px;' align='undefined' valign='undefined'&gt;United States&amp;nbsp;&lt;/td&gt;
      &lt;td style='height: 26px; width: 184px; font-weight: bold;' align='undefined' valign='undefined'&gt;Severity	&lt;/td&gt;
      &lt;td style='height: 26px; width: 291px;' align='undefined' valign='undefined'&gt;Medium&amp;nbsp;&lt;/td&gt;
    &lt;/tr&gt;
    &lt;tr&gt;
      &lt;td style='width: 184px; height: 30px; font-weight: bold;' align='undefined' valign='undefined'&gt;State&lt;/td&gt;
      &lt;td style='width: 292px; height: 30px;' align='undefined' valign='undefined'&gt;Pennsylvania&amp;nbsp;
&lt;/td&gt;
      &lt;td style='height: 30px; width: 184px; font-weight: bold;' align='undefined' valign='undefined'&gt;Type&lt;/td&gt;
      &lt;td style='height: 30px; width: 291px;' align='undefined' valign='undefined'&gt;Shooting&amp;nbsp;&lt;/td&gt;
    &lt;/tr&gt;
    &lt;tr&gt;
      &lt;td style='width: 184px; height: 24px; font-weight: bold;' align='undefined' valign='undefined'&gt;City&lt;/td&gt;
      &lt;td style='width: 292px; height: 24px;' align='undefined' valign='undefined'&gt;philadelphia&amp;nbsp;
&lt;/td&gt;
      &lt;td style='height: 24px; width: 184px; font-weight: bold;' align='undefined' valign='undefined'&gt;Date&lt;/td&gt;
      &lt;td style='height: 24px; width: 291px;' align='undefined' valign='undefined'&gt;2011-10-04&amp;nbsp;
&lt;/td&gt;
    &lt;/tr&gt;
    &lt;tr&gt;
      &lt;td style='width: 184px; height: 26px; font-weight: bold;' align='undefined' valign='undefined'&gt;Deaths&lt;/td&gt;
      &lt;td style='width: 292px; height: 26px;' align='undefined' valign='undefined'&gt;2&amp;nbsp;
&lt;/td&gt;
      &lt;td style='height: 26px; width: 184px; font-weight: bold;' align='undefined' valign='undefined'&gt;Url&lt;/td&gt;
      &lt;td style='height: 26px; width: 291px;' align='undefined' valign='undefined'&gt;&lt;A href=' http://abclocal.go.com/wpvi/story?section=news/crime&amp;id=8379150'&gt;Link to News&amp;nbsp;&lt;/A&gt;
&lt;/td&gt;
    &lt;/tr&gt;
    &lt;tr&gt;
      &lt;td style='width: 184px; height: 90px; font-weight: bold;' align='undefined' valign='undefined'&gt;Description&lt;/td&gt;
      &lt;td colspan='3' rowspan='1' style='height: 90px; width: 291px;' align='undefined' valign='undefined'&gt;Shell casings littered 8th Street near Indiana Avenue Tuesday night after Philadelphia police say three men and a woman were shot while standing on the sidewalk. A 37 yearold man was shot in the chest and died at the scene. A 36 yearold man was shot multiple times in the chest and passed away at Temple University Hospital&#xD;
&amp;nbsp;
&lt;/td&gt;
    &lt;/tr&gt;
  &lt;/tbody&gt;
&lt;/table&gt;</description>
                <styleUrl>#style1x93301</styleUrl>
                <Point>
                    <extrude xmlns:ns5="http://www.w3.org/2001/XMLSchema-instance" xmlns:ns6="http://www.w3.org/2001/XMLSchema" ns5:type="ns6:boolean">false</extrude>
                    <altitudeMode>clampToGround</altitudeMode>
                    <coordinates>-75.145684,39.9901433</coordinates>
                </Point>
            </Placemark>
            <Placemark>
                <name>Houston</name>
                <visibility xmlns:ns5="http://www.w3.org/2001/XMLSchema-instance" xmlns:ns6="http://www.w3.org/2001/XMLSchema" ns5:type="ns6:boolean">true</visibility>
                <open xmlns:ns5="http://www.w3.org/2001/XMLSchema-instance" xmlns:ns6="http://www.w3.org/2001/XMLSchema" ns5:type="ns6:boolean">true</open>
                <address>1201 Louisiana,houston,Texas,United States</address>
                <description>&lt;table style='text-align: left; width: 480px; height: 240px;' border='1' border-color='gray' border-style='solid' cellpadding='2' cellspacing='2'&gt;
&lt;tbody&gt;
    &lt;tr style='font-weight: bold;'&gt;
		&lt;td style='height: 78px; width: 184px;' align='undefined' valign='undefined'&gt;&lt;span style='font-weight: normal;'&gt;&lt;img src='http:\\www.razient.com\Razient\iconsgi\customer.png'/&gt;&lt;/span&gt;&lt;/td&gt;
		&lt;td colspan='3' rowspan='1' style='height: 78px; width: 291px;' align='undefined' valign='undefined'&gt;Name: Houston&amp;nbsp;&lt;br&gt; Address: 1201 Louisiana - houston - Texas - United States&amp;nbsp;&lt;br&gt; Phone Number: &amp;nbsp;&lt;br&gt; Email: &amp;nbsp;&lt;br&gt; Primary Contact: &amp;nbsp;&lt;/td&gt;
    &lt;/tr&gt;
    &lt;tr&gt;
	   &lt;td colspan='3' rowspan='1' style='height: 0px; width: 291px;' align='undefined' valign='undefined'&gt;&amp;nbsp;&lt;/td&gt;
    &lt;/tr&gt;
  &lt;/tbody&gt;
&lt;/table&gt;</description>
                <styleUrl>#style0x70000</styleUrl>
                <Point>
                    <extrude xmlns:ns5="http://www.w3.org/2001/XMLSchema-instance" xmlns:ns6="http://www.w3.org/2001/XMLSchema" ns5:type="ns6:boolean">false</extrude>
                    <altitudeMode>clampToGround</altitudeMode>
                    <coordinates>-95.36845,29.756573</coordinates>
                </Point>
            </Placemark>
            <Placemark>
                <name> Incident :  Dump truck hits Metro light rail</name>
                <visibility xmlns:ns5="http://www.w3.org/2001/XMLSchema-instance" xmlns:ns6="http://www.w3.org/2001/XMLSchema" ns5:type="ns6:boolean">true</visibility>
                <open xmlns:ns5="http://www.w3.org/2001/XMLSchema-instance" xmlns:ns6="http://www.w3.org/2001/XMLSchema" ns5:type="ns6:boolean">false</open>
                <description>&lt;table style='text-align: left; width: 480px; height: 240px;' border='1' border-color='gray' border-style='solid' cellpadding='2' cellspacing='2'&gt;
&lt;tbody&gt;
    &lt;tr style='font-weight: bold;'&gt;
		&lt;td style='height: 78px; width: 184px;' align='undefined' valign='undefined'&gt;&lt;span style='font-weight: normal;'&gt;&lt;img src='http:\\66.216.18.155\Razient\iconsgi\suppliers.gif'/&gt;&lt;/span&gt;&lt;/td&gt;
		&lt;td colspan='3' rowspan='1' style='height: 78px; width: 291px;' align='undefined' valign='undefined'&gt;Houston&amp;nbsp;
1201 Louisiana&amp;nbsp;&lt;/td&gt;
    &lt;/tr&gt;
    &lt;tr&gt;
      &lt;td style='height: 0px; width: 184px; text-align: left;' valign='undefined'&gt;&lt;span style='font-weight: bold;'&gt;Summary:&lt;/span&gt;&lt;/td&gt;
	   &lt;td colspan='3' rowspan='1' style='height: 0px; width: 291px;' align='undefined' valign='undefined'&gt; Dump truck hits Metro light rail&amp;nbsp;&lt;/td&gt;
    &lt;/tr&gt;
    &lt;tr&gt;
      &lt;td style='width: 184px; height: 26px; font-weight: bold;' align='undefined' valign='undefined'&gt;Country&lt;/td&gt;
      &lt;td style='width: 292px; height: 26px;' align='undefined' valign='undefined'&gt;United States&amp;nbsp;&lt;/td&gt;
      &lt;td style='height: 26px; width: 184px; font-weight: bold;' align='undefined' valign='undefined'&gt;Severity	&lt;/td&gt;
      &lt;td style='height: 26px; width: 291px;' align='undefined' valign='undefined'&gt;High&amp;nbsp;&lt;/td&gt;
    &lt;/tr&gt;
    &lt;tr&gt;
      &lt;td style='width: 184px; height: 30px; font-weight: bold;' align='undefined' valign='undefined'&gt;State&lt;/td&gt;
      &lt;td style='width: 292px; height: 30px;' align='undefined' valign='undefined'&gt;Texas&amp;nbsp;
&lt;/td&gt;
      &lt;td style='height: 30px; width: 184px; font-weight: bold;' align='undefined' valign='undefined'&gt;Type&lt;/td&gt;
      &lt;td style='height: 30px; width: 291px;' align='undefined' valign='undefined'&gt;Train Crash&amp;nbsp;&lt;/td&gt;
    &lt;/tr&gt;
    &lt;tr&gt;
      &lt;td style='width: 184px; height: 24px; font-weight: bold;' align='undefined' valign='undefined'&gt;City&lt;/td&gt;
      &lt;td style='width: 292px; height: 24px;' align='undefined' valign='undefined'&gt;houston&amp;nbsp;
&lt;/td&gt;
      &lt;td style='height: 24px; width: 184px; font-weight: bold;' align='undefined' valign='undefined'&gt;Date&lt;/td&gt;
      &lt;td style='height: 24px; width: 291px;' align='undefined' valign='undefined'&gt;2011-10-04&amp;nbsp;
&lt;/td&gt;
    &lt;/tr&gt;
    &lt;tr&gt;
      &lt;td style='width: 184px; height: 26px; font-weight: bold;' align='undefined' valign='undefined'&gt;Deaths&lt;/td&gt;
      &lt;td style='width: 292px; height: 26px;' align='undefined' valign='undefined'&gt;0&amp;nbsp;
&lt;/td&gt;
      &lt;td style='height: 26px; width: 184px; font-weight: bold;' align='undefined' valign='undefined'&gt;Url&lt;/td&gt;
      &lt;td style='height: 26px; width: 291px;' align='undefined' valign='undefined'&gt;&lt;A href=' http://blog.chron.com/newswatch/2011/10/metro-train-dump-truck-collide-downtown/'&gt;Link to News&amp;nbsp;&lt;/A&gt;
&lt;/td&gt;
    &lt;/tr&gt;
    &lt;tr&gt;
      &lt;td style='width: 184px; height: 90px; font-weight: bold;' align='undefined' valign='undefined'&gt;Description&lt;/td&gt;
      &lt;td colspan='3' rowspan='1' style='height: 90px; width: 291px;' align='undefined' valign='undefined'&gt; Fifteen people were treated for minor injuries Tuesday morning after a dump truck collided with a Metro light rail train downtown.The section of the train that was struck derailed, and the dump truck came to a rest on the sidewalk.&amp;nbsp;
&lt;/td&gt;
    &lt;/tr&gt;
  &lt;/tbody&gt;
&lt;/table&gt;</description>
                <styleUrl>#style4x93304</styleUrl>
                <Point>
                    <extrude xmlns:ns5="http://www.w3.org/2001/XMLSchema-instance" xmlns:ns6="http://www.w3.org/2001/XMLSchema" ns5:type="ns6:boolean">false</extrude>
                    <altitudeMode>clampToGround</altitudeMode>
                    <coordinates>-95.3631467,29.763693</coordinates>
                </Point>
            </Placemark>
            <Placemark>
                <name>Orlando</name>
                <visibility xmlns:ns5="http://www.w3.org/2001/XMLSchema-instance" xmlns:ns6="http://www.w3.org/2001/XMLSchema" ns5:type="ns6:boolean">true</visibility>
                <open xmlns:ns5="http://www.w3.org/2001/XMLSchema-instance" xmlns:ns6="http://www.w3.org/2001/XMLSchema" ns5:type="ns6:boolean">true</open>
                <address>420 South Orange Avenue,orlando,Florida,United States</address>
                <description>&lt;table style='text-align: left; width: 480px; height: 240px;' border='1' border-color='gray' border-style='solid' cellpadding='2' cellspacing='2'&gt;
&lt;tbody&gt;
    &lt;tr style='font-weight: bold;'&gt;
		&lt;td style='height: 78px; width: 184px;' align='undefined' valign='undefined'&gt;&lt;span style='font-weight: normal;'&gt;&lt;img src='http:\\www.razient.com\Razient\iconsgi\customer.png'/&gt;&lt;/span&gt;&lt;/td&gt;
		&lt;td colspan='3' rowspan='1' style='height: 78px; width: 291px;' align='undefined' valign='undefined'&gt;Name: Orlando&amp;nbsp;&lt;br&gt; Address: 420 South Orange Avenue - orlando - Florida - United States&amp;nbsp;&lt;br&gt; Phone Number: &amp;nbsp;&lt;br&gt; Email: &amp;nbsp;&lt;br&gt; Primary Contact: &amp;nbsp;&lt;/td&gt;
    &lt;/tr&gt;
    &lt;tr&gt;
	   &lt;td colspan='3' rowspan='1' style='height: 0px; width: 291px;' align='undefined' valign='undefined'&gt;&amp;nbsp;&lt;/td&gt;
    &lt;/tr&gt;
  &lt;/tbody&gt;
&lt;/table&gt;</description>
                <styleUrl>#style0x70000</styleUrl>
                <Point>
                    <extrude xmlns:ns5="http://www.w3.org/2001/XMLSchema-instance" xmlns:ns6="http://www.w3.org/2001/XMLSchema" ns5:type="ns6:boolean">false</extrude>
                    <altitudeMode>clampToGround</altitudeMode>
                    <coordinates>-81.379745,28.538141</coordinates>
                </Point>
            </Placemark>
            <Placemark>
                <name> Incident :  Two bodies found in Orlando home</name>
                <visibility xmlns:ns5="http://www.w3.org/2001/XMLSchema-instance" xmlns:ns6="http://www.w3.org/2001/XMLSchema" ns5:type="ns6:boolean">true</visibility>
                <open xmlns:ns5="http://www.w3.org/2001/XMLSchema-instance" xmlns:ns6="http://www.w3.org/2001/XMLSchema" ns5:type="ns6:boolean">false</open>
                <description>&lt;table style='text-align: left; width: 480px; height: 240px;' border='1' border-color='gray' border-style='solid' cellpadding='2' cellspacing='2'&gt;
&lt;tbody&gt;
    &lt;tr style='font-weight: bold;'&gt;
		&lt;td style='height: 78px; width: 184px;' align='undefined' valign='undefined'&gt;&lt;span style='font-weight: normal;'&gt;&lt;img src='http:\\66.216.18.155\Razient\iconsgi\suppliers.gif'/&gt;&lt;/span&gt;&lt;/td&gt;
		&lt;td colspan='3' rowspan='1' style='height: 78px; width: 291px;' align='undefined' valign='undefined'&gt;Orlando&amp;nbsp;
420 South Orange Avenue&amp;nbsp;&lt;/td&gt;
    &lt;/tr&gt;
    &lt;tr&gt;
      &lt;td style='height: 0px; width: 184px; text-align: left;' valign='undefined'&gt;&lt;span style='font-weight: bold;'&gt;Summary:&lt;/span&gt;&lt;/td&gt;
	   &lt;td colspan='3' rowspan='1' style='height: 0px; width: 291px;' align='undefined' valign='undefined'&gt; Two bodies found in Orlando home&amp;nbsp;&lt;/td&gt;
    &lt;/tr&gt;
    &lt;tr&gt;
      &lt;td style='width: 184px; height: 26px; font-weight: bold;' align='undefined' valign='undefined'&gt;Country&lt;/td&gt;
      &lt;td style='width: 292px; height: 26px;' align='undefined' valign='undefined'&gt;United States&amp;nbsp;&lt;/td&gt;
      &lt;td style='height: 26px; width: 184px; font-weight: bold;' align='undefined' valign='undefined'&gt;Severity	&lt;/td&gt;
      &lt;td style='height: 26px; width: 291px;' align='undefined' valign='undefined'&gt;Low&amp;nbsp;&lt;/td&gt;
    &lt;/tr&gt;
    &lt;tr&gt;
      &lt;td style='width: 184px; height: 30px; font-weight: bold;' align='undefined' valign='undefined'&gt;State&lt;/td&gt;
      &lt;td style='width: 292px; height: 30px;' align='undefined' valign='undefined'&gt;Florida&amp;nbsp;
&lt;/td&gt;
      &lt;td style='height: 30px; width: 184px; font-weight: bold;' align='undefined' valign='undefined'&gt;Type&lt;/td&gt;
      &lt;td style='height: 30px; width: 291px;' align='undefined' valign='undefined'&gt;Bodies Found&amp;nbsp;&lt;/td&gt;
    &lt;/tr&gt;
    &lt;tr&gt;
      &lt;td style='width: 184px; height: 24px; font-weight: bold;' align='undefined' valign='undefined'&gt;City&lt;/td&gt;
      &lt;td style='width: 292px; height: 24px;' align='undefined' valign='undefined'&gt;orlando&amp;nbsp;
&lt;/td&gt;
      &lt;td style='height: 24px; width: 184px; font-weight: bold;' align='undefined' valign='undefined'&gt;Date&lt;/td&gt;
      &lt;td style='height: 24px; width: 291px;' align='undefined' valign='undefined'&gt;2011-10-03&amp;nbsp;
&lt;/td&gt;
    &lt;/tr&gt;
    &lt;tr&gt;
      &lt;td style='width: 184px; height: 26px; font-weight: bold;' align='undefined' valign='undefined'&gt;Deaths&lt;/td&gt;
      &lt;td style='width: 292px; height: 26px;' align='undefined' valign='undefined'&gt;2&amp;nbsp;
&lt;/td&gt;
      &lt;td style='height: 26px; width: 184px; font-weight: bold;' align='undefined' valign='undefined'&gt;Url&lt;/td&gt;
      &lt;td style='height: 26px; width: 291px;' align='undefined' valign='undefined'&gt;&lt;A href=' http://www.nypost.com/p/news/national/two_bodies_found_in_orlando_home_vMa0Kn7Vop4yDVs2ZEKURI'&gt;Link to News&amp;nbsp;&lt;/A&gt;
&lt;/td&gt;
    &lt;/tr&gt;
    &lt;tr&gt;
      &lt;td style='width: 184px; height: 90px; font-weight: bold;' align='undefined' valign='undefined'&gt;Description&lt;/td&gt;
      &lt;td colspan='3' rowspan='1' style='height: 90px; width: 291px;' align='undefined' valign='undefined'&gt;Police were investigating Monday after two bodies were found inside an Orlando home, Central Florida News 13 reported.Orange County deputies arrived at the home at around 1030am Monday and were met outside by a distraught relative of the victims.&#xD;
&amp;nbsp;
&lt;/td&gt;
    &lt;/tr&gt;
  &lt;/tbody&gt;
&lt;/table&gt;</description>
                <styleUrl>#style34x93334</styleUrl>
                <Point>
                    <extrude xmlns:ns5="http://www.w3.org/2001/XMLSchema-instance" xmlns:ns6="http://www.w3.org/2001/XMLSchema" ns5:type="ns6:boolean">false</extrude>
                    <altitudeMode>clampToGround</altitudeMode>
                    <coordinates>-81.3792365,28.5383355</coordinates>
                </Point>
            </Placemark>
            <Placemark>
                <name>Columbus</name>
                <visibility xmlns:ns5="http://www.w3.org/2001/XMLSchema-instance" xmlns:ns6="http://www.w3.org/2001/XMLSchema" ns5:type="ns6:boolean">true</visibility>
                <open xmlns:ns5="http://www.w3.org/2001/XMLSchema-instance" xmlns:ns6="http://www.w3.org/2001/XMLSchema" ns5:type="ns6:boolean">true</open>
                <address>41 South High Street,columbus,Ohio,United States</address>
                <description>&lt;table style='text-align: left; width: 480px; height: 240px;' border='1' border-color='gray' border-style='solid' cellpadding='2' cellspacing='2'&gt;
&lt;tbody&gt;
    &lt;tr style='font-weight: bold;'&gt;
		&lt;td style='height: 78px; width: 184px;' align='undefined' valign='undefined'&gt;&lt;span style='font-weight: normal;'&gt;&lt;img src='http:\\www.razient.com\Razient\iconsgi\customer.png'/&gt;&lt;/span&gt;&lt;/td&gt;
		&lt;td colspan='3' rowspan='1' style='height: 78px; width: 291px;' align='undefined' valign='undefined'&gt;Name: Columbus&amp;nbsp;&lt;br&gt; Address: 41 South High Street - columbus - Ohio - United States&amp;nbsp;&lt;br&gt; Phone Number: &amp;nbsp;&lt;br&gt; Email: &amp;nbsp;&lt;br&gt; Primary Contact: &amp;nbsp;&lt;/td&gt;
    &lt;/tr&gt;
    &lt;tr&gt;
	   &lt;td colspan='3' rowspan='1' style='height: 0px; width: 291px;' align='undefined' valign='undefined'&gt;&amp;nbsp;&lt;/td&gt;
    &lt;/tr&gt;
  &lt;/tbody&gt;
&lt;/table&gt;</description>
                <styleUrl>#style0x70000</styleUrl>
                <Point>
                    <extrude xmlns:ns5="http://www.w3.org/2001/XMLSchema-instance" xmlns:ns6="http://www.w3.org/2001/XMLSchema" ns5:type="ns6:boolean">false</extrude>
                    <altitudeMode>clampToGround</altitudeMode>
                    <coordinates>-83.00052,39.961166</coordinates>
                </Point>
            </Placemark>
            <Placemark>
                <name> Incident :  Drivers Killed In Head-On Collision On I-70 Not Identified</name>
                <visibility xmlns:ns5="http://www.w3.org/2001/XMLSchema-instance" xmlns:ns6="http://www.w3.org/2001/XMLSchema" ns5:type="ns6:boolean">true</visibility>
                <open xmlns:ns5="http://www.w3.org/2001/XMLSchema-instance" xmlns:ns6="http://www.w3.org/2001/XMLSchema" ns5:type="ns6:boolean">false</open>
                <description>&lt;table style='text-align: left; width: 480px; height: 240px;' border='1' border-color='gray' border-style='solid' cellpadding='2' cellspacing='2'&gt;
&lt;tbody&gt;
    &lt;tr style='font-weight: bold;'&gt;
		&lt;td style='height: 78px; width: 184px;' align='undefined' valign='undefined'&gt;&lt;span style='font-weight: normal;'&gt;&lt;img src='http:\\66.216.18.155\Razient\iconsgi\suppliers.gif'/&gt;&lt;/span&gt;&lt;/td&gt;
		&lt;td colspan='3' rowspan='1' style='height: 78px; width: 291px;' align='undefined' valign='undefined'&gt;Columbus&amp;nbsp;
41 South High Street&amp;nbsp;&lt;/td&gt;
    &lt;/tr&gt;
    &lt;tr&gt;
      &lt;td style='height: 0px; width: 184px; text-align: left;' valign='undefined'&gt;&lt;span style='font-weight: bold;'&gt;Summary:&lt;/span&gt;&lt;/td&gt;
	   &lt;td colspan='3' rowspan='1' style='height: 0px; width: 291px;' align='undefined' valign='undefined'&gt; Drivers Killed In Head-On Collision On I-70 Not Identified&amp;nbsp;&lt;/td&gt;
    &lt;/tr&gt;
    &lt;tr&gt;
      &lt;td style='width: 184px; height: 26px; font-weight: bold;' align='undefined' valign='undefined'&gt;Country&lt;/td&gt;
      &lt;td style='width: 292px; height: 26px;' align='undefined' valign='undefined'&gt;United States&amp;nbsp;&lt;/td&gt;
      &lt;td style='height: 26px; width: 184px; font-weight: bold;' align='undefined' valign='undefined'&gt;Severity	&lt;/td&gt;
      &lt;td style='height: 26px; width: 291px;' align='undefined' valign='undefined'&gt;Medium&amp;nbsp;&lt;/td&gt;
    &lt;/tr&gt;
    &lt;tr&gt;
      &lt;td style='width: 184px; height: 30px; font-weight: bold;' align='undefined' valign='undefined'&gt;State&lt;/td&gt;
      &lt;td style='width: 292px; height: 30px;' align='undefined' valign='undefined'&gt;Ohio&amp;nbsp;
&lt;/td&gt;
      &lt;td style='height: 30px; width: 184px; font-weight: bold;' align='undefined' valign='undefined'&gt;Type&lt;/td&gt;
      &lt;td style='height: 30px; width: 291px;' align='undefined' valign='undefined'&gt;Collision&amp;nbsp;&lt;/td&gt;
    &lt;/tr&gt;
    &lt;tr&gt;
      &lt;td style='width: 184px; height: 24px; font-weight: bold;' align='undefined' valign='undefined'&gt;City&lt;/td&gt;
      &lt;td style='width: 292px; height: 24px;' align='undefined' valign='undefined'&gt;columbus&amp;nbsp;
&lt;/td&gt;
      &lt;td style='height: 24px; width: 184px; font-weight: bold;' align='undefined' valign='undefined'&gt;Date&lt;/td&gt;
      &lt;td style='height: 24px; width: 291px;' align='undefined' valign='undefined'&gt;2011-10-03&amp;nbsp;
&lt;/td&gt;
    &lt;/tr&gt;
    &lt;tr&gt;
      &lt;td style='width: 184px; height: 26px; font-weight: bold;' align='undefined' valign='undefined'&gt;Deaths&lt;/td&gt;
      &lt;td style='width: 292px; height: 26px;' align='undefined' valign='undefined'&gt;2&amp;nbsp;
&lt;/td&gt;
      &lt;td style='height: 26px; width: 184px; font-weight: bold;' align='undefined' valign='undefined'&gt;Url&lt;/td&gt;
      &lt;td style='height: 26px; width: 291px;' align='undefined' valign='undefined'&gt;&lt;A href=' http://www2.nbc4i.com/news/2011/oct/04/2/drivers-killed-head-collision-i-70-not-identfied-ar-770233/'&gt;Link to News&amp;nbsp;&lt;/A&gt;
&lt;/td&gt;
    &lt;/tr&gt;
    &lt;tr&gt;
      &lt;td style='width: 184px; height: 90px; font-weight: bold;' align='undefined' valign='undefined'&gt;Description&lt;/td&gt;
      &lt;td colspan='3' rowspan='1' style='height: 90px; width: 291px;' align='undefined' valign='undefined'&gt;Crash investigators still are working to identify two male drivers who were killed in a head-on crash on I70 Monday night.&#xD;
Crash cleanup and investigation took several hours, closing and restricting East Side freeways and ramps&amp;nbsp;
&lt;/td&gt;
    &lt;/tr&gt;
  &lt;/tbody&gt;
&lt;/table&gt;</description>
                <styleUrl>#style29x93329</styleUrl>
                <Point>
                    <extrude xmlns:ns5="http://www.w3.org/2001/XMLSchema-instance" xmlns:ns6="http://www.w3.org/2001/XMLSchema" ns5:type="ns6:boolean">false</extrude>
                    <altitudeMode>clampToGround</altitudeMode>
                    <coordinates>-94.61195520000001,39.1182577</coordinates>
                </Point>
            </Placemark>
            <Placemark>
                <name>Hartford</name>
                <visibility xmlns:ns5="http://www.w3.org/2001/XMLSchema-instance" xmlns:ns6="http://www.w3.org/2001/XMLSchema" ns5:type="ns6:boolean">true</visibility>
                <open xmlns:ns5="http://www.w3.org/2001/XMLSchema-instance" xmlns:ns6="http://www.w3.org/2001/XMLSchema" ns5:type="ns6:boolean">true</open>
                <address>185 Asylum Street,hartford,Connecticut,United States</address>
                <description>&lt;table style='text-align: left; width: 480px; height: 240px;' border='1' border-color='gray' border-style='solid' cellpadding='2' cellspacing='2'&gt;
&lt;tbody&gt;
    &lt;tr style='font-weight: bold;'&gt;
		&lt;td style='height: 78px; width: 184px;' align='undefined' valign='undefined'&gt;&lt;span style='font-weight: normal;'&gt;&lt;img src='http:\\www.razient.com\Razient\iconsgi\customer.png'/&gt;&lt;/span&gt;&lt;/td&gt;
		&lt;td colspan='3' rowspan='1' style='height: 78px; width: 291px;' align='undefined' valign='undefined'&gt;Name: Hartford&amp;nbsp;&lt;br&gt; Address: 185 Asylum Street - hartford - Connecticut - United States&amp;nbsp;&lt;br&gt; Phone Number: &amp;nbsp;&lt;br&gt; Email: &amp;nbsp;&lt;br&gt; Primary Contact: &amp;nbsp;&lt;/td&gt;
    &lt;/tr&gt;
    &lt;tr&gt;
	   &lt;td colspan='3' rowspan='1' style='height: 0px; width: 291px;' align='undefined' valign='undefined'&gt;&amp;nbsp;&lt;/td&gt;
    &lt;/tr&gt;
  &lt;/tbody&gt;
&lt;/table&gt;</description>
                <styleUrl>#style0x70000</styleUrl>
                <Point>
                    <extrude xmlns:ns5="http://www.w3.org/2001/XMLSchema-instance" xmlns:ns6="http://www.w3.org/2001/XMLSchema" ns5:type="ns6:boolean">false</extrude>
                    <altitudeMode>clampToGround</altitudeMode>
                    <coordinates>-72.676155,41.766903</coordinates>
                </Point>
            </Placemark>
            <Placemark>
                <name> Incident :  Residence Inn Evacuated</name>
                <visibility xmlns:ns5="http://www.w3.org/2001/XMLSchema-instance" xmlns:ns6="http://www.w3.org/2001/XMLSchema" ns5:type="ns6:boolean">true</visibility>
                <open xmlns:ns5="http://www.w3.org/2001/XMLSchema-instance" xmlns:ns6="http://www.w3.org/2001/XMLSchema" ns5:type="ns6:boolean">false</open>
                <description>&lt;table style='text-align: left; width: 480px; height: 240px;' border='1' border-color='gray' border-style='solid' cellpadding='2' cellspacing='2'&gt;
&lt;tbody&gt;
    &lt;tr style='font-weight: bold;'&gt;
		&lt;td style='height: 78px; width: 184px;' align='undefined' valign='undefined'&gt;&lt;span style='font-weight: normal;'&gt;&lt;img src='http:\\66.216.18.155\Razient\iconsgi\suppliers.gif'/&gt;&lt;/span&gt;&lt;/td&gt;
		&lt;td colspan='3' rowspan='1' style='height: 78px; width: 291px;' align='undefined' valign='undefined'&gt;Hartford&amp;nbsp;
185 Asylum Street&amp;nbsp;&lt;/td&gt;
    &lt;/tr&gt;
    &lt;tr&gt;
      &lt;td style='height: 0px; width: 184px; text-align: left;' valign='undefined'&gt;&lt;span style='font-weight: bold;'&gt;Summary:&lt;/span&gt;&lt;/td&gt;
	   &lt;td colspan='3' rowspan='1' style='height: 0px; width: 291px;' align='undefined' valign='undefined'&gt; Residence Inn Evacuated&amp;nbsp;&lt;/td&gt;
    &lt;/tr&gt;
    &lt;tr&gt;
      &lt;td style='width: 184px; height: 26px; font-weight: bold;' align='undefined' valign='undefined'&gt;Country&lt;/td&gt;
      &lt;td style='width: 292px; height: 26px;' align='undefined' valign='undefined'&gt;United States&amp;nbsp;&lt;/td&gt;
      &lt;td style='height: 26px; width: 184px; font-weight: bold;' align='undefined' valign='undefined'&gt;Severity	&lt;/td&gt;
      &lt;td style='height: 26px; width: 291px;' align='undefined' valign='undefined'&gt;Low&amp;nbsp;&lt;/td&gt;
    &lt;/tr&gt;
    &lt;tr&gt;
      &lt;td style='width: 184px; height: 30px; font-weight: bold;' align='undefined' valign='undefined'&gt;State&lt;/td&gt;
      &lt;td style='width: 292px; height: 30px;' align='undefined' valign='undefined'&gt;Connecticut&amp;nbsp;
&lt;/td&gt;
      &lt;td style='height: 30px; width: 184px; font-weight: bold;' align='undefined' valign='undefined'&gt;Type&lt;/td&gt;
      &lt;td style='height: 30px; width: 291px;' align='undefined' valign='undefined'&gt;Evacuation&amp;nbsp;&lt;/td&gt;
    &lt;/tr&gt;
    &lt;tr&gt;
      &lt;td style='width: 184px; height: 24px; font-weight: bold;' align='undefined' valign='undefined'&gt;City&lt;/td&gt;
      &lt;td style='width: 292px; height: 24px;' align='undefined' valign='undefined'&gt;hartford&amp;nbsp;
&lt;/td&gt;
      &lt;td style='height: 24px; width: 184px; font-weight: bold;' align='undefined' valign='undefined'&gt;Date&lt;/td&gt;
      &lt;td style='height: 24px; width: 291px;' align='undefined' valign='undefined'&gt;2011-10-02&amp;nbsp;
&lt;/td&gt;
    &lt;/tr&gt;
    &lt;tr&gt;
      &lt;td style='width: 184px; height: 26px; font-weight: bold;' align='undefined' valign='undefined'&gt;Deaths&lt;/td&gt;
      &lt;td style='width: 292px; height: 26px;' align='undefined' valign='undefined'&gt;0&amp;nbsp;
&lt;/td&gt;
      &lt;td style='height: 26px; width: 184px; font-weight: bold;' align='undefined' valign='undefined'&gt;Url&lt;/td&gt;
      &lt;td style='height: 26px; width: 291px;' align='undefined' valign='undefined'&gt;&lt;A href=' http://articles.courant.com/2011-10-02/community/hc-hartford-hotel-evacuation-1003-20111002_1_chlorine-gas-chemical-reaction-hazmat-team'&gt;Link to News&amp;nbsp;&lt;/A&gt;
&lt;/td&gt;
    &lt;/tr&gt;
    &lt;tr&gt;
      &lt;td style='width: 184px; height: 90px; font-weight: bold;' align='undefined' valign='undefined'&gt;Description&lt;/td&gt;
      &lt;td colspan='3' rowspan='1' style='height: 90px; width: 291px;' align='undefined' valign='undefined'&gt; The Marriott Residence Inn in Hartford was evacuated this morning after a small of chlorine gas escaped, state Department of Energy and Environmental Protection officials said.&amp;nbsp;
&lt;/td&gt;
    &lt;/tr&gt;
  &lt;/tbody&gt;
&lt;/table&gt;</description>
                <styleUrl>#style18x93318</styleUrl>
                <Point>
                    <extrude xmlns:ns5="http://www.w3.org/2001/XMLSchema-instance" xmlns:ns6="http://www.w3.org/2001/XMLSchema" ns5:type="ns6:boolean">false</extrude>
                    <altitudeMode>clampToGround</altitudeMode>
                    <coordinates>-72.6685604,41.7723401</coordinates>
                </Point>
            </Placemark>
            <Placemark>
                <name>Atlanta</name>
                <visibility xmlns:ns5="http://www.w3.org/2001/XMLSchema-instance" xmlns:ns6="http://www.w3.org/2001/XMLSchema" ns5:type="ns6:boolean">true</visibility>
                <open xmlns:ns5="http://www.w3.org/2001/XMLSchema-instance" xmlns:ns6="http://www.w3.org/2001/XMLSchema" ns5:type="ns6:boolean">true</open>
                <address>10 Tenth Street,atlanta,Georgia,United States</address>
                <description>&lt;table style='text-align: left; width: 480px; height: 240px;' border='1' border-color='gray' border-style='solid' cellpadding='2' cellspacing='2'&gt;
&lt;tbody&gt;
    &lt;tr style='font-weight: bold;'&gt;
		&lt;td style='height: 78px; width: 184px;' align='undefined' valign='undefined'&gt;&lt;span style='font-weight: normal;'&gt;&lt;img src='http:\\www.razient.com\Razient\iconsgi\customer.png'/&gt;&lt;/span&gt;&lt;/td&gt;
		&lt;td colspan='3' rowspan='1' style='height: 78px; width: 291px;' align='undefined' valign='undefined'&gt;Name: Atlanta&amp;nbsp;&lt;br&gt; Address: 10 Tenth Street - atlanta - Georgia - United States&amp;nbsp;&lt;br&gt; Phone Number: &amp;nbsp;&lt;br&gt; Email: &amp;nbsp;&lt;br&gt; Primary Contact: &amp;nbsp;&lt;/td&gt;
    &lt;/tr&gt;
    &lt;tr&gt;
	   &lt;td colspan='3' rowspan='1' style='height: 0px; width: 291px;' align='undefined' valign='undefined'&gt;&amp;nbsp;&lt;/td&gt;
    &lt;/tr&gt;
  &lt;/tbody&gt;
&lt;/table&gt;</description>
                <styleUrl>#style0x70000</styleUrl>
                <Point>
                    <extrude xmlns:ns5="http://www.w3.org/2001/XMLSchema-instance" xmlns:ns6="http://www.w3.org/2001/XMLSchema" ns5:type="ns6:boolean">false</extrude>
                    <altitudeMode>clampToGround</altitudeMode>
                    <coordinates>-84.387566,33.781727</coordinates>
                </Point>
            </Placemark>
            <Placemark>
                <name> Incident :  Power outage halts airport passenger trains</name>
                <visibility xmlns:ns5="http://www.w3.org/2001/XMLSchema-instance" xmlns:ns6="http://www.w3.org/2001/XMLSchema" ns5:type="ns6:boolean">true</visibility>
                <open xmlns:ns5="http://www.w3.org/2001/XMLSchema-instance" xmlns:ns6="http://www.w3.org/2001/XMLSchema" ns5:type="ns6:boolean">false</open>
                <description>&lt;table style='text-align: left; width: 480px; height: 240px;' border='1' border-color='gray' border-style='solid' cellpadding='2' cellspacing='2'&gt;
&lt;tbody&gt;
    &lt;tr style='font-weight: bold;'&gt;
		&lt;td style='height: 78px; width: 184px;' align='undefined' valign='undefined'&gt;&lt;span style='font-weight: normal;'&gt;&lt;img src='http:\\66.216.18.155\Razient\iconsgi\suppliers.gif'/&gt;&lt;/span&gt;&lt;/td&gt;
		&lt;td colspan='3' rowspan='1' style='height: 78px; width: 291px;' align='undefined' valign='undefined'&gt;Atlanta&amp;nbsp;
10 Tenth Street&amp;nbsp;&lt;/td&gt;
    &lt;/tr&gt;
    &lt;tr&gt;
      &lt;td style='height: 0px; width: 184px; text-align: left;' valign='undefined'&gt;&lt;span style='font-weight: bold;'&gt;Summary:&lt;/span&gt;&lt;/td&gt;
	   &lt;td colspan='3' rowspan='1' style='height: 0px; width: 291px;' align='undefined' valign='undefined'&gt; Power outage halts airport passenger trains&amp;nbsp;&lt;/td&gt;
    &lt;/tr&gt;
    &lt;tr&gt;
      &lt;td style='width: 184px; height: 26px; font-weight: bold;' align='undefined' valign='undefined'&gt;Country&lt;/td&gt;
      &lt;td style='width: 292px; height: 26px;' align='undefined' valign='undefined'&gt;United States&amp;nbsp;&lt;/td&gt;
      &lt;td style='height: 26px; width: 184px; font-weight: bold;' align='undefined' valign='undefined'&gt;Severity	&lt;/td&gt;
      &lt;td style='height: 26px; width: 291px;' align='undefined' valign='undefined'&gt;Medium&amp;nbsp;&lt;/td&gt;
    &lt;/tr&gt;
    &lt;tr&gt;
      &lt;td style='width: 184px; height: 30px; font-weight: bold;' align='undefined' valign='undefined'&gt;State&lt;/td&gt;
      &lt;td style='width: 292px; height: 30px;' align='undefined' valign='undefined'&gt;Georgia&amp;nbsp;
&lt;/td&gt;
      &lt;td style='height: 30px; width: 184px; font-weight: bold;' align='undefined' valign='undefined'&gt;Type&lt;/td&gt;
      &lt;td style='height: 30px; width: 291px;' align='undefined' valign='undefined'&gt;Power Outage&amp;nbsp;&lt;/td&gt;
    &lt;/tr&gt;
    &lt;tr&gt;
      &lt;td style='width: 184px; height: 24px; font-weight: bold;' align='undefined' valign='undefined'&gt;City&lt;/td&gt;
      &lt;td style='width: 292px; height: 24px;' align='undefined' valign='undefined'&gt;atlanta&amp;nbsp;
&lt;/td&gt;
      &lt;td style='height: 24px; width: 184px; font-weight: bold;' align='undefined' valign='undefined'&gt;Date&lt;/td&gt;
      &lt;td style='height: 24px; width: 291px;' align='undefined' valign='undefined'&gt;2011-10-02&amp;nbsp;
&lt;/td&gt;
    &lt;/tr&gt;
    &lt;tr&gt;
      &lt;td style='width: 184px; height: 26px; font-weight: bold;' align='undefined' valign='undefined'&gt;Deaths&lt;/td&gt;
      &lt;td style='width: 292px; height: 26px;' align='undefined' valign='undefined'&gt;0&amp;nbsp;
&lt;/td&gt;
      &lt;td style='height: 26px; width: 184px; font-weight: bold;' align='undefined' valign='undefined'&gt;Url&lt;/td&gt;
      &lt;td style='height: 26px; width: 291px;' align='undefined' valign='undefined'&gt;&lt;A href=' http://www.ajc.com/news/atlanta/power-outage-halts-airport-1192913.html'&gt;Link to News&amp;nbsp;&lt;/A&gt;
&lt;/td&gt;
    &lt;/tr&gt;
    &lt;tr&gt;
      &lt;td style='width: 184px; height: 90px; font-weight: bold;' align='undefined' valign='undefined'&gt;Description&lt;/td&gt;
      &lt;td colspan='3' rowspan='1' style='height: 90px; width: 291px;' align='undefined' valign='undefined'&gt; An early morning power outage brought trains that transport airline passengers to and from the various concourses at Hartsfield-Jackson International Airport to a halt.&amp;nbsp;
&lt;/td&gt;
    &lt;/tr&gt;
  &lt;/tbody&gt;
&lt;/table&gt;</description>
                <styleUrl>#style25x93325</styleUrl>
                <Point>
                    <extrude xmlns:ns5="http://www.w3.org/2001/XMLSchema-instance" xmlns:ns6="http://www.w3.org/2001/XMLSchema" ns5:type="ns6:boolean">false</extrude>
                    <altitudeMode>clampToGround</altitudeMode>
                    <coordinates>-84.43953200000001,33.644475</coordinates>
                </Point>
            </Placemark>
            <Placemark>
                <name>Phoenix</name>
                <visibility xmlns:ns5="http://www.w3.org/2001/XMLSchema-instance" xmlns:ns6="http://www.w3.org/2001/XMLSchema" ns5:type="ns6:boolean">true</visibility>
                <open xmlns:ns5="http://www.w3.org/2001/XMLSchema-instance" xmlns:ns6="http://www.w3.org/2001/XMLSchema" ns5:type="ns6:boolean">true</open>
                <address>1850 North Central Avenue,phoenix,Arizona,United States</address>
                <description>&lt;table style='text-align: left; width: 480px; height: 240px;' border='1' border-color='gray' border-style='solid' cellpadding='2' cellspacing='2'&gt;
&lt;tbody&gt;
    &lt;tr style='font-weight: bold;'&gt;
		&lt;td style='height: 78px; width: 184px;' align='undefined' valign='undefined'&gt;&lt;span style='font-weight: normal;'&gt;&lt;img src='http:\\www.razient.com\Razient\iconsgi\customer.png'/&gt;&lt;/span&gt;&lt;/td&gt;
		&lt;td colspan='3' rowspan='1' style='height: 78px; width: 291px;' align='undefined' valign='undefined'&gt;Name: Phoenix&amp;nbsp;&lt;br&gt; Address: 1850 North Central Avenue - phoenix - Arizona - United States&amp;nbsp;&lt;br&gt; Phone Number: &amp;nbsp;&lt;br&gt; Email: &amp;nbsp;&lt;br&gt; Primary Contact: &amp;nbsp;&lt;/td&gt;
    &lt;/tr&gt;
    &lt;tr&gt;
	   &lt;td colspan='3' rowspan='1' style='height: 0px; width: 291px;' align='undefined' valign='undefined'&gt;&amp;nbsp;&lt;/td&gt;
    &lt;/tr&gt;
  &lt;/tbody&gt;
&lt;/table&gt;</description>
                <styleUrl>#style0x70000</styleUrl>
                <Point>
                    <extrude xmlns:ns5="http://www.w3.org/2001/XMLSchema-instance" xmlns:ns6="http://www.w3.org/2001/XMLSchema" ns5:type="ns6:boolean">false</extrude>
                    <altitudeMode>clampToGround</altitudeMode>
                    <coordinates>-112.07432,33.468987</coordinates>
                </Point>
            </Placemark>
            <Placemark>
                <name> Incident :  Power outage at Sky Harbor terminal</name>
                <visibility xmlns:ns5="http://www.w3.org/2001/XMLSchema-instance" xmlns:ns6="http://www.w3.org/2001/XMLSchema" ns5:type="ns6:boolean">true</visibility>
                <open xmlns:ns5="http://www.w3.org/2001/XMLSchema-instance" xmlns:ns6="http://www.w3.org/2001/XMLSchema" ns5:type="ns6:boolean">false</open>
                <description>&lt;table style='text-align: left; width: 480px; height: 240px;' border='1' border-color='gray' border-style='solid' cellpadding='2' cellspacing='2'&gt;
&lt;tbody&gt;
    &lt;tr style='font-weight: bold;'&gt;
		&lt;td style='height: 78px; width: 184px;' align='undefined' valign='undefined'&gt;&lt;span style='font-weight: normal;'&gt;&lt;img src='http:\\66.216.18.155\Razient\iconsgi\suppliers.gif'/&gt;&lt;/span&gt;&lt;/td&gt;
		&lt;td colspan='3' rowspan='1' style='height: 78px; width: 291px;' align='undefined' valign='undefined'&gt;Phoenix&amp;nbsp;
1850 North Central Avenue&amp;nbsp;&lt;/td&gt;
    &lt;/tr&gt;
    &lt;tr&gt;
      &lt;td style='height: 0px; width: 184px; text-align: left;' valign='undefined'&gt;&lt;span style='font-weight: bold;'&gt;Summary:&lt;/span&gt;&lt;/td&gt;
	   &lt;td colspan='3' rowspan='1' style='height: 0px; width: 291px;' align='undefined' valign='undefined'&gt; Power outage at Sky Harbor terminal&amp;nbsp;&lt;/td&gt;
    &lt;/tr&gt;
    &lt;tr&gt;
      &lt;td style='width: 184px; height: 26px; font-weight: bold;' align='undefined' valign='undefined'&gt;Country&lt;/td&gt;
      &lt;td style='width: 292px; height: 26px;' align='undefined' valign='undefined'&gt;United States&amp;nbsp;&lt;/td&gt;
      &lt;td style='height: 26px; width: 184px; font-weight: bold;' align='undefined' valign='undefined'&gt;Severity	&lt;/td&gt;
      &lt;td style='height: 26px; width: 291px;' align='undefined' valign='undefined'&gt;Medium&amp;nbsp;&lt;/td&gt;
    &lt;/tr&gt;
    &lt;tr&gt;
      &lt;td style='width: 184px; height: 30px; font-weight: bold;' align='undefined' valign='undefined'&gt;State&lt;/td&gt;
      &lt;td style='width: 292px; height: 30px;' align='undefined' valign='undefined'&gt;Arizona&amp;nbsp;
&lt;/td&gt;
      &lt;td style='height: 30px; width: 184px; font-weight: bold;' align='undefined' valign='undefined'&gt;Type&lt;/td&gt;
      &lt;td style='height: 30px; width: 291px;' align='undefined' valign='undefined'&gt;Power Outage&amp;nbsp;&lt;/td&gt;
    &lt;/tr&gt;
    &lt;tr&gt;
      &lt;td style='width: 184px; height: 24px; font-weight: bold;' align='undefined' valign='undefined'&gt;City&lt;/td&gt;
      &lt;td style='width: 292px; height: 24px;' align='undefined' valign='undefined'&gt;phoenix&amp;nbsp;
&lt;/td&gt;
      &lt;td style='height: 24px; width: 184px; font-weight: bold;' align='undefined' valign='undefined'&gt;Date&lt;/td&gt;
      &lt;td style='height: 24px; width: 291px;' align='undefined' valign='undefined'&gt;2011-10-02&amp;nbsp;
&lt;/td&gt;
    &lt;/tr&gt;
    &lt;tr&gt;
      &lt;td style='width: 184px; height: 26px; font-weight: bold;' align='undefined' valign='undefined'&gt;Deaths&lt;/td&gt;
      &lt;td style='width: 292px; height: 26px;' align='undefined' valign='undefined'&gt;0&amp;nbsp;
&lt;/td&gt;
      &lt;td style='height: 26px; width: 184px; font-weight: bold;' align='undefined' valign='undefined'&gt;Url&lt;/td&gt;
      &lt;td style='height: 26px; width: 291px;' align='undefined' valign='undefined'&gt;&lt;A href=' http://tucsoncitizen.com/arizona-news/2011/10/02/power-outage-at-sky-harbor-terminal/'&gt;Link to News&amp;nbsp;&lt;/A&gt;
&lt;/td&gt;
    &lt;/tr&gt;
    &lt;tr&gt;
      &lt;td style='width: 184px; height: 90px; font-weight: bold;' align='undefined' valign='undefined'&gt;Description&lt;/td&gt;
      &lt;td colspan='3' rowspan='1' style='height: 90px; width: 291px;' align='undefined' valign='undefined'&gt; Sky Harbor International Airport had a power outage late Sunday that delayed five flights arriving at Terminal 3.The outage occurred about 8 p.m.&amp;nbsp;
&lt;/td&gt;
    &lt;/tr&gt;
  &lt;/tbody&gt;
&lt;/table&gt;</description>
                <styleUrl>#style25x93325</styleUrl>
                <Point>
                    <extrude xmlns:ns5="http://www.w3.org/2001/XMLSchema-instance" xmlns:ns6="http://www.w3.org/2001/XMLSchema" ns5:type="ns6:boolean">false</extrude>
                    <altitudeMode>clampToGround</altitudeMode>
                    <coordinates>-111.9979065,33.440227900000004</coordinates>
                </Point>
            </Placemark>
            <Placemark>
                <name>Seattle</name>
                <visibility xmlns:ns5="http://www.w3.org/2001/XMLSchema-instance" xmlns:ns6="http://www.w3.org/2001/XMLSchema" ns5:type="ns6:boolean">true</visibility>
                <open xmlns:ns5="http://www.w3.org/2001/XMLSchema-instance" xmlns:ns6="http://www.w3.org/2001/XMLSchema" ns5:type="ns6:boolean">true</open>
                <address>1420 Fifth Avenue,seattle,Washington,United States</address>
                <description>&lt;table style='text-align: left; width: 480px; height: 240px;' border='1' border-color='gray' border-style='solid' cellpadding='2' cellspacing='2'&gt;
&lt;tbody&gt;
    &lt;tr style='font-weight: bold;'&gt;
		&lt;td style='height: 78px; width: 184px;' align='undefined' valign='undefined'&gt;&lt;span style='font-weight: normal;'&gt;&lt;img src='http:\\www.razient.com\Razient\iconsgi\customer.png'/&gt;&lt;/span&gt;&lt;/td&gt;
		&lt;td colspan='3' rowspan='1' style='height: 78px; width: 291px;' align='undefined' valign='undefined'&gt;Name: Seattle&amp;nbsp;&lt;br&gt; Address: 1420 Fifth Avenue - seattle - Washington - United States&amp;nbsp;&lt;br&gt; Phone Number: &amp;nbsp;&lt;br&gt; Email: &amp;nbsp;&lt;br&gt; Primary Contact: &amp;nbsp;&lt;/td&gt;
    &lt;/tr&gt;
    &lt;tr&gt;
	   &lt;td colspan='3' rowspan='1' style='height: 0px; width: 291px;' align='undefined' valign='undefined'&gt;&amp;nbsp;&lt;/td&gt;
    &lt;/tr&gt;
  &lt;/tbody&gt;
&lt;/table&gt;</description>
                <styleUrl>#style0x70000</styleUrl>
                <Point>
                    <extrude xmlns:ns5="http://www.w3.org/2001/XMLSchema-instance" xmlns:ns6="http://www.w3.org/2001/XMLSchema" ns5:type="ns6:boolean">false</extrude>
                    <altitudeMode>clampToGround</altitudeMode>
                    <coordinates>-122.33474,47.610577</coordinates>
                </Point>
            </Placemark>
            <Placemark>
                <name> Incident :  Man shot during attempted robbery in Seattle</name>
                <visibility xmlns:ns5="http://www.w3.org/2001/XMLSchema-instance" xmlns:ns6="http://www.w3.org/2001/XMLSchema" ns5:type="ns6:boolean">true</visibility>
                <open xmlns:ns5="http://www.w3.org/2001/XMLSchema-instance" xmlns:ns6="http://www.w3.org/2001/XMLSchema" ns5:type="ns6:boolean">false</open>
                <description>&lt;table style='text-align: left; width: 480px; height: 240px;' border='1' border-color='gray' border-style='solid' cellpadding='2' cellspacing='2'&gt;
&lt;tbody&gt;
    &lt;tr style='font-weight: bold;'&gt;
		&lt;td style='height: 78px; width: 184px;' align='undefined' valign='undefined'&gt;&lt;span style='font-weight: normal;'&gt;&lt;img src='http:\\66.216.18.155\Razient\iconsgi\suppliers.gif'/&gt;&lt;/span&gt;&lt;/td&gt;
		&lt;td colspan='3' rowspan='1' style='height: 78px; width: 291px;' align='undefined' valign='undefined'&gt;Seattle&amp;nbsp;
1420 Fifth Avenue&amp;nbsp;&lt;/td&gt;
    &lt;/tr&gt;
    &lt;tr&gt;
      &lt;td style='height: 0px; width: 184px; text-align: left;' valign='undefined'&gt;&lt;span style='font-weight: bold;'&gt;Summary:&lt;/span&gt;&lt;/td&gt;
	   &lt;td colspan='3' rowspan='1' style='height: 0px; width: 291px;' align='undefined' valign='undefined'&gt; Man shot during attempted robbery in Seattle&amp;nbsp;&lt;/td&gt;
    &lt;/tr&gt;
    &lt;tr&gt;
      &lt;td style='width: 184px; height: 26px; font-weight: bold;' align='undefined' valign='undefined'&gt;Country&lt;/td&gt;
      &lt;td style='width: 292px; height: 26px;' align='undefined' valign='undefined'&gt;United States&amp;nbsp;&lt;/td&gt;
      &lt;td style='height: 26px; width: 184px; font-weight: bold;' align='undefined' valign='undefined'&gt;Severity	&lt;/td&gt;
      &lt;td style='height: 26px; width: 291px;' align='undefined' valign='undefined'&gt;Medium&amp;nbsp;&lt;/td&gt;
    &lt;/tr&gt;
    &lt;tr&gt;
      &lt;td style='width: 184px; height: 30px; font-weight: bold;' align='undefined' valign='undefined'&gt;State&lt;/td&gt;
      &lt;td style='width: 292px; height: 30px;' align='undefined' valign='undefined'&gt;Washington&amp;nbsp;
&lt;/td&gt;
      &lt;td style='height: 30px; width: 184px; font-weight: bold;' align='undefined' valign='undefined'&gt;Type&lt;/td&gt;
      &lt;td style='height: 30px; width: 291px;' align='undefined' valign='undefined'&gt;Shooting&amp;nbsp;&lt;/td&gt;
    &lt;/tr&gt;
    &lt;tr&gt;
      &lt;td style='width: 184px; height: 24px; font-weight: bold;' align='undefined' valign='undefined'&gt;City&lt;/td&gt;
      &lt;td style='width: 292px; height: 24px;' align='undefined' valign='undefined'&gt;seattle&amp;nbsp;
&lt;/td&gt;
      &lt;td style='height: 24px; width: 184px; font-weight: bold;' align='undefined' valign='undefined'&gt;Date&lt;/td&gt;
      &lt;td style='height: 24px; width: 291px;' align='undefined' valign='undefined'&gt;2011-10-02&amp;nbsp;
&lt;/td&gt;
    &lt;/tr&gt;
    &lt;tr&gt;
      &lt;td style='width: 184px; height: 26px; font-weight: bold;' align='undefined' valign='undefined'&gt;Deaths&lt;/td&gt;
      &lt;td style='width: 292px; height: 26px;' align='undefined' valign='undefined'&gt;0&amp;nbsp;
&lt;/td&gt;
      &lt;td style='height: 26px; width: 184px; font-weight: bold;' align='undefined' valign='undefined'&gt;Url&lt;/td&gt;
      &lt;td style='height: 26px; width: 291px;' align='undefined' valign='undefined'&gt;&lt;A href=' http://seattletimes.nwsource.com/html/theblotter/2016389865_on_october_2nd_at_approximatel.html'&gt;Link to News&amp;nbsp;&lt;/A&gt;
&lt;/td&gt;
    &lt;/tr&gt;
    &lt;tr&gt;
      &lt;td style='width: 184px; height: 90px; font-weight: bold;' align='undefined' valign='undefined'&gt;Description&lt;/td&gt;
      &lt;td colspan='3' rowspan='1' style='height: 90px; width: 291px;' align='undefined' valign='undefined'&gt; A man in his 30s suffered a life threatening wound when he was shot during an attempted robbery late Sunday night.The victim was walking in the 1700 block of Boylston Avenue just before 1130 p.m. when he was confronted by an armed man, who demanded the victims wallet. When the victim refused, the gunman shot him in the abdomen at least once and ran off.&#xD;
&amp;nbsp;
&lt;/td&gt;
    &lt;/tr&gt;
  &lt;/tbody&gt;
&lt;/table&gt;</description>
                <styleUrl>#style1x93301</styleUrl>
                <Point>
                    <extrude xmlns:ns5="http://www.w3.org/2001/XMLSchema-instance" xmlns:ns6="http://www.w3.org/2001/XMLSchema" ns5:type="ns6:boolean">false</extrude>
                    <altitudeMode>clampToGround</altitudeMode>
                    <coordinates>-122.3234126,47.6163763</coordinates>
                </Point>
            </Placemark>
            <Placemark>
                <name>Chicago</name>
                <visibility xmlns:ns5="http://www.w3.org/2001/XMLSchema-instance" xmlns:ns6="http://www.w3.org/2001/XMLSchema" ns5:type="ns6:boolean">true</visibility>
                <open xmlns:ns5="http://www.w3.org/2001/XMLSchema-instance" xmlns:ns6="http://www.w3.org/2001/XMLSchema" ns5:type="ns6:boolean">true</open>
                <address>One North Wacker,chicago,Illinois,United States</address>
                <description>&lt;table style='text-align: left; width: 480px; height: 240px;' border='1' border-color='gray' border-style='solid' cellpadding='2' cellspacing='2'&gt;
&lt;tbody&gt;
    &lt;tr style='font-weight: bold;'&gt;
		&lt;td style='height: 78px; width: 184px;' align='undefined' valign='undefined'&gt;&lt;span style='font-weight: normal;'&gt;&lt;img src='http:\\www.razient.com\Razient\iconsgi\customer.png'/&gt;&lt;/span&gt;&lt;/td&gt;
		&lt;td colspan='3' rowspan='1' style='height: 78px; width: 291px;' align='undefined' valign='undefined'&gt;Name: Chicago&amp;nbsp;&lt;br&gt; Address: One North Wacker - chicago - Illinois - United States&amp;nbsp;&lt;br&gt; Phone Number: &amp;nbsp;&lt;br&gt; Email: &amp;nbsp;&lt;br&gt; Primary Contact: &amp;nbsp;&lt;/td&gt;
    &lt;/tr&gt;
    &lt;tr&gt;
	   &lt;td colspan='3' rowspan='1' style='height: 0px; width: 291px;' align='undefined' valign='undefined'&gt;&amp;nbsp;&lt;/td&gt;
    &lt;/tr&gt;
  &lt;/tbody&gt;
&lt;/table&gt;</description>
                <styleUrl>#style0x70000</styleUrl>
                <Point>
                    <extrude xmlns:ns5="http://www.w3.org/2001/XMLSchema-instance" xmlns:ns6="http://www.w3.org/2001/XMLSchema" ns5:type="ns6:boolean">false</extrude>
                    <altitudeMode>clampToGround</altitudeMode>
                    <coordinates>-87.63645,41.882076</coordinates>
                </Point>
            </Placemark>
            <Placemark>
                <name> Incident :  Loop bank robbed for third time in two months </name>
                <visibility xmlns:ns5="http://www.w3.org/2001/XMLSchema-instance" xmlns:ns6="http://www.w3.org/2001/XMLSchema" ns5:type="ns6:boolean">true</visibility>
                <open xmlns:ns5="http://www.w3.org/2001/XMLSchema-instance" xmlns:ns6="http://www.w3.org/2001/XMLSchema" ns5:type="ns6:boolean">false</open>
                <description>&lt;table style='text-align: left; width: 480px; height: 240px;' border='1' border-color='gray' border-style='solid' cellpadding='2' cellspacing='2'&gt;
&lt;tbody&gt;
    &lt;tr style='font-weight: bold;'&gt;
		&lt;td style='height: 78px; width: 184px;' align='undefined' valign='undefined'&gt;&lt;span style='font-weight: normal;'&gt;&lt;img src='http:\\66.216.18.155\Razient\iconsgi\suppliers.gif'/&gt;&lt;/span&gt;&lt;/td&gt;
		&lt;td colspan='3' rowspan='1' style='height: 78px; width: 291px;' align='undefined' valign='undefined'&gt;Chicago&amp;nbsp;
One North Wacker&amp;nbsp;&lt;/td&gt;
    &lt;/tr&gt;
    &lt;tr&gt;
      &lt;td style='height: 0px; width: 184px; text-align: left;' valign='undefined'&gt;&lt;span style='font-weight: bold;'&gt;Summary:&lt;/span&gt;&lt;/td&gt;
	   &lt;td colspan='3' rowspan='1' style='height: 0px; width: 291px;' align='undefined' valign='undefined'&gt; Loop bank robbed for third time in two months &amp;nbsp;&lt;/td&gt;
    &lt;/tr&gt;
    &lt;tr&gt;
      &lt;td style='width: 184px; height: 26px; font-weight: bold;' align='undefined' valign='undefined'&gt;Country&lt;/td&gt;
      &lt;td style='width: 292px; height: 26px;' align='undefined' valign='undefined'&gt;United States&amp;nbsp;&lt;/td&gt;
      &lt;td style='height: 26px; width: 184px; font-weight: bold;' align='undefined' valign='undefined'&gt;Severity	&lt;/td&gt;
      &lt;td style='height: 26px; width: 291px;' align='undefined' valign='undefined'&gt;Low&amp;nbsp;&lt;/td&gt;
    &lt;/tr&gt;
    &lt;tr&gt;
      &lt;td style='width: 184px; height: 30px; font-weight: bold;' align='undefined' valign='undefined'&gt;State&lt;/td&gt;
      &lt;td style='width: 292px; height: 30px;' align='undefined' valign='undefined'&gt;Illinois&amp;nbsp;
&lt;/td&gt;
      &lt;td style='height: 30px; width: 184px; font-weight: bold;' align='undefined' valign='undefined'&gt;Type&lt;/td&gt;
      &lt;td style='height: 30px; width: 291px;' align='undefined' valign='undefined'&gt;Shooting&amp;nbsp;&lt;/td&gt;
    &lt;/tr&gt;
    &lt;tr&gt;
      &lt;td style='width: 184px; height: 24px; font-weight: bold;' align='undefined' valign='undefined'&gt;City&lt;/td&gt;
      &lt;td style='width: 292px; height: 24px;' align='undefined' valign='undefined'&gt;chicago&amp;nbsp;
&lt;/td&gt;
      &lt;td style='height: 24px; width: 184px; font-weight: bold;' align='undefined' valign='undefined'&gt;Date&lt;/td&gt;
      &lt;td style='height: 24px; width: 291px;' align='undefined' valign='undefined'&gt;2011-09-30&amp;nbsp;
&lt;/td&gt;
    &lt;/tr&gt;
    &lt;tr&gt;
      &lt;td style='width: 184px; height: 26px; font-weight: bold;' align='undefined' valign='undefined'&gt;Deaths&lt;/td&gt;
      &lt;td style='width: 292px; height: 26px;' align='undefined' valign='undefined'&gt;0&amp;nbsp;
&lt;/td&gt;
      &lt;td style='height: 26px; width: 184px; font-weight: bold;' align='undefined' valign='undefined'&gt;Url&lt;/td&gt;
      &lt;td style='height: 26px; width: 291px;' align='undefined' valign='undefined'&gt;&lt;A href=' http://www.suntimes.com/news/crime/7963729-418/loop-bank-robbed-for-third-time-in-two-months.html'&gt;Link to News&amp;nbsp;&lt;/A&gt;
&lt;/td&gt;
    &lt;/tr&gt;
    &lt;tr&gt;
      &lt;td style='width: 184px; height: 90px; font-weight: bold;' align='undefined' valign='undefined'&gt;Description&lt;/td&gt;
      &lt;td colspan='3' rowspan='1' style='height: 90px; width: 291px;' align='undefined' valign='undefined'&gt; A Loop bank branch was robbed Friday morning for the third time since August.A man in his 40s wearing beige clothing entered the Chicago Community Bank branch at 52 E. Lake St. at 930 a.m. and handed a teller a threatening note that demanded money&amp;nbsp;
&lt;/td&gt;
    &lt;/tr&gt;
  &lt;/tbody&gt;
&lt;/table&gt;</description>
                <styleUrl>#style1x93301</styleUrl>
                <Point>
                    <extrude xmlns:ns5="http://www.w3.org/2001/XMLSchema-instance" xmlns:ns6="http://www.w3.org/2001/XMLSchema" ns5:type="ns6:boolean">false</extrude>
                    <altitudeMode>clampToGround</altitudeMode>
                    <coordinates>-87.6260972,41.8902708</coordinates>
                </Point>
            </Placemark>
            <Placemark>
                <name>Richmond</name>
                <visibility xmlns:ns5="http://www.w3.org/2001/XMLSchema-instance" xmlns:ns6="http://www.w3.org/2001/XMLSchema" ns5:type="ns6:boolean">true</visibility>
                <open xmlns:ns5="http://www.w3.org/2001/XMLSchema-instance" xmlns:ns6="http://www.w3.org/2001/XMLSchema" ns5:type="ns6:boolean">true</open>
                <address>111 Virginia Street,richmond,Virginia,United States</address>
                <description>&lt;table style='text-align: left; width: 480px; height: 240px;' border='1' border-color='gray' border-style='solid' cellpadding='2' cellspacing='2'&gt;
&lt;tbody&gt;
    &lt;tr style='font-weight: bold;'&gt;
		&lt;td style='height: 78px; width: 184px;' align='undefined' valign='undefined'&gt;&lt;span style='font-weight: normal;'&gt;&lt;img src='http:\\www.razient.com\Razient\iconsgi\customer.png'/&gt;&lt;/span&gt;&lt;/td&gt;
		&lt;td colspan='3' rowspan='1' style='height: 78px; width: 291px;' align='undefined' valign='undefined'&gt;Name: Richmond&amp;nbsp;&lt;br&gt; Address: 111 Virginia Street - richmond - Virginia - United States&amp;nbsp;&lt;br&gt; Phone Number: &amp;nbsp;&lt;br&gt; Email: &amp;nbsp;&lt;br&gt; Primary Contact: &amp;nbsp;&lt;/td&gt;
    &lt;/tr&gt;
    &lt;tr&gt;
	   &lt;td colspan='3' rowspan='1' style='height: 0px; width: 291px;' align='undefined' valign='undefined'&gt;&amp;nbsp;&lt;/td&gt;
    &lt;/tr&gt;
  &lt;/tbody&gt;
&lt;/table&gt;</description>
                <styleUrl>#style0x70000</styleUrl>
                <Point>
                    <extrude xmlns:ns5="http://www.w3.org/2001/XMLSchema-instance" xmlns:ns6="http://www.w3.org/2001/XMLSchema" ns5:type="ns6:boolean">false</extrude>
                    <altitudeMode>clampToGround</altitudeMode>
                    <coordinates>-77.43331,37.533943</coordinates>
                </Point>
            </Placemark>
            <Placemark>
                <name> Incident :  Leak at building closes Sixth Street</name>
                <visibility xmlns:ns5="http://www.w3.org/2001/XMLSchema-instance" xmlns:ns6="http://www.w3.org/2001/XMLSchema" ns5:type="ns6:boolean">true</visibility>
                <open xmlns:ns5="http://www.w3.org/2001/XMLSchema-instance" xmlns:ns6="http://www.w3.org/2001/XMLSchema" ns5:type="ns6:boolean">false</open>
                <description>&lt;table style='text-align: left; width: 480px; height: 240px;' border='1' border-color='gray' border-style='solid' cellpadding='2' cellspacing='2'&gt;
&lt;tbody&gt;
    &lt;tr style='font-weight: bold;'&gt;
		&lt;td style='height: 78px; width: 184px;' align='undefined' valign='undefined'&gt;&lt;span style='font-weight: normal;'&gt;&lt;img src='http:\\66.216.18.155\Razient\iconsgi\suppliers.gif'/&gt;&lt;/span&gt;&lt;/td&gt;
		&lt;td colspan='3' rowspan='1' style='height: 78px; width: 291px;' align='undefined' valign='undefined'&gt;Richmond&amp;nbsp;
111 Virginia Street&amp;nbsp;&lt;/td&gt;
    &lt;/tr&gt;
    &lt;tr&gt;
      &lt;td style='height: 0px; width: 184px; text-align: left;' valign='undefined'&gt;&lt;span style='font-weight: bold;'&gt;Summary:&lt;/span&gt;&lt;/td&gt;
	   &lt;td colspan='3' rowspan='1' style='height: 0px; width: 291px;' align='undefined' valign='undefined'&gt; Leak at building closes Sixth Street&amp;nbsp;&lt;/td&gt;
    &lt;/tr&gt;
    &lt;tr&gt;
      &lt;td style='width: 184px; height: 26px; font-weight: bold;' align='undefined' valign='undefined'&gt;Country&lt;/td&gt;
      &lt;td style='width: 292px; height: 26px;' align='undefined' valign='undefined'&gt;United States&amp;nbsp;&lt;/td&gt;
      &lt;td style='height: 26px; width: 184px; font-weight: bold;' align='undefined' valign='undefined'&gt;Severity	&lt;/td&gt;
      &lt;td style='height: 26px; width: 291px;' align='undefined' valign='undefined'&gt;Low&amp;nbsp;&lt;/td&gt;
    &lt;/tr&gt;
    &lt;tr&gt;
      &lt;td style='width: 184px; height: 30px; font-weight: bold;' align='undefined' valign='undefined'&gt;State&lt;/td&gt;
      &lt;td style='width: 292px; height: 30px;' align='undefined' valign='undefined'&gt;Virginia&amp;nbsp;
&lt;/td&gt;
      &lt;td style='height: 30px; width: 184px; font-weight: bold;' align='undefined' valign='undefined'&gt;Type&lt;/td&gt;
      &lt;td style='height: 30px; width: 291px;' align='undefined' valign='undefined'&gt;Roads Closed&amp;nbsp;&lt;/td&gt;
    &lt;/tr&gt;
    &lt;tr&gt;
      &lt;td style='width: 184px; height: 24px; font-weight: bold;' align='undefined' valign='undefined'&gt;City&lt;/td&gt;
      &lt;td style='width: 292px; height: 24px;' align='undefined' valign='undefined'&gt;richmond&amp;nbsp;
&lt;/td&gt;
      &lt;td style='height: 24px; width: 184px; font-weight: bold;' align='undefined' valign='undefined'&gt;Date&lt;/td&gt;
      &lt;td style='height: 24px; width: 291px;' align='undefined' valign='undefined'&gt;2011-09-30&amp;nbsp;
&lt;/td&gt;
    &lt;/tr&gt;
    &lt;tr&gt;
      &lt;td style='width: 184px; height: 26px; font-weight: bold;' align='undefined' valign='undefined'&gt;Deaths&lt;/td&gt;
      &lt;td style='width: 292px; height: 26px;' align='undefined' valign='undefined'&gt;0&amp;nbsp;
&lt;/td&gt;
      &lt;td style='height: 26px; width: 184px; font-weight: bold;' align='undefined' valign='undefined'&gt;Url&lt;/td&gt;
      &lt;td style='height: 26px; width: 291px;' align='undefined' valign='undefined'&gt;&lt;A href=' http://www2.timesdispatch.com/news/2011/sep/30/traffic-alert-hazmat-situation-closes-sixth-street-ar-1349515/'&gt;Link to News&amp;nbsp;&lt;/A&gt;
&lt;/td&gt;
    &lt;/tr&gt;
    &lt;tr&gt;
      &lt;td style='width: 184px; height: 90px; font-weight: bold;' align='undefined' valign='undefined'&gt;Description&lt;/td&gt;
      &lt;td colspan='3' rowspan='1' style='height: 90px; width: 291px;' align='undefined' valign='undefined'&gt; South Sixth Street is closed between Main and Cary streets as Richmond firefighters respond to an apparent oil leakat an office building.&#xD;
&#xD;
&amp;nbsp;
&lt;/td&gt;
    &lt;/tr&gt;
  &lt;/tbody&gt;
&lt;/table&gt;</description>
                <styleUrl>#style33x93333</styleUrl>
                <Point>
                    <extrude xmlns:ns5="http://www.w3.org/2001/XMLSchema-instance" xmlns:ns6="http://www.w3.org/2001/XMLSchema" ns5:type="ns6:boolean">false</extrude>
                    <altitudeMode>clampToGround</altitudeMode>
                    <coordinates>-77.4402597,37.5384452</coordinates>
                </Point>
            </Placemark>
            <Placemark>
                <name>Sacramento</name>
                <visibility xmlns:ns5="http://www.w3.org/2001/XMLSchema-instance" xmlns:ns6="http://www.w3.org/2001/XMLSchema" ns5:type="ns6:boolean">true</visibility>
                <open xmlns:ns5="http://www.w3.org/2001/XMLSchema-instance" xmlns:ns6="http://www.w3.org/2001/XMLSchema" ns5:type="ns6:boolean">true</open>
                <address>400 Capital Mall,sacramento,California,United States</address>
                <description>&lt;table style='text-align: left; width: 480px; height: 240px;' border='1' border-color='gray' border-style='solid' cellpadding='2' cellspacing='2'&gt;
&lt;tbody&gt;
    &lt;tr style='font-weight: bold;'&gt;
		&lt;td style='height: 78px; width: 184px;' align='undefined' valign='undefined'&gt;&lt;span style='font-weight: normal;'&gt;&lt;img src='http:\\www.razient.com\Razient\iconsgi\customer.png'/&gt;&lt;/span&gt;&lt;/td&gt;
		&lt;td colspan='3' rowspan='1' style='height: 78px; width: 291px;' align='undefined' valign='undefined'&gt;Name: Sacramento&amp;nbsp;&lt;br&gt; Address: 400 Capital Mall - sacramento - California - United States&amp;nbsp;&lt;br&gt; Phone Number: &amp;nbsp;&lt;br&gt; Email: &amp;nbsp;&lt;br&gt; Primary Contact: &amp;nbsp;&lt;/td&gt;
    &lt;/tr&gt;
    &lt;tr&gt;
	   &lt;td colspan='3' rowspan='1' style='height: 0px; width: 291px;' align='undefined' valign='undefined'&gt;&amp;nbsp;&lt;/td&gt;
    &lt;/tr&gt;
  &lt;/tbody&gt;
&lt;/table&gt;</description>
                <styleUrl>#style0x70000</styleUrl>
                <Point>
                    <extrude xmlns:ns5="http://www.w3.org/2001/XMLSchema-instance" xmlns:ns6="http://www.w3.org/2001/XMLSchema" ns5:type="ns6:boolean">false</extrude>
                    <altitudeMode>clampToGround</altitudeMode>
                    <coordinates>-121.4944,38.581573</coordinates>
                </Point>
            </Placemark>
            <Placemark>
                <name> Incident :  Police shoot gunman after pursuit in Sacramentos south area</name>
                <visibility xmlns:ns5="http://www.w3.org/2001/XMLSchema-instance" xmlns:ns6="http://www.w3.org/2001/XMLSchema" ns5:type="ns6:boolean">true</visibility>
                <open xmlns:ns5="http://www.w3.org/2001/XMLSchema-instance" xmlns:ns6="http://www.w3.org/2001/XMLSchema" ns5:type="ns6:boolean">false</open>
                <description>&lt;table style='text-align: left; width: 480px; height: 240px;' border='1' border-color='gray' border-style='solid' cellpadding='2' cellspacing='2'&gt;
&lt;tbody&gt;
    &lt;tr style='font-weight: bold;'&gt;
		&lt;td style='height: 78px; width: 184px;' align='undefined' valign='undefined'&gt;&lt;span style='font-weight: normal;'&gt;&lt;img src='http:\\66.216.18.155\Razient\iconsgi\suppliers.gif'/&gt;&lt;/span&gt;&lt;/td&gt;
		&lt;td colspan='3' rowspan='1' style='height: 78px; width: 291px;' align='undefined' valign='undefined'&gt;Sacramento&amp;nbsp;
400 Capital Mall&amp;nbsp;&lt;/td&gt;
    &lt;/tr&gt;
    &lt;tr&gt;
      &lt;td style='height: 0px; width: 184px; text-align: left;' valign='undefined'&gt;&lt;span style='font-weight: bold;'&gt;Summary:&lt;/span&gt;&lt;/td&gt;
	   &lt;td colspan='3' rowspan='1' style='height: 0px; width: 291px;' align='undefined' valign='undefined'&gt; Police shoot gunman after pursuit in Sacramentos south area&amp;nbsp;&lt;/td&gt;
    &lt;/tr&gt;
    &lt;tr&gt;
      &lt;td style='width: 184px; height: 26px; font-weight: bold;' align='undefined' valign='undefined'&gt;Country&lt;/td&gt;
      &lt;td style='width: 292px; height: 26px;' align='undefined' valign='undefined'&gt;United States&amp;nbsp;&lt;/td&gt;
      &lt;td style='height: 26px; width: 184px; font-weight: bold;' align='undefined' valign='undefined'&gt;Severity	&lt;/td&gt;
      &lt;td style='height: 26px; width: 291px;' align='undefined' valign='undefined'&gt;Low&amp;nbsp;&lt;/td&gt;
    &lt;/tr&gt;
    &lt;tr&gt;
      &lt;td style='width: 184px; height: 30px; font-weight: bold;' align='undefined' valign='undefined'&gt;State&lt;/td&gt;
      &lt;td style='width: 292px; height: 30px;' align='undefined' valign='undefined'&gt;California&amp;nbsp;
&lt;/td&gt;
      &lt;td style='height: 30px; width: 184px; font-weight: bold;' align='undefined' valign='undefined'&gt;Type&lt;/td&gt;
      &lt;td style='height: 30px; width: 291px;' align='undefined' valign='undefined'&gt;Shooting&amp;nbsp;&lt;/td&gt;
    &lt;/tr&gt;
    &lt;tr&gt;
      &lt;td style='width: 184px; height: 24px; font-weight: bold;' align='undefined' valign='undefined'&gt;City&lt;/td&gt;
      &lt;td style='width: 292px; height: 24px;' align='undefined' valign='undefined'&gt;sacramento&amp;nbsp;
&lt;/td&gt;
      &lt;td style='height: 24px; width: 184px; font-weight: bold;' align='undefined' valign='undefined'&gt;Date&lt;/td&gt;
      &lt;td style='height: 24px; width: 291px;' align='undefined' valign='undefined'&gt;2011-09-29&amp;nbsp;
&lt;/td&gt;
    &lt;/tr&gt;
    &lt;tr&gt;
      &lt;td style='width: 184px; height: 26px; font-weight: bold;' align='undefined' valign='undefined'&gt;Deaths&lt;/td&gt;
      &lt;td style='width: 292px; height: 26px;' align='undefined' valign='undefined'&gt;0&amp;nbsp;
&lt;/td&gt;
      &lt;td style='height: 26px; width: 184px; font-weight: bold;' align='undefined' valign='undefined'&gt;Url&lt;/td&gt;
      &lt;td style='height: 26px; width: 291px;' align='undefined' valign='undefined'&gt;&lt;A href=' http://blogs.sacbee.com/crime/archives/2011/09/officer-involved-shooting-reported-in-south-area.html'&gt;Link to News&amp;nbsp;&lt;/A&gt;
&lt;/td&gt;
    &lt;/tr&gt;
    &lt;tr&gt;
      &lt;td style='width: 184px; height: 90px; font-weight: bold;' align='undefined' valign='undefined'&gt;Description&lt;/td&gt;
      &lt;td colspan='3' rowspan='1' style='height: 90px; width: 291px;' align='undefined' valign='undefined'&gt; A man with a gun was shot twice by a California Highway Patrol officer today after he refused to put down his weapon, a law enforcement spokesman said.The officer involved shooting occurred in Sacramentos south area near Fruitridge Road and Martin Luther King Boulevard shortly before noon&#xD;
&amp;nbsp;
&lt;/td&gt;
    &lt;/tr&gt;
  &lt;/tbody&gt;
&lt;/table&gt;</description>
                <styleUrl>#style1x93301</styleUrl>
                <Point>
                    <extrude xmlns:ns5="http://www.w3.org/2001/XMLSchema-instance" xmlns:ns6="http://www.w3.org/2001/XMLSchema" ns5:type="ns6:boolean">false</extrude>
                    <altitudeMode>clampToGround</altitudeMode>
                    <coordinates>-121.4646343,38.5294053</coordinates>
                </Point>
            </Placemark>
            <Placemark>
                <name>Columbus</name>
                <visibility xmlns:ns5="http://www.w3.org/2001/XMLSchema-instance" xmlns:ns6="http://www.w3.org/2001/XMLSchema" ns5:type="ns6:boolean">true</visibility>
                <open xmlns:ns5="http://www.w3.org/2001/XMLSchema-instance" xmlns:ns6="http://www.w3.org/2001/XMLSchema" ns5:type="ns6:boolean">true</open>
                <address>41 South High Street,columbus,Ohio,United States</address>
                <description>&lt;table style='text-align: left; width: 480px; height: 240px;' border='1' border-color='gray' border-style='solid' cellpadding='2' cellspacing='2'&gt;
&lt;tbody&gt;
    &lt;tr style='font-weight: bold;'&gt;
		&lt;td style='height: 78px; width: 184px;' align='undefined' valign='undefined'&gt;&lt;span style='font-weight: normal;'&gt;&lt;img src='http:\\www.razient.com\Razient\iconsgi\customer.png'/&gt;&lt;/span&gt;&lt;/td&gt;
		&lt;td colspan='3' rowspan='1' style='height: 78px; width: 291px;' align='undefined' valign='undefined'&gt;Name: Columbus&amp;nbsp;&lt;br&gt; Address: 41 South High Street - columbus - Ohio - United States&amp;nbsp;&lt;br&gt; Phone Number: &amp;nbsp;&lt;br&gt; Email: &amp;nbsp;&lt;br&gt; Primary Contact: &amp;nbsp;&lt;/td&gt;
    &lt;/tr&gt;
    &lt;tr&gt;
	   &lt;td colspan='3' rowspan='1' style='height: 0px; width: 291px;' align='undefined' valign='undefined'&gt;&amp;nbsp;&lt;/td&gt;
    &lt;/tr&gt;
  &lt;/tbody&gt;
&lt;/table&gt;</description>
                <styleUrl>#style0x70000</styleUrl>
                <Point>
                    <extrude xmlns:ns5="http://www.w3.org/2001/XMLSchema-instance" xmlns:ns6="http://www.w3.org/2001/XMLSchema" ns5:type="ns6:boolean">false</extrude>
                    <altitudeMode>clampToGround</altitudeMode>
                    <coordinates>-83.00052,39.961166</coordinates>
                </Point>
            </Placemark>
            <Placemark>
                <name> Incident :  3 Rescued After Building Collapses On West Side</name>
                <visibility xmlns:ns5="http://www.w3.org/2001/XMLSchema-instance" xmlns:ns6="http://www.w3.org/2001/XMLSchema" ns5:type="ns6:boolean">true</visibility>
                <open xmlns:ns5="http://www.w3.org/2001/XMLSchema-instance" xmlns:ns6="http://www.w3.org/2001/XMLSchema" ns5:type="ns6:boolean">false</open>
                <description>&lt;table style='text-align: left; width: 480px; height: 240px;' border='1' border-color='gray' border-style='solid' cellpadding='2' cellspacing='2'&gt;
&lt;tbody&gt;
    &lt;tr style='font-weight: bold;'&gt;
		&lt;td style='height: 78px; width: 184px;' align='undefined' valign='undefined'&gt;&lt;span style='font-weight: normal;'&gt;&lt;img src='http:\\66.216.18.155\Razient\iconsgi\suppliers.gif'/&gt;&lt;/span&gt;&lt;/td&gt;
		&lt;td colspan='3' rowspan='1' style='height: 78px; width: 291px;' align='undefined' valign='undefined'&gt;Columbus&amp;nbsp;
41 South High Street&amp;nbsp;&lt;/td&gt;
    &lt;/tr&gt;
    &lt;tr&gt;
      &lt;td style='height: 0px; width: 184px; text-align: left;' valign='undefined'&gt;&lt;span style='font-weight: bold;'&gt;Summary:&lt;/span&gt;&lt;/td&gt;
	   &lt;td colspan='3' rowspan='1' style='height: 0px; width: 291px;' align='undefined' valign='undefined'&gt; 3 Rescued After Building Collapses On West Side&amp;nbsp;&lt;/td&gt;
    &lt;/tr&gt;
    &lt;tr&gt;
      &lt;td style='width: 184px; height: 26px; font-weight: bold;' align='undefined' valign='undefined'&gt;Country&lt;/td&gt;
      &lt;td style='width: 292px; height: 26px;' align='undefined' valign='undefined'&gt;United States&amp;nbsp;&lt;/td&gt;
      &lt;td style='height: 26px; width: 184px; font-weight: bold;' align='undefined' valign='undefined'&gt;Severity	&lt;/td&gt;
      &lt;td style='height: 26px; width: 291px;' align='undefined' valign='undefined'&gt;Medium&amp;nbsp;&lt;/td&gt;
    &lt;/tr&gt;
    &lt;tr&gt;
      &lt;td style='width: 184px; height: 30px; font-weight: bold;' align='undefined' valign='undefined'&gt;State&lt;/td&gt;
      &lt;td style='width: 292px; height: 30px;' align='undefined' valign='undefined'&gt;Ohio&amp;nbsp;
&lt;/td&gt;
      &lt;td style='height: 30px; width: 184px; font-weight: bold;' align='undefined' valign='undefined'&gt;Type&lt;/td&gt;
      &lt;td style='height: 30px; width: 291px;' align='undefined' valign='undefined'&gt;Collapse&amp;nbsp;&lt;/td&gt;
    &lt;/tr&gt;
    &lt;tr&gt;
      &lt;td style='width: 184px; height: 24px; font-weight: bold;' align='undefined' valign='undefined'&gt;City&lt;/td&gt;
      &lt;td style='width: 292px; height: 24px;' align='undefined' valign='undefined'&gt;columbus&amp;nbsp;
&lt;/td&gt;
      &lt;td style='height: 24px; width: 184px; font-weight: bold;' align='undefined' valign='undefined'&gt;Date&lt;/td&gt;
      &lt;td style='height: 24px; width: 291px;' align='undefined' valign='undefined'&gt;2011-09-29&amp;nbsp;
&lt;/td&gt;
    &lt;/tr&gt;
    &lt;tr&gt;
      &lt;td style='width: 184px; height: 26px; font-weight: bold;' align='undefined' valign='undefined'&gt;Deaths&lt;/td&gt;
      &lt;td style='width: 292px; height: 26px;' align='undefined' valign='undefined'&gt;0&amp;nbsp;
&lt;/td&gt;
      &lt;td style='height: 26px; width: 184px; font-weight: bold;' align='undefined' valign='undefined'&gt;Url&lt;/td&gt;
      &lt;td style='height: 26px; width: 291px;' align='undefined' valign='undefined'&gt;&lt;A href=' http://www2.nbc4i.com/news/2011/sep/29/7/3-rescued-during-construction-accident-west-broad--ar-763442/'&gt;Link to News&amp;nbsp;&lt;/A&gt;
&lt;/td&gt;
    &lt;/tr&gt;
    &lt;tr&gt;
      &lt;td style='width: 184px; height: 90px; font-weight: bold;' align='undefined' valign='undefined'&gt;Description&lt;/td&gt;
      &lt;td colspan='3' rowspan='1' style='height: 90px; width: 291px;' align='undefined' valign='undefined'&gt; One person suffers a broken leg and two more are safe after a warehouse collapses on the West Side Thursday.The warehouse is behind Fire Station No. 10, and the address on the building is 38 N. Glenwood Ave.&#xD;
&#xD;
&#xD;
&amp;nbsp;
&lt;/td&gt;
    &lt;/tr&gt;
  &lt;/tbody&gt;
&lt;/table&gt;</description>
                <styleUrl>#style13x93313</styleUrl>
                <Point>
                    <extrude xmlns:ns5="http://www.w3.org/2001/XMLSchema-instance" xmlns:ns6="http://www.w3.org/2001/XMLSchema" ns5:type="ns6:boolean">false</extrude>
                    <altitudeMode>clampToGround</altitudeMode>
                    <coordinates>-83.025671,39.959455</coordinates>
                </Point>
            </Placemark>
            <Placemark>
                <name>Spartanburg</name>
                <visibility xmlns:ns5="http://www.w3.org/2001/XMLSchema-instance" xmlns:ns6="http://www.w3.org/2001/XMLSchema" ns5:type="ns6:boolean">true</visibility>
                <open xmlns:ns5="http://www.w3.org/2001/XMLSchema-instance" xmlns:ns6="http://www.w3.org/2001/XMLSchema" ns5:type="ns6:boolean">true</open>
                <address>320 East Main Street,spartanburg,South Carolina,United States</address>
                <description>&lt;table style='text-align: left; width: 480px; height: 240px;' border='1' border-color='gray' border-style='solid' cellpadding='2' cellspacing='2'&gt;
&lt;tbody&gt;
    &lt;tr style='font-weight: bold;'&gt;
		&lt;td style='height: 78px; width: 184px;' align='undefined' valign='undefined'&gt;&lt;span style='font-weight: normal;'&gt;&lt;img src='http:\\www.razient.com\Razient\iconsgi\customer.png'/&gt;&lt;/span&gt;&lt;/td&gt;
		&lt;td colspan='3' rowspan='1' style='height: 78px; width: 291px;' align='undefined' valign='undefined'&gt;Name: Spartanburg&amp;nbsp;&lt;br&gt; Address: 320 East Main Street - spartanburg - South Carolina - United States&amp;nbsp;&lt;br&gt; Phone Number: &amp;nbsp;&lt;br&gt; Email: &amp;nbsp;&lt;br&gt; Primary Contact: &amp;nbsp;&lt;/td&gt;
    &lt;/tr&gt;
    &lt;tr&gt;
	   &lt;td colspan='3' rowspan='1' style='height: 0px; width: 291px;' align='undefined' valign='undefined'&gt;&amp;nbsp;&lt;/td&gt;
    &lt;/tr&gt;
  &lt;/tbody&gt;
&lt;/table&gt;</description>
                <styleUrl>#style0x70000</styleUrl>
                <Point>
                    <extrude xmlns:ns5="http://www.w3.org/2001/XMLSchema-instance" xmlns:ns6="http://www.w3.org/2001/XMLSchema" ns5:type="ns6:boolean">false</extrude>
                    <altitudeMode>clampToGround</altitudeMode>
                    <coordinates>-81.92425,34.951286</coordinates>
                </Point>
            </Placemark>
            <Placemark>
                <name> Incident :  One person reportedly dead after triple shooting</name>
                <visibility xmlns:ns5="http://www.w3.org/2001/XMLSchema-instance" xmlns:ns6="http://www.w3.org/2001/XMLSchema" ns5:type="ns6:boolean">true</visibility>
                <open xmlns:ns5="http://www.w3.org/2001/XMLSchema-instance" xmlns:ns6="http://www.w3.org/2001/XMLSchema" ns5:type="ns6:boolean">false</open>
                <description>&lt;table style='text-align: left; width: 480px; height: 240px;' border='1' border-color='gray' border-style='solid' cellpadding='2' cellspacing='2'&gt;
&lt;tbody&gt;
    &lt;tr style='font-weight: bold;'&gt;
		&lt;td style='height: 78px; width: 184px;' align='undefined' valign='undefined'&gt;&lt;span style='font-weight: normal;'&gt;&lt;img src='http:\\66.216.18.155\Razient\iconsgi\suppliers.gif'/&gt;&lt;/span&gt;&lt;/td&gt;
		&lt;td colspan='3' rowspan='1' style='height: 78px; width: 291px;' align='undefined' valign='undefined'&gt;Spartanburg&amp;nbsp;
320 East Main Street&amp;nbsp;&lt;/td&gt;
    &lt;/tr&gt;
    &lt;tr&gt;
      &lt;td style='height: 0px; width: 184px; text-align: left;' valign='undefined'&gt;&lt;span style='font-weight: bold;'&gt;Summary:&lt;/span&gt;&lt;/td&gt;
	   &lt;td colspan='3' rowspan='1' style='height: 0px; width: 291px;' align='undefined' valign='undefined'&gt; One person reportedly dead after triple shooting&amp;nbsp;&lt;/td&gt;
    &lt;/tr&gt;
    &lt;tr&gt;
      &lt;td style='width: 184px; height: 26px; font-weight: bold;' align='undefined' valign='undefined'&gt;Country&lt;/td&gt;
      &lt;td style='width: 292px; height: 26px;' align='undefined' valign='undefined'&gt;United States&amp;nbsp;&lt;/td&gt;
      &lt;td style='height: 26px; width: 184px; font-weight: bold;' align='undefined' valign='undefined'&gt;Severity	&lt;/td&gt;
      &lt;td style='height: 26px; width: 291px;' align='undefined' valign='undefined'&gt;Medium&amp;nbsp;&lt;/td&gt;
    &lt;/tr&gt;
    &lt;tr&gt;
      &lt;td style='width: 184px; height: 30px; font-weight: bold;' align='undefined' valign='undefined'&gt;State&lt;/td&gt;
      &lt;td style='width: 292px; height: 30px;' align='undefined' valign='undefined'&gt;South Carolina&amp;nbsp;
&lt;/td&gt;
      &lt;td style='height: 30px; width: 184px; font-weight: bold;' align='undefined' valign='undefined'&gt;Type&lt;/td&gt;
      &lt;td style='height: 30px; width: 291px;' align='undefined' valign='undefined'&gt;Shooting&amp;nbsp;&lt;/td&gt;
    &lt;/tr&gt;
    &lt;tr&gt;
      &lt;td style='width: 184px; height: 24px; font-weight: bold;' align='undefined' valign='undefined'&gt;City&lt;/td&gt;
      &lt;td style='width: 292px; height: 24px;' align='undefined' valign='undefined'&gt;spartanburg&amp;nbsp;
&lt;/td&gt;
      &lt;td style='height: 24px; width: 184px; font-weight: bold;' align='undefined' valign='undefined'&gt;Date&lt;/td&gt;
      &lt;td style='height: 24px; width: 291px;' align='undefined' valign='undefined'&gt;2011-09-29&amp;nbsp;
&lt;/td&gt;
    &lt;/tr&gt;
    &lt;tr&gt;
      &lt;td style='width: 184px; height: 26px; font-weight: bold;' align='undefined' valign='undefined'&gt;Deaths&lt;/td&gt;
      &lt;td style='width: 292px; height: 26px;' align='undefined' valign='undefined'&gt;1&amp;nbsp;
&lt;/td&gt;
      &lt;td style='height: 26px; width: 184px; font-weight: bold;' align='undefined' valign='undefined'&gt;Url&lt;/td&gt;
      &lt;td style='height: 26px; width: 291px;' align='undefined' valign='undefined'&gt;&lt;A href=' http://www.goupstate.com/article/20110930/ARTICLES/110939998/1083/ARTICLES?Title=Teen-dead-after-triple-shooting-in-Boiling-Springs'&gt;Link to News&amp;nbsp;&lt;/A&gt;
&lt;/td&gt;
    &lt;/tr&gt;
    &lt;tr&gt;
      &lt;td style='width: 184px; height: 90px; font-weight: bold;' align='undefined' valign='undefined'&gt;Description&lt;/td&gt;
      &lt;td colspan='3' rowspan='1' style='height: 90px; width: 291px;' align='undefined' valign='undefined'&gt; Spartanburg County deputies are continuing to investigate a shooting that left one teenager dead and two other people wounded Thursday night.The shooting occurred at 920 p.m. at 102 Falcon Ridge Drive, which is in the Falcon Ridge subdivision and has a Boiling Springs address&#xD;
&amp;nbsp;
&lt;/td&gt;
    &lt;/tr&gt;
  &lt;/tbody&gt;
&lt;/table&gt;</description>
                <styleUrl>#style1x93301</styleUrl>
                <Point>
                    <extrude xmlns:ns5="http://www.w3.org/2001/XMLSchema-instance" xmlns:ns6="http://www.w3.org/2001/XMLSchema" ns5:type="ns6:boolean">false</extrude>
                    <altitudeMode>clampToGround</altitudeMode>
                    <coordinates>-82.008044,35.01679</coordinates>
                </Point>
            </Placemark>
            <Placemark>
                <name>Caracas</name>
                <visibility xmlns:ns5="http://www.w3.org/2001/XMLSchema-instance" xmlns:ns6="http://www.w3.org/2001/XMLSchema" ns5:type="ns6:boolean">true</visibility>
                <open xmlns:ns5="http://www.w3.org/2001/XMLSchema-instance" xmlns:ns6="http://www.w3.org/2001/XMLSchema" ns5:type="ns6:boolean">true</open>
                <address>Avenida Principal de Chuao, Edificio Del RÃ­o,caracas,Distrito Federal,Venezuela</address>
                <description>&lt;table style='text-align: left; width: 480px; height: 240px;' border='1' border-color='gray' border-style='solid' cellpadding='2' cellspacing='2'&gt;
&lt;tbody&gt;
    &lt;tr style='font-weight: bold;'&gt;
		&lt;td style='height: 78px; width: 184px;' align='undefined' valign='undefined'&gt;&lt;span style='font-weight: normal;'&gt;&lt;img src='http:\\www.razient.com\Razient\iconsgi\customer.png'/&gt;&lt;/span&gt;&lt;/td&gt;
		&lt;td colspan='3' rowspan='1' style='height: 78px; width: 291px;' align='undefined' valign='undefined'&gt;Name: Caracas&amp;nbsp;&lt;br&gt; Address: Avenida Principal de Chuao, Edificio Del RÃ­o - caracas - Distrito Federal - Venezuela&amp;nbsp;&lt;br&gt; Phone Number: &amp;nbsp;&lt;br&gt; Email: &amp;nbsp;&lt;br&gt; Primary Contact: &amp;nbsp;&lt;/td&gt;
    &lt;/tr&gt;
    &lt;tr&gt;
	   &lt;td colspan='3' rowspan='1' style='height: 0px; width: 291px;' align='undefined' valign='undefined'&gt;&amp;nbsp;&lt;/td&gt;
    &lt;/tr&gt;
  &lt;/tbody&gt;
&lt;/table&gt;</description>
                <styleUrl>#style0x70000</styleUrl>
                <Point>
                    <extrude xmlns:ns5="http://www.w3.org/2001/XMLSchema-instance" xmlns:ns6="http://www.w3.org/2001/XMLSchema" ns5:type="ns6:boolean">false</extrude>
                    <altitudeMode>clampToGround</altitudeMode>
                    <coordinates>-66.90206,10.491016</coordinates>
                </Point>
            </Placemark>
            <Placemark>
                <name> Incident :  Trains collide in Venezuela, toll unclear </name>
                <visibility xmlns:ns5="http://www.w3.org/2001/XMLSchema-instance" xmlns:ns6="http://www.w3.org/2001/XMLSchema" ns5:type="ns6:boolean">true</visibility>
                <open xmlns:ns5="http://www.w3.org/2001/XMLSchema-instance" xmlns:ns6="http://www.w3.org/2001/XMLSchema" ns5:type="ns6:boolean">false</open>
                <description>&lt;table style='text-align: left; width: 480px; height: 240px;' border='1' border-color='gray' border-style='solid' cellpadding='2' cellspacing='2'&gt;
&lt;tbody&gt;
    &lt;tr style='font-weight: bold;'&gt;
		&lt;td style='height: 78px; width: 184px;' align='undefined' valign='undefined'&gt;&lt;span style='font-weight: normal;'&gt;&lt;img src='http:\\66.216.18.155\Razient\iconsgi\suppliers.gif'/&gt;&lt;/span&gt;&lt;/td&gt;
		&lt;td colspan='3' rowspan='1' style='height: 78px; width: 291px;' align='undefined' valign='undefined'&gt;Caracas&amp;nbsp;
Avenida Principal de Chuao, Edificio Del RÃ­o&amp;nbsp;&lt;/td&gt;
    &lt;/tr&gt;
    &lt;tr&gt;
      &lt;td style='height: 0px; width: 184px; text-align: left;' valign='undefined'&gt;&lt;span style='font-weight: bold;'&gt;Summary:&lt;/span&gt;&lt;/td&gt;
	   &lt;td colspan='3' rowspan='1' style='height: 0px; width: 291px;' align='undefined' valign='undefined'&gt; Trains collide in Venezuela, toll unclear &amp;nbsp;&lt;/td&gt;
    &lt;/tr&gt;
    &lt;tr&gt;
      &lt;td style='width: 184px; height: 26px; font-weight: bold;' align='undefined' valign='undefined'&gt;Country&lt;/td&gt;
      &lt;td style='width: 292px; height: 26px;' align='undefined' valign='undefined'&gt;Venezuela&amp;nbsp;&lt;/td&gt;
      &lt;td style='height: 26px; width: 184px; font-weight: bold;' align='undefined' valign='undefined'&gt;Severity	&lt;/td&gt;
      &lt;td style='height: 26px; width: 291px;' align='undefined' valign='undefined'&gt;High&amp;nbsp;&lt;/td&gt;
    &lt;/tr&gt;
    &lt;tr&gt;
      &lt;td style='width: 184px; height: 30px; font-weight: bold;' align='undefined' valign='undefined'&gt;State&lt;/td&gt;
      &lt;td style='width: 292px; height: 30px;' align='undefined' valign='undefined'&gt;Distrito Federal&amp;nbsp;
&lt;/td&gt;
      &lt;td style='height: 30px; width: 184px; font-weight: bold;' align='undefined' valign='undefined'&gt;Type&lt;/td&gt;
      &lt;td style='height: 30px; width: 291px;' align='undefined' valign='undefined'&gt;Train Crash&amp;nbsp;&lt;/td&gt;
    &lt;/tr&gt;
    &lt;tr&gt;
      &lt;td style='width: 184px; height: 24px; font-weight: bold;' align='undefined' valign='undefined'&gt;City&lt;/td&gt;
      &lt;td style='width: 292px; height: 24px;' align='undefined' valign='undefined'&gt;caracas&amp;nbsp;
&lt;/td&gt;
      &lt;td style='height: 24px; width: 184px; font-weight: bold;' align='undefined' valign='undefined'&gt;Date&lt;/td&gt;
      &lt;td style='height: 24px; width: 291px;' align='undefined' valign='undefined'&gt;2011-09-29&amp;nbsp;
&lt;/td&gt;
    &lt;/tr&gt;
    &lt;tr&gt;
      &lt;td style='width: 184px; height: 26px; font-weight: bold;' align='undefined' valign='undefined'&gt;Deaths&lt;/td&gt;
      &lt;td style='width: 292px; height: 26px;' align='undefined' valign='undefined'&gt;0&amp;nbsp;
&lt;/td&gt;
      &lt;td style='height: 26px; width: 184px; font-weight: bold;' align='undefined' valign='undefined'&gt;Url&lt;/td&gt;
      &lt;td style='height: 26px; width: 291px;' align='undefined' valign='undefined'&gt;&lt;A href=' http://www.kgan.com/template/inews_wire/wires.international/306433bb-www.kgan.com.shtml'&gt;Link to News&amp;nbsp;&lt;/A&gt;
&lt;/td&gt;
    &lt;/tr&gt;
    &lt;tr&gt;
      &lt;td style='width: 184px; height: 90px; font-weight: bold;' align='undefined' valign='undefined'&gt;Description&lt;/td&gt;
      &lt;td colspan='3' rowspan='1' style='height: 90px; width: 291px;' align='undefined' valign='undefined'&gt; Venezuelas transportation ministersays two trains have collided outside Caracas and that officialsare headed to the site.the two trains collided in atunnel in Los Valles del Tuy in the Caracas suburbs.He did not provide details nor any toll of the injured&#xD;
&#xD;
&amp;nbsp;
&lt;/td&gt;
    &lt;/tr&gt;
  &lt;/tbody&gt;
&lt;/table&gt;</description>
                <styleUrl>#style4x93304</styleUrl>
                <Point>
                    <extrude xmlns:ns5="http://www.w3.org/2001/XMLSchema-instance" xmlns:ns6="http://www.w3.org/2001/XMLSchema" ns5:type="ns6:boolean">false</extrude>
                    <altitudeMode>clampToGround</altitudeMode>
                    <coordinates>-66.9185642,10.4269584</coordinates>
                </Point>
            </Placemark>
            <Placemark>
                <name>Austin</name>
                <visibility xmlns:ns5="http://www.w3.org/2001/XMLSchema-instance" xmlns:ns6="http://www.w3.org/2001/XMLSchema" ns5:type="ns6:boolean">true</visibility>
                <open xmlns:ns5="http://www.w3.org/2001/XMLSchema-instance" xmlns:ns6="http://www.w3.org/2001/XMLSchema" ns5:type="ns6:boolean">true</open>
                <address>300 West 6th Street,austin,Texas,United States</address>
                <description>&lt;table style='text-align: left; width: 480px; height: 240px;' border='1' border-color='gray' border-style='solid' cellpadding='2' cellspacing='2'&gt;
&lt;tbody&gt;
    &lt;tr style='font-weight: bold;'&gt;
		&lt;td style='height: 78px; width: 184px;' align='undefined' valign='undefined'&gt;&lt;span style='font-weight: normal;'&gt;&lt;img src='http:\\www.razient.com\Razient\iconsgi\customer.png'/&gt;&lt;/span&gt;&lt;/td&gt;
		&lt;td colspan='3' rowspan='1' style='height: 78px; width: 291px;' align='undefined' valign='undefined'&gt;Name: Austin&amp;nbsp;&lt;br&gt; Address: 300 West 6th Street - austin - Texas - United States&amp;nbsp;&lt;br&gt; Phone Number: &amp;nbsp;&lt;br&gt; Email: &amp;nbsp;&lt;br&gt; Primary Contact: &amp;nbsp;&lt;/td&gt;
    &lt;/tr&gt;
    &lt;tr&gt;
	   &lt;td colspan='3' rowspan='1' style='height: 0px; width: 291px;' align='undefined' valign='undefined'&gt;&amp;nbsp;&lt;/td&gt;
    &lt;/tr&gt;
  &lt;/tbody&gt;
&lt;/table&gt;</description>
                <styleUrl>#style0x70000</styleUrl>
                <Point>
                    <extrude xmlns:ns5="http://www.w3.org/2001/XMLSchema-instance" xmlns:ns6="http://www.w3.org/2001/XMLSchema" ns5:type="ns6:boolean">false</extrude>
                    <altitudeMode>clampToGround</altitudeMode>
                    <coordinates>-97.745575,30.26963</coordinates>
                </Point>
            </Placemark>
            <Placemark>
                <name> Incident :  Fire On Alamo Set Now 75 Percent Contained</name>
                <visibility xmlns:ns5="http://www.w3.org/2001/XMLSchema-instance" xmlns:ns6="http://www.w3.org/2001/XMLSchema" ns5:type="ns6:boolean">true</visibility>
                <open xmlns:ns5="http://www.w3.org/2001/XMLSchema-instance" xmlns:ns6="http://www.w3.org/2001/XMLSchema" ns5:type="ns6:boolean">false</open>
                <description>&lt;table style='text-align: left; width: 480px; height: 240px;' border='1' border-color='gray' border-style='solid' cellpadding='2' cellspacing='2'&gt;
&lt;tbody&gt;
    &lt;tr style='font-weight: bold;'&gt;
		&lt;td style='height: 78px; width: 184px;' align='undefined' valign='undefined'&gt;&lt;span style='font-weight: normal;'&gt;&lt;img src='http:\\66.216.18.155\Razient\iconsgi\suppliers.gif'/&gt;&lt;/span&gt;&lt;/td&gt;
		&lt;td colspan='3' rowspan='1' style='height: 78px; width: 291px;' align='undefined' valign='undefined'&gt;Austin&amp;nbsp;
300 West 6th Street&amp;nbsp;&lt;/td&gt;
    &lt;/tr&gt;
    &lt;tr&gt;
      &lt;td style='height: 0px; width: 184px; text-align: left;' valign='undefined'&gt;&lt;span style='font-weight: bold;'&gt;Summary:&lt;/span&gt;&lt;/td&gt;
	   &lt;td colspan='3' rowspan='1' style='height: 0px; width: 291px;' align='undefined' valign='undefined'&gt; Fire On Alamo Set Now 75 Percent Contained&amp;nbsp;&lt;/td&gt;
    &lt;/tr&gt;
    &lt;tr&gt;
      &lt;td style='width: 184px; height: 26px; font-weight: bold;' align='undefined' valign='undefined'&gt;Country&lt;/td&gt;
      &lt;td style='width: 292px; height: 26px;' align='undefined' valign='undefined'&gt;United States&amp;nbsp;&lt;/td&gt;
      &lt;td style='height: 26px; width: 184px; font-weight: bold;' align='undefined' valign='undefined'&gt;Severity	&lt;/td&gt;
      &lt;td style='height: 26px; width: 291px;' align='undefined' valign='undefined'&gt;Medium&amp;nbsp;&lt;/td&gt;
    &lt;/tr&gt;
    &lt;tr&gt;
      &lt;td style='width: 184px; height: 30px; font-weight: bold;' align='undefined' valign='undefined'&gt;State&lt;/td&gt;
      &lt;td style='width: 292px; height: 30px;' align='undefined' valign='undefined'&gt;Texas&amp;nbsp;
&lt;/td&gt;
      &lt;td style='height: 30px; width: 184px; font-weight: bold;' align='undefined' valign='undefined'&gt;Type&lt;/td&gt;
      &lt;td style='height: 30px; width: 291px;' align='undefined' valign='undefined'&gt;Fire&amp;nbsp;&lt;/td&gt;
    &lt;/tr&gt;
    &lt;tr&gt;
      &lt;td style='width: 184px; height: 24px; font-weight: bold;' align='undefined' valign='undefined'&gt;City&lt;/td&gt;
      &lt;td style='width: 292px; height: 24px;' align='undefined' valign='undefined'&gt;austin&amp;nbsp;
&lt;/td&gt;
      &lt;td style='height: 24px; width: 184px; font-weight: bold;' align='undefined' valign='undefined'&gt;Date&lt;/td&gt;
      &lt;td style='height: 24px; width: 291px;' align='undefined' valign='undefined'&gt;2011-09-28&amp;nbsp;
&lt;/td&gt;
    &lt;/tr&gt;
    &lt;tr&gt;
      &lt;td style='width: 184px; height: 26px; font-weight: bold;' align='undefined' valign='undefined'&gt;Deaths&lt;/td&gt;
      &lt;td style='width: 292px; height: 26px;' align='undefined' valign='undefined'&gt;0&amp;nbsp;
&lt;/td&gt;
      &lt;td style='height: 26px; width: 184px; font-weight: bold;' align='undefined' valign='undefined'&gt;Url&lt;/td&gt;
      &lt;td style='height: 26px; width: 291px;' align='undefined' valign='undefined'&gt;&lt;A href=' http://www.kcentv.com/story/15569628/fire-on-alamo-set-now-75-percent-contained'&gt;Link to News&amp;nbsp;&lt;/A&gt;
&lt;/td&gt;
    &lt;/tr&gt;
    &lt;tr&gt;
      &lt;td style='width: 184px; height: 90px; font-weight: bold;' align='undefined' valign='undefined'&gt;Description&lt;/td&gt;
      &lt;td colspan='3' rowspan='1' style='height: 90px; width: 291px;' align='undefined' valign='undefined'&gt;Firefighters are still on the scene in western Travis county Wednesday morning trying to completely snuff out the wildfire burning through a giant Hollywood movie set.The blaze off Hamilton Pool Road has burned at least 200 acres but is 75 percent contained Wednesday morning&#xD;
&amp;nbsp;
&lt;/td&gt;
    &lt;/tr&gt;
  &lt;/tbody&gt;
&lt;/table&gt;</description>
                <styleUrl>#style9x93309</styleUrl>
                <Point>
                    <extrude xmlns:ns5="http://www.w3.org/2001/XMLSchema-instance" xmlns:ns6="http://www.w3.org/2001/XMLSchema" ns5:type="ns6:boolean">false</extrude>
                    <altitudeMode>clampToGround</altitudeMode>
                    <coordinates>-98.021379,30.303411</coordinates>
                </Point>
            </Placemark>
            <Placemark>
                <name>Buffalo</name>
                <visibility xmlns:ns5="http://www.w3.org/2001/XMLSchema-instance" xmlns:ns6="http://www.w3.org/2001/XMLSchema" ns5:type="ns6:boolean">true</visibility>
                <open xmlns:ns5="http://www.w3.org/2001/XMLSchema-instance" xmlns:ns6="http://www.w3.org/2001/XMLSchema" ns5:type="ns6:boolean">true</open>
                <address>3600 HSBC Center,buffalo,New York,United States</address>
                <description>&lt;table style='text-align: left; width: 480px; height: 240px;' border='1' border-color='gray' border-style='solid' cellpadding='2' cellspacing='2'&gt;
&lt;tbody&gt;
    &lt;tr style='font-weight: bold;'&gt;
		&lt;td style='height: 78px; width: 184px;' align='undefined' valign='undefined'&gt;&lt;span style='font-weight: normal;'&gt;&lt;img src='http:\\www.razient.com\Razient\iconsgi\customer.png'/&gt;&lt;/span&gt;&lt;/td&gt;
		&lt;td colspan='3' rowspan='1' style='height: 78px; width: 291px;' align='undefined' valign='undefined'&gt;Name: Buffalo&amp;nbsp;&lt;br&gt; Address: 3600 HSBC Center - buffalo - New York - United States&amp;nbsp;&lt;br&gt; Phone Number: &amp;nbsp;&lt;br&gt; Email: &amp;nbsp;&lt;br&gt; Primary Contact: &amp;nbsp;&lt;/td&gt;
    &lt;/tr&gt;
    &lt;tr&gt;
	   &lt;td colspan='3' rowspan='1' style='height: 0px; width: 291px;' align='undefined' valign='undefined'&gt;&amp;nbsp;&lt;/td&gt;
    &lt;/tr&gt;
  &lt;/tbody&gt;
&lt;/table&gt;</description>
                <styleUrl>#style0x70000</styleUrl>
                <Point>
                    <extrude xmlns:ns5="http://www.w3.org/2001/XMLSchema-instance" xmlns:ns6="http://www.w3.org/2001/XMLSchema" ns5:type="ns6:boolean">false</extrude>
                    <altitudeMode>clampToGround</altitudeMode>
                    <coordinates>-78.87837,42.886448</coordinates>
                </Point>
            </Placemark>
            <Placemark>
                <name> Incident :  SeaPak Breaded Butterfly Shrimp recalled for undeclared milk&#xD;
</name>
                <visibility xmlns:ns5="http://www.w3.org/2001/XMLSchema-instance" xmlns:ns6="http://www.w3.org/2001/XMLSchema" ns5:type="ns6:boolean">true</visibility>
                <open xmlns:ns5="http://www.w3.org/2001/XMLSchema-instance" xmlns:ns6="http://www.w3.org/2001/XMLSchema" ns5:type="ns6:boolean">false</open>
                <description>&lt;table style='text-align: left; width: 480px; height: 240px;' border='1' border-color='gray' border-style='solid' cellpadding='2' cellspacing='2'&gt;
&lt;tbody&gt;
    &lt;tr style='font-weight: bold;'&gt;
		&lt;td style='height: 78px; width: 184px;' align='undefined' valign='undefined'&gt;&lt;span style='font-weight: normal;'&gt;&lt;img src='http:\\66.216.18.155\Razient\iconsgi\suppliers.gif'/&gt;&lt;/span&gt;&lt;/td&gt;
		&lt;td colspan='3' rowspan='1' style='height: 78px; width: 291px;' align='undefined' valign='undefined'&gt;Buffalo&amp;nbsp;
3600 HSBC Center&amp;nbsp;&lt;/td&gt;
    &lt;/tr&gt;
    &lt;tr&gt;
      &lt;td style='height: 0px; width: 184px; text-align: left;' valign='undefined'&gt;&lt;span style='font-weight: bold;'&gt;Summary:&lt;/span&gt;&lt;/td&gt;
	   &lt;td colspan='3' rowspan='1' style='height: 0px; width: 291px;' align='undefined' valign='undefined'&gt; SeaPak Breaded Butterfly Shrimp recalled for undeclared milk&#xD;
&amp;nbsp;&lt;/td&gt;
    &lt;/tr&gt;
    &lt;tr&gt;
      &lt;td style='width: 184px; height: 26px; font-weight: bold;' align='undefined' valign='undefined'&gt;Country&lt;/td&gt;
      &lt;td style='width: 292px; height: 26px;' align='undefined' valign='undefined'&gt;United States&amp;nbsp;&lt;/td&gt;
      &lt;td style='height: 26px; width: 184px; font-weight: bold;' align='undefined' valign='undefined'&gt;Severity	&lt;/td&gt;
      &lt;td style='height: 26px; width: 291px;' align='undefined' valign='undefined'&gt;Medium&amp;nbsp;&lt;/td&gt;
    &lt;/tr&gt;
    &lt;tr&gt;
      &lt;td style='width: 184px; height: 30px; font-weight: bold;' align='undefined' valign='undefined'&gt;State&lt;/td&gt;
      &lt;td style='width: 292px; height: 30px;' align='undefined' valign='undefined'&gt;New York&amp;nbsp;
&lt;/td&gt;
      &lt;td style='height: 30px; width: 184px; font-weight: bold;' align='undefined' valign='undefined'&gt;Type&lt;/td&gt;
      &lt;td style='height: 30px; width: 291px;' align='undefined' valign='undefined'&gt;Food Recall&amp;nbsp;&lt;/td&gt;
    &lt;/tr&gt;
    &lt;tr&gt;
      &lt;td style='width: 184px; height: 24px; font-weight: bold;' align='undefined' valign='undefined'&gt;City&lt;/td&gt;
      &lt;td style='width: 292px; height: 24px;' align='undefined' valign='undefined'&gt;buffalo&amp;nbsp;
&lt;/td&gt;
      &lt;td style='height: 24px; width: 184px; font-weight: bold;' align='undefined' valign='undefined'&gt;Date&lt;/td&gt;
      &lt;td style='height: 24px; width: 291px;' align='undefined' valign='undefined'&gt;2011-09-27&amp;nbsp;
&lt;/td&gt;
    &lt;/tr&gt;
    &lt;tr&gt;
      &lt;td style='width: 184px; height: 26px; font-weight: bold;' align='undefined' valign='undefined'&gt;Deaths&lt;/td&gt;
      &lt;td style='width: 292px; height: 26px;' align='undefined' valign='undefined'&gt;0&amp;nbsp;
&lt;/td&gt;
      &lt;td style='height: 26px; width: 184px; font-weight: bold;' align='undefined' valign='undefined'&gt;Url&lt;/td&gt;
      &lt;td style='height: 26px; width: 291px;' align='undefined' valign='undefined'&gt;&lt;A href=' http://pottsmerc.com/articles/2011/09/27/news/doc4e81b5eb68547761732096.txt'&gt;Link to News&amp;nbsp;&lt;/A&gt;
&lt;/td&gt;
    &lt;/tr&gt;
    &lt;tr&gt;
      &lt;td style='width: 184px; height: 90px; font-weight: bold;' align='undefined' valign='undefined'&gt;Description&lt;/td&gt;
      &lt;td colspan='3' rowspan='1' style='height: 90px; width: 291px;' align='undefined' valign='undefined'&gt; Rich Products Corporation is voluntarily recalling SeaPak Breaded Butterfly Shrimp Ready to Fry, Net Weight 22 oz., Product Code 10302, because the product contains an undeclared milk ingredient.&amp;nbsp;
&lt;/td&gt;
    &lt;/tr&gt;
  &lt;/tbody&gt;
&lt;/table&gt;</description>
                <styleUrl>#style24x93324</styleUrl>
                <Point>
                    <extrude xmlns:ns5="http://www.w3.org/2001/XMLSchema-instance" xmlns:ns6="http://www.w3.org/2001/XMLSchema" ns5:type="ns6:boolean">false</extrude>
                    <altitudeMode>clampToGround</altitudeMode>
                    <coordinates>-78.8783689,42.8864468</coordinates>
                </Point>
            </Placemark>
            <Placemark>
                <name>Salt Lake City</name>
                <visibility xmlns:ns5="http://www.w3.org/2001/XMLSchema-instance" xmlns:ns6="http://www.w3.org/2001/XMLSchema" ns5:type="ns6:boolean">true</visibility>
                <open xmlns:ns5="http://www.w3.org/2001/XMLSchema-instance" xmlns:ns6="http://www.w3.org/2001/XMLSchema" ns5:type="ns6:boolean">true</open>
                <address>201 South Main Street,salt lake city,Utah,United States</address>
                <description>&lt;table style='text-align: left; width: 480px; height: 240px;' border='1' border-color='gray' border-style='solid' cellpadding='2' cellspacing='2'&gt;
&lt;tbody&gt;
    &lt;tr style='font-weight: bold;'&gt;
		&lt;td style='height: 78px; width: 184px;' align='undefined' valign='undefined'&gt;&lt;span style='font-weight: normal;'&gt;&lt;img src='http:\\www.razient.com\Razient\iconsgi\customer.png'/&gt;&lt;/span&gt;&lt;/td&gt;
		&lt;td colspan='3' rowspan='1' style='height: 78px; width: 291px;' align='undefined' valign='undefined'&gt;Name: Salt Lake City&amp;nbsp;&lt;br&gt; Address: 201 South Main Street - salt lake city - Utah - United States&amp;nbsp;&lt;br&gt; Phone Number: &amp;nbsp;&lt;br&gt; Email: &amp;nbsp;&lt;br&gt; Primary Contact: &amp;nbsp;&lt;/td&gt;
    &lt;/tr&gt;
    &lt;tr&gt;
	   &lt;td colspan='3' rowspan='1' style='height: 0px; width: 291px;' align='undefined' valign='undefined'&gt;&amp;nbsp;&lt;/td&gt;
    &lt;/tr&gt;
  &lt;/tbody&gt;
&lt;/table&gt;</description>
                <styleUrl>#style0x70000</styleUrl>
                <Point>
                    <extrude xmlns:ns5="http://www.w3.org/2001/XMLSchema-instance" xmlns:ns6="http://www.w3.org/2001/XMLSchema" ns5:type="ns6:boolean">false</extrude>
                    <altitudeMode>clampToGround</altitudeMode>
                    <coordinates>-111.89054,40.764877</coordinates>
                </Point>
            </Placemark>
            <Placemark>
                <name> Incident :  Police shoot, kill man following attempted robbery</name>
                <visibility xmlns:ns5="http://www.w3.org/2001/XMLSchema-instance" xmlns:ns6="http://www.w3.org/2001/XMLSchema" ns5:type="ns6:boolean">true</visibility>
                <open xmlns:ns5="http://www.w3.org/2001/XMLSchema-instance" xmlns:ns6="http://www.w3.org/2001/XMLSchema" ns5:type="ns6:boolean">false</open>
                <description>&lt;table style='text-align: left; width: 480px; height: 240px;' border='1' border-color='gray' border-style='solid' cellpadding='2' cellspacing='2'&gt;
&lt;tbody&gt;
    &lt;tr style='font-weight: bold;'&gt;
		&lt;td style='height: 78px; width: 184px;' align='undefined' valign='undefined'&gt;&lt;span style='font-weight: normal;'&gt;&lt;img src='http:\\66.216.18.155\Razient\iconsgi\suppliers.gif'/&gt;&lt;/span&gt;&lt;/td&gt;
		&lt;td colspan='3' rowspan='1' style='height: 78px; width: 291px;' align='undefined' valign='undefined'&gt;Salt Lake City&amp;nbsp;
201 South Main Street&amp;nbsp;&lt;/td&gt;
    &lt;/tr&gt;
    &lt;tr&gt;
      &lt;td style='height: 0px; width: 184px; text-align: left;' valign='undefined'&gt;&lt;span style='font-weight: bold;'&gt;Summary:&lt;/span&gt;&lt;/td&gt;
	   &lt;td colspan='3' rowspan='1' style='height: 0px; width: 291px;' align='undefined' valign='undefined'&gt; Police shoot, kill man following attempted robbery&amp;nbsp;&lt;/td&gt;
    &lt;/tr&gt;
    &lt;tr&gt;
      &lt;td style='width: 184px; height: 26px; font-weight: bold;' align='undefined' valign='undefined'&gt;Country&lt;/td&gt;
      &lt;td style='width: 292px; height: 26px;' align='undefined' valign='undefined'&gt;United States&amp;nbsp;&lt;/td&gt;
      &lt;td style='height: 26px; width: 184px; font-weight: bold;' align='undefined' valign='undefined'&gt;Severity	&lt;/td&gt;
      &lt;td style='height: 26px; width: 291px;' align='undefined' valign='undefined'&gt;Medium&amp;nbsp;&lt;/td&gt;
    &lt;/tr&gt;
    &lt;tr&gt;
      &lt;td style='width: 184px; height: 30px; font-weight: bold;' align='undefined' valign='undefined'&gt;State&lt;/td&gt;
      &lt;td style='width: 292px; height: 30px;' align='undefined' valign='undefined'&gt;Utah&amp;nbsp;
&lt;/td&gt;
      &lt;td style='height: 30px; width: 184px; font-weight: bold;' align='undefined' valign='undefined'&gt;Type&lt;/td&gt;
      &lt;td style='height: 30px; width: 291px;' align='undefined' valign='undefined'&gt;Shooting&amp;nbsp;&lt;/td&gt;
    &lt;/tr&gt;
    &lt;tr&gt;
      &lt;td style='width: 184px; height: 24px; font-weight: bold;' align='undefined' valign='undefined'&gt;City&lt;/td&gt;
      &lt;td style='width: 292px; height: 24px;' align='undefined' valign='undefined'&gt;salt lake city&amp;nbsp;
&lt;/td&gt;
      &lt;td style='height: 24px; width: 184px; font-weight: bold;' align='undefined' valign='undefined'&gt;Date&lt;/td&gt;
      &lt;td style='height: 24px; width: 291px;' align='undefined' valign='undefined'&gt;2011-09-27&amp;nbsp;
&lt;/td&gt;
    &lt;/tr&gt;
    &lt;tr&gt;
      &lt;td style='width: 184px; height: 26px; font-weight: bold;' align='undefined' valign='undefined'&gt;Deaths&lt;/td&gt;
      &lt;td style='width: 292px; height: 26px;' align='undefined' valign='undefined'&gt;1&amp;nbsp;
&lt;/td&gt;
      &lt;td style='height: 26px; width: 184px; font-weight: bold;' align='undefined' valign='undefined'&gt;Url&lt;/td&gt;
      &lt;td style='height: 26px; width: 291px;' align='undefined' valign='undefined'&gt;&lt;A href=' http://www.deseretnews.com/article/705391531/Police-shoot-kill-man-following-attempted-robbery.html'&gt;Link to News&amp;nbsp;&lt;/A&gt;
&lt;/td&gt;
    &lt;/tr&gt;
    &lt;tr&gt;
      &lt;td style='width: 184px; height: 90px; font-weight: bold;' align='undefined' valign='undefined'&gt;Description&lt;/td&gt;
      &lt;td colspan='3' rowspan='1' style='height: 90px; width: 291px;' align='undefined' valign='undefined'&gt;Police shot and killed a 43year old man Tuesday afternoon while investigating a nearby attempted armed robbery about an hour earlier.&amp;nbsp;
&lt;/td&gt;
    &lt;/tr&gt;
  &lt;/tbody&gt;
&lt;/table&gt;</description>
                <styleUrl>#style1x93301</styleUrl>
                <Point>
                    <extrude xmlns:ns5="http://www.w3.org/2001/XMLSchema-instance" xmlns:ns6="http://www.w3.org/2001/XMLSchema" ns5:type="ns6:boolean">false</extrude>
                    <altitudeMode>clampToGround</altitudeMode>
                    <coordinates>-111.89,40.7653</coordinates>
                </Point>
            </Placemark>
            <Placemark>
                <name>Dallas</name>
                <visibility xmlns:ns5="http://www.w3.org/2001/XMLSchema-instance" xmlns:ns6="http://www.w3.org/2001/XMLSchema" ns5:type="ns6:boolean">true</visibility>
                <open xmlns:ns5="http://www.w3.org/2001/XMLSchema-instance" xmlns:ns6="http://www.w3.org/2001/XMLSchema" ns5:type="ns6:boolean">true</open>
                <address>2001 Ross Avenue,dallas,Texas,United States</address>
                <description>&lt;table style='text-align: left; width: 480px; height: 240px;' border='1' border-color='gray' border-style='solid' cellpadding='2' cellspacing='2'&gt;
&lt;tbody&gt;
    &lt;tr style='font-weight: bold;'&gt;
		&lt;td style='height: 78px; width: 184px;' align='undefined' valign='undefined'&gt;&lt;span style='font-weight: normal;'&gt;&lt;img src='http:\\www.razient.com\Razient\iconsgi\customer.png'/&gt;&lt;/span&gt;&lt;/td&gt;
		&lt;td colspan='3' rowspan='1' style='height: 78px; width: 291px;' align='undefined' valign='undefined'&gt;Name: Dallas&amp;nbsp;&lt;br&gt; Address: 2001 Ross Avenue - dallas - Texas - United States&amp;nbsp;&lt;br&gt; Phone Number: &amp;nbsp;&lt;br&gt; Email: &amp;nbsp;&lt;br&gt; Primary Contact: &amp;nbsp;&lt;/td&gt;
    &lt;/tr&gt;
    &lt;tr&gt;
	   &lt;td colspan='3' rowspan='1' style='height: 0px; width: 291px;' align='undefined' valign='undefined'&gt;&amp;nbsp;&lt;/td&gt;
    &lt;/tr&gt;
  &lt;/tbody&gt;
&lt;/table&gt;</description>
                <styleUrl>#style0x70000</styleUrl>
                <Point>
                    <extrude xmlns:ns5="http://www.w3.org/2001/XMLSchema-instance" xmlns:ns6="http://www.w3.org/2001/XMLSchema" ns5:type="ns6:boolean">false</extrude>
                    <altitudeMode>clampToGround</altitudeMode>
                    <coordinates>-96.79896,32.787388</coordinates>
                </Point>
            </Placemark>
            <Placemark>
                <name> Incident :  Fire temporarily shuts down original Sonny Bryans on Inwood</name>
                <visibility xmlns:ns5="http://www.w3.org/2001/XMLSchema-instance" xmlns:ns6="http://www.w3.org/2001/XMLSchema" ns5:type="ns6:boolean">true</visibility>
                <open xmlns:ns5="http://www.w3.org/2001/XMLSchema-instance" xmlns:ns6="http://www.w3.org/2001/XMLSchema" ns5:type="ns6:boolean">false</open>
                <description>&lt;table style='text-align: left; width: 480px; height: 240px;' border='1' border-color='gray' border-style='solid' cellpadding='2' cellspacing='2'&gt;
&lt;tbody&gt;
    &lt;tr style='font-weight: bold;'&gt;
		&lt;td style='height: 78px; width: 184px;' align='undefined' valign='undefined'&gt;&lt;span style='font-weight: normal;'&gt;&lt;img src='http:\\66.216.18.155\Razient\iconsgi\suppliers.gif'/&gt;&lt;/span&gt;&lt;/td&gt;
		&lt;td colspan='3' rowspan='1' style='height: 78px; width: 291px;' align='undefined' valign='undefined'&gt;Dallas&amp;nbsp;
2001 Ross Avenue&amp;nbsp;&lt;/td&gt;
    &lt;/tr&gt;
    &lt;tr&gt;
      &lt;td style='height: 0px; width: 184px; text-align: left;' valign='undefined'&gt;&lt;span style='font-weight: bold;'&gt;Summary:&lt;/span&gt;&lt;/td&gt;
	   &lt;td colspan='3' rowspan='1' style='height: 0px; width: 291px;' align='undefined' valign='undefined'&gt; Fire temporarily shuts down original Sonny Bryans on Inwood&amp;nbsp;&lt;/td&gt;
    &lt;/tr&gt;
    &lt;tr&gt;
      &lt;td style='width: 184px; height: 26px; font-weight: bold;' align='undefined' valign='undefined'&gt;Country&lt;/td&gt;
      &lt;td style='width: 292px; height: 26px;' align='undefined' valign='undefined'&gt;United States&amp;nbsp;&lt;/td&gt;
      &lt;td style='height: 26px; width: 184px; font-weight: bold;' align='undefined' valign='undefined'&gt;Severity	&lt;/td&gt;
      &lt;td style='height: 26px; width: 291px;' align='undefined' valign='undefined'&gt;Medium&amp;nbsp;&lt;/td&gt;
    &lt;/tr&gt;
    &lt;tr&gt;
      &lt;td style='width: 184px; height: 30px; font-weight: bold;' align='undefined' valign='undefined'&gt;State&lt;/td&gt;
      &lt;td style='width: 292px; height: 30px;' align='undefined' valign='undefined'&gt;Texas&amp;nbsp;
&lt;/td&gt;
      &lt;td style='height: 30px; width: 184px; font-weight: bold;' align='undefined' valign='undefined'&gt;Type&lt;/td&gt;
      &lt;td style='height: 30px; width: 291px;' align='undefined' valign='undefined'&gt;Fire&amp;nbsp;&lt;/td&gt;
    &lt;/tr&gt;
    &lt;tr&gt;
      &lt;td style='width: 184px; height: 24px; font-weight: bold;' align='undefined' valign='undefined'&gt;City&lt;/td&gt;
      &lt;td style='width: 292px; height: 24px;' align='undefined' valign='undefined'&gt;dallas&amp;nbsp;
&lt;/td&gt;
      &lt;td style='height: 24px; width: 184px; font-weight: bold;' align='undefined' valign='undefined'&gt;Date&lt;/td&gt;
      &lt;td style='height: 24px; width: 291px;' align='undefined' valign='undefined'&gt;2011-09-27&amp;nbsp;
&lt;/td&gt;
    &lt;/tr&gt;
    &lt;tr&gt;
      &lt;td style='width: 184px; height: 26px; font-weight: bold;' align='undefined' valign='undefined'&gt;Deaths&lt;/td&gt;
      &lt;td style='width: 292px; height: 26px;' align='undefined' valign='undefined'&gt;0&amp;nbsp;
&lt;/td&gt;
      &lt;td style='height: 26px; width: 184px; font-weight: bold;' align='undefined' valign='undefined'&gt;Url&lt;/td&gt;
      &lt;td style='height: 26px; width: 291px;' align='undefined' valign='undefined'&gt;&lt;A href=' http://www.pegasusnews.com/news/2011/sep/28/fire-temporarily-shuts-down-sonny-bryans-inwood/'&gt;Link to News&amp;nbsp;&lt;/A&gt;
&lt;/td&gt;
    &lt;/tr&gt;
    &lt;tr&gt;
      &lt;td style='width: 184px; height: 90px; font-weight: bold;' align='undefined' valign='undefined'&gt;Description&lt;/td&gt;
      &lt;td colspan='3' rowspan='1' style='height: 90px; width: 291px;' align='undefined' valign='undefined'&gt; There was a fire at Sonny Bryans on Tuesday night, sufficiently damaging the restaurant so that it is closed until the weekend.&amp;nbsp;
&lt;/td&gt;
    &lt;/tr&gt;
  &lt;/tbody&gt;
&lt;/table&gt;</description>
                <styleUrl>#style9x93309</styleUrl>
                <Point>
                    <extrude xmlns:ns5="http://www.w3.org/2001/XMLSchema-instance" xmlns:ns6="http://www.w3.org/2001/XMLSchema" ns5:type="ns6:boolean">false</extrude>
                    <altitudeMode>clampToGround</altitudeMode>
                    <coordinates>-96.8212909,32.8725949</coordinates>
                </Point>
            </Placemark>
            <Placemark>
                <name>Philadelphia</name>
                <visibility xmlns:ns5="http://www.w3.org/2001/XMLSchema-instance" xmlns:ns6="http://www.w3.org/2001/XMLSchema" ns5:type="ns6:boolean">true</visibility>
                <open xmlns:ns5="http://www.w3.org/2001/XMLSchema-instance" xmlns:ns6="http://www.w3.org/2001/XMLSchema" ns5:type="ns6:boolean">true</open>
                <address>2001 Market Street,philadelphia,Pennsylvania,United States</address>
                <description>&lt;table style='text-align: left; width: 480px; height: 240px;' border='1' border-color='gray' border-style='solid' cellpadding='2' cellspacing='2'&gt;
&lt;tbody&gt;
    &lt;tr style='font-weight: bold;'&gt;
		&lt;td style='height: 78px; width: 184px;' align='undefined' valign='undefined'&gt;&lt;span style='font-weight: normal;'&gt;&lt;img src='http:\\www.razient.com\Razient\iconsgi\customer.png'/&gt;&lt;/span&gt;&lt;/td&gt;
		&lt;td colspan='3' rowspan='1' style='height: 78px; width: 291px;' align='undefined' valign='undefined'&gt;Name: Philadelphia&amp;nbsp;&lt;br&gt; Address: 2001 Market Street - philadelphia - Pennsylvania - United States&amp;nbsp;&lt;br&gt; Phone Number: &amp;nbsp;&lt;br&gt; Email: &amp;nbsp;&lt;br&gt; Primary Contact: &amp;nbsp;&lt;/td&gt;
    &lt;/tr&gt;
    &lt;tr&gt;
	   &lt;td colspan='3' rowspan='1' style='height: 0px; width: 291px;' align='undefined' valign='undefined'&gt;&amp;nbsp;&lt;/td&gt;
    &lt;/tr&gt;
  &lt;/tbody&gt;
&lt;/table&gt;</description>
                <styleUrl>#style0x70000</styleUrl>
                <Point>
                    <extrude xmlns:ns5="http://www.w3.org/2001/XMLSchema-instance" xmlns:ns6="http://www.w3.org/2001/XMLSchema" ns5:type="ns6:boolean">false</extrude>
                    <altitudeMode>clampToGround</altitudeMode>
                    <coordinates>-75.17356,39.953968</coordinates>
                </Point>
            </Placemark>
            <Placemark>
                <name> Incident :  Four injured in shooting caused by school dispute</name>
                <visibility xmlns:ns5="http://www.w3.org/2001/XMLSchema-instance" xmlns:ns6="http://www.w3.org/2001/XMLSchema" ns5:type="ns6:boolean">true</visibility>
                <open xmlns:ns5="http://www.w3.org/2001/XMLSchema-instance" xmlns:ns6="http://www.w3.org/2001/XMLSchema" ns5:type="ns6:boolean">false</open>
                <description>&lt;table style='text-align: left; width: 480px; height: 240px;' border='1' border-color='gray' border-style='solid' cellpadding='2' cellspacing='2'&gt;
&lt;tbody&gt;
    &lt;tr style='font-weight: bold;'&gt;
		&lt;td style='height: 78px; width: 184px;' align='undefined' valign='undefined'&gt;&lt;span style='font-weight: normal;'&gt;&lt;img src='http:\\66.216.18.155\Razient\iconsgi\suppliers.gif'/&gt;&lt;/span&gt;&lt;/td&gt;
		&lt;td colspan='3' rowspan='1' style='height: 78px; width: 291px;' align='undefined' valign='undefined'&gt;Philadelphia&amp;nbsp;
2001 Market Street&amp;nbsp;&lt;/td&gt;
    &lt;/tr&gt;
    &lt;tr&gt;
      &lt;td style='height: 0px; width: 184px; text-align: left;' valign='undefined'&gt;&lt;span style='font-weight: bold;'&gt;Summary:&lt;/span&gt;&lt;/td&gt;
	   &lt;td colspan='3' rowspan='1' style='height: 0px; width: 291px;' align='undefined' valign='undefined'&gt; Four injured in shooting caused by school dispute&amp;nbsp;&lt;/td&gt;
    &lt;/tr&gt;
    &lt;tr&gt;
      &lt;td style='width: 184px; height: 26px; font-weight: bold;' align='undefined' valign='undefined'&gt;Country&lt;/td&gt;
      &lt;td style='width: 292px; height: 26px;' align='undefined' valign='undefined'&gt;United States&amp;nbsp;&lt;/td&gt;
      &lt;td style='height: 26px; width: 184px; font-weight: bold;' align='undefined' valign='undefined'&gt;Severity	&lt;/td&gt;
      &lt;td style='height: 26px; width: 291px;' align='undefined' valign='undefined'&gt;Medium&amp;nbsp;&lt;/td&gt;
    &lt;/tr&gt;
    &lt;tr&gt;
      &lt;td style='width: 184px; height: 30px; font-weight: bold;' align='undefined' valign='undefined'&gt;State&lt;/td&gt;
      &lt;td style='width: 292px; height: 30px;' align='undefined' valign='undefined'&gt;Pennsylvania&amp;nbsp;
&lt;/td&gt;
      &lt;td style='height: 30px; width: 184px; font-weight: bold;' align='undefined' valign='undefined'&gt;Type&lt;/td&gt;
      &lt;td style='height: 30px; width: 291px;' align='undefined' valign='undefined'&gt;Shooting&amp;nbsp;&lt;/td&gt;
    &lt;/tr&gt;
    &lt;tr&gt;
      &lt;td style='width: 184px; height: 24px; font-weight: bold;' align='undefined' valign='undefined'&gt;City&lt;/td&gt;
      &lt;td style='width: 292px; height: 24px;' align='undefined' valign='undefined'&gt;philadelphia&amp;nbsp;
&lt;/td&gt;
      &lt;td style='height: 24px; width: 184px; font-weight: bold;' align='undefined' valign='undefined'&gt;Date&lt;/td&gt;
      &lt;td style='height: 24px; width: 291px;' align='undefined' valign='undefined'&gt;2011-09-27&amp;nbsp;
&lt;/td&gt;
    &lt;/tr&gt;
    &lt;tr&gt;
      &lt;td style='width: 184px; height: 26px; font-weight: bold;' align='undefined' valign='undefined'&gt;Deaths&lt;/td&gt;
      &lt;td style='width: 292px; height: 26px;' align='undefined' valign='undefined'&gt;0&amp;nbsp;
&lt;/td&gt;
      &lt;td style='height: 26px; width: 184px; font-weight: bold;' align='undefined' valign='undefined'&gt;Url&lt;/td&gt;
      &lt;td style='height: 26px; width: 291px;' align='undefined' valign='undefined'&gt;&lt;A href=' http://www.wfmz.com/news/news-regional-southeasternpa/Four-injured-in-shooting-caused-by-school-dispute/-/121434/1749016/-/u8h8wwz/-/'&gt;Link to News&amp;nbsp;&lt;/A&gt;
&lt;/td&gt;
    &lt;/tr&gt;
    &lt;tr&gt;
      &lt;td style='width: 184px; height: 90px; font-weight: bold;' align='undefined' valign='undefined'&gt;Description&lt;/td&gt;
      &lt;td colspan='3' rowspan='1' style='height: 90px; width: 291px;' align='undefined' valign='undefined'&gt; Four people were injured, including a toddler, after a dispute between high school girls led to a shooting.Police said two men opened fire on a home in Philadelphia Tuesday night. A 2 yearold girl was struck twice. A 10 year old boy and a 59 yearold woman were also wounded&amp;nbsp;
&lt;/td&gt;
    &lt;/tr&gt;
  &lt;/tbody&gt;
&lt;/table&gt;</description>
                <styleUrl>#style1x93301</styleUrl>
                <Point>
                    <extrude xmlns:ns5="http://www.w3.org/2001/XMLSchema-instance" xmlns:ns6="http://www.w3.org/2001/XMLSchema" ns5:type="ns6:boolean">false</extrude>
                    <altitudeMode>clampToGround</altitudeMode>
                    <coordinates>-75.163789,39.956835</coordinates>
                </Point>
            </Placemark>
            <Placemark>
                <name>Citrix Supplier 1 - Headquarters</name>
                <visibility xmlns:ns5="http://www.w3.org/2001/XMLSchema-instance" xmlns:ns6="http://www.w3.org/2001/XMLSchema" ns5:type="ns6:boolean">true</visibility>
                <open xmlns:ns5="http://www.w3.org/2001/XMLSchema-instance" xmlns:ns6="http://www.w3.org/2001/XMLSchema" ns5:type="ns6:boolean">true</open>
                <address>12500 TI Blvd,dallas,Texas,United States</address>
                <description>&lt;table style='text-align: left; width: 480px; height: 240px;' border='1' border-color='gray' border-style='solid' cellpadding='2' cellspacing='2'&gt;
&lt;tbody&gt;
    &lt;tr style='font-weight: bold;'&gt;
		&lt;td style='height: 78px; width: 184px;' align='undefined' valign='undefined'&gt;&lt;span style='font-weight: normal;'&gt;&lt;img src='http:\\www.razient.com\Razient\iconsgi\supplier.png'/&gt;&lt;/span&gt;&lt;/td&gt;
		&lt;td colspan='3' rowspan='1' style='height: 78px; width: 291px;' align='undefined' valign='undefined'&gt;Name: Citrix Supplier 1 - Headquarters&amp;nbsp;&lt;br&gt; Address: 12500 TI Blvd - dallas - Texas - United States&amp;nbsp;&lt;br&gt; Phone Number: &amp;nbsp;&lt;br&gt; Email: &amp;nbsp;&lt;br&gt; Primary Contact: &amp;nbsp;&lt;/td&gt;
    &lt;/tr&gt;
    &lt;tr&gt;
      &lt;td style='height: 0px; width: 184px; text-align: left;' valign='undefined'&gt;&lt;span style='font-weight: bold;'&gt;Parts:&lt;/span&gt;&lt;/td&gt;
	   &lt;td colspan='3' rowspan='1' style='height: 0px; width: 291px;' align='undefined' valign='undefined'&gt;&amp;nbsp;&lt;/td&gt;
    &lt;/tr&gt;
  &lt;/tbody&gt;
&lt;/table&gt;</description>
                <styleUrl>#style0x80000</styleUrl>
                <Point>
                    <extrude xmlns:ns5="http://www.w3.org/2001/XMLSchema-instance" xmlns:ns6="http://www.w3.org/2001/XMLSchema" ns5:type="ns6:boolean">false</extrude>
                    <altitudeMode>clampToGround</altitudeMode>
                    <coordinates>-96.75363,32.910885</coordinates>
                </Point>
            </Placemark>
            <Placemark>
                <name> Incident :  Fire temporarily shuts down original Sonny Bryans on Inwood</name>
                <visibility xmlns:ns5="http://www.w3.org/2001/XMLSchema-instance" xmlns:ns6="http://www.w3.org/2001/XMLSchema" ns5:type="ns6:boolean">true</visibility>
                <open xmlns:ns5="http://www.w3.org/2001/XMLSchema-instance" xmlns:ns6="http://www.w3.org/2001/XMLSchema" ns5:type="ns6:boolean">false</open>
                <description>&lt;table style='text-align: left; width: 480px; height: 240px;' border='1' border-color='gray' border-style='solid' cellpadding='2' cellspacing='2'&gt;
&lt;tbody&gt;
    &lt;tr style='font-weight: bold;'&gt;
		&lt;td style='height: 78px; width: 184px;' align='undefined' valign='undefined'&gt;&lt;span style='font-weight: normal;'&gt;&lt;img src='http:\\66.216.18.155\Razient\iconsgi\suppliers.gif'/&gt;&lt;/span&gt;&lt;/td&gt;
		&lt;td colspan='3' rowspan='1' style='height: 78px; width: 291px;' align='undefined' valign='undefined'&gt;Citrix Supplier 1 - Headquarters&amp;nbsp;
12500 TI Blvd&amp;nbsp;&lt;/td&gt;
    &lt;/tr&gt;
    &lt;tr&gt;
      &lt;td style='height: 0px; width: 184px; text-align: left;' valign='undefined'&gt;&lt;span style='font-weight: bold;'&gt;Summary:&lt;/span&gt;&lt;/td&gt;
	   &lt;td colspan='3' rowspan='1' style='height: 0px; width: 291px;' align='undefined' valign='undefined'&gt; Fire temporarily shuts down original Sonny Bryans on Inwood&amp;nbsp;&lt;/td&gt;
    &lt;/tr&gt;
    &lt;tr&gt;
      &lt;td style='width: 184px; height: 26px; font-weight: bold;' align='undefined' valign='undefined'&gt;Country&lt;/td&gt;
      &lt;td style='width: 292px; height: 26px;' align='undefined' valign='undefined'&gt;United States&amp;nbsp;&lt;/td&gt;
      &lt;td style='height: 26px; width: 184px; font-weight: bold;' align='undefined' valign='undefined'&gt;Severity	&lt;/td&gt;
      &lt;td style='height: 26px; width: 291px;' align='undefined' valign='undefined'&gt;Medium&amp;nbsp;&lt;/td&gt;
    &lt;/tr&gt;
    &lt;tr&gt;
      &lt;td style='width: 184px; height: 30px; font-weight: bold;' align='undefined' valign='undefined'&gt;State&lt;/td&gt;
      &lt;td style='width: 292px; height: 30px;' align='undefined' valign='undefined'&gt;Texas&amp;nbsp;
&lt;/td&gt;
      &lt;td style='height: 30px; width: 184px; font-weight: bold;' align='undefined' valign='undefined'&gt;Type&lt;/td&gt;
      &lt;td style='height: 30px; width: 291px;' align='undefined' valign='undefined'&gt;Fire&amp;nbsp;&lt;/td&gt;
    &lt;/tr&gt;
    &lt;tr&gt;
      &lt;td style='width: 184px; height: 24px; font-weight: bold;' align='undefined' valign='undefined'&gt;City&lt;/td&gt;
      &lt;td style='width: 292px; height: 24px;' align='undefined' valign='undefined'&gt;dallas&amp;nbsp;
&lt;/td&gt;
      &lt;td style='height: 24px; width: 184px; font-weight: bold;' align='undefined' valign='undefined'&gt;Date&lt;/td&gt;
      &lt;td style='height: 24px; width: 291px;' align='undefined' valign='undefined'&gt;2011-09-27&amp;nbsp;
&lt;/td&gt;
    &lt;/tr&gt;
    &lt;tr&gt;
      &lt;td style='width: 184px; height: 26px; font-weight: bold;' align='undefined' valign='undefined'&gt;Deaths&lt;/td&gt;
      &lt;td style='width: 292px; height: 26px;' align='undefined' valign='undefined'&gt;0&amp;nbsp;
&lt;/td&gt;
      &lt;td style='height: 26px; width: 184px; font-weight: bold;' align='undefined' valign='undefined'&gt;Url&lt;/td&gt;
      &lt;td style='height: 26px; width: 291px;' align='undefined' valign='undefined'&gt;&lt;A href=' http://www.pegasusnews.com/news/2011/sep/28/fire-temporarily-shuts-down-sonny-bryans-inwood/'&gt;Link to News&amp;nbsp;&lt;/A&gt;
&lt;/td&gt;
    &lt;/tr&gt;
    &lt;tr&gt;
      &lt;td style='width: 184px; height: 90px; font-weight: bold;' align='undefined' valign='undefined'&gt;Description&lt;/td&gt;
      &lt;td colspan='3' rowspan='1' style='height: 90px; width: 291px;' align='undefined' valign='undefined'&gt; There was a fire at Sonny Bryans on Tuesday night, sufficiently damaging the restaurant so that it is closed until the weekend.&amp;nbsp;
&lt;/td&gt;
    &lt;/tr&gt;
  &lt;/tbody&gt;
&lt;/table&gt;</description>
                <styleUrl>#style9x93309</styleUrl>
                <Point>
                    <extrude xmlns:ns5="http://www.w3.org/2001/XMLSchema-instance" xmlns:ns6="http://www.w3.org/2001/XMLSchema" ns5:type="ns6:boolean">false</extrude>
                    <altitudeMode>clampToGround</altitudeMode>
                    <coordinates>-96.8212909,32.8725949</coordinates>
                </Point>
            </Placemark>
        </Folder>
    </Document>
</kml>
