<?xml version="1.0" encoding="UTF-8" standalone="yes"?>
<kml xmlns="http://www.opengis.net/kml/2.2" xmlns:gx="http://www.google.com/kml/ext/2.2" xmlns:atom="http://www.w3.org/2005/Atom" xmlns:xal="urn:oasis:names:tc:ciq:xsdschema:xAL:2.0">
    <Document>
        <Style id="style0x70000">
            <IconStyle>
                <scale>2.0</scale>
                <heading>0.0</heading>
                <Icon>
                    <href>http://66.216.18.155/Razient/iconsgi/customer.gif</href>
                    <refreshInterval>0.0</refreshInterval>
                    <viewRefreshTime>0.0</viewRefreshTime>
                    <viewBoundScale>0.0</viewBoundScale>
                </Icon>
            </IconStyle>
        </Style>
        <Style id="style0x80000">
            <IconStyle>
                <scale>2.0</scale>
                <heading>0.0</heading>
                <Icon>
                    <href>http://66.216.18.155/Razient/iconsgi/supplier.gif</href>
                    <refreshInterval>0.0</refreshInterval>
                    <viewRefreshTime>0.0</viewRefreshTime>
                    <viewBoundScale>0.0</viewBoundScale>
                </Icon>
            </IconStyle>
        </Style>
        <Style id="style0x83300">
            <IconStyle>
                <scale>1.0</scale>
                <heading>0.0</heading>
                <Icon>
                    <href>http://66.216.18.155/Razient/iconsgi/airplane-accident.gif</href>
                    <refreshInterval>0.0</refreshInterval>
                    <viewRefreshTime>0.0</viewRefreshTime>
                    <viewBoundScale>0.0</viewBoundScale>
                </Icon>
            </IconStyle>
        </Style>
        <Style id="style0x93300">
            <IconStyle>
                <scale>1.0</scale>
                <heading>0.0</heading>
                <Icon>
                    <href>http://66.216.18.155/Razient/iconsgi/airplane-accident-min.gif</href>
                    <refreshInterval>0.0</refreshInterval>
                    <viewRefreshTime>0.0</viewRefreshTime>
                    <viewBoundScale>0.0</viewBoundScale>
                </Icon>
            </IconStyle>
        </Style>
        <Style id="style1x83301">
            <IconStyle>
                <scale>1.0</scale>
                <heading>0.0</heading>
                <Icon>
                    <href>http://66.216.18.155/Razient/iconsgi/gun.gif</href>
                    <refreshInterval>0.0</refreshInterval>
                    <viewRefreshTime>0.0</viewRefreshTime>
                    <viewBoundScale>0.0</viewBoundScale>
                </Icon>
            </IconStyle>
        </Style>
        <Style id="style1x93301">
            <IconStyle>
                <scale>1.0</scale>
                <heading>0.0</heading>
                <Icon>
                    <href>http://66.216.18.155/Razient/iconsgi/gun-min.gif</href>
                    <refreshInterval>0.0</refreshInterval>
                    <viewRefreshTime>0.0</viewRefreshTime>
                    <viewBoundScale>0.0</viewBoundScale>
                </Icon>
            </IconStyle>
        </Style>
        <Style id="style2x83302">
            <IconStyle>
                <scale>1.0</scale>
                <heading>0.0</heading>
                <Icon>
                    <href>http://66.216.18.155/Razient/iconsgi/bomb.gif</href>
                    <refreshInterval>0.0</refreshInterval>
                    <viewRefreshTime>0.0</viewRefreshTime>
                    <viewBoundScale>0.0</viewBoundScale>
                </Icon>
            </IconStyle>
        </Style>
        <Style id="style2x93302">
            <IconStyle>
                <scale>1.0</scale>
                <heading>0.0</heading>
                <Icon>
                    <href>http://66.216.18.155/Razient/iconsgi/bomb-min.gif</href>
                    <refreshInterval>0.0</refreshInterval>
                    <viewRefreshTime>0.0</viewRefreshTime>
                    <viewBoundScale>0.0</viewBoundScale>
                </Icon>
            </IconStyle>
        </Style>
        <Style id="style3x83303">
            <IconStyle>
                <scale>1.0</scale>
                <heading>0.0</heading>
                <Icon>
                    <href>http://66.216.18.155/Razient/iconsgi/explosion.gif</href>
                    <refreshInterval>0.0</refreshInterval>
                    <viewRefreshTime>0.0</viewRefreshTime>
                    <viewBoundScale>0.0</viewBoundScale>
                </Icon>
            </IconStyle>
        </Style>
        <Style id="style4x83304">
            <IconStyle>
                <scale>1.0</scale>
                <heading>0.0</heading>
                <Icon>
                    <href>http://66.216.18.155/Razient/iconsgi/train.gif</href>
                    <refreshInterval>0.0</refreshInterval>
                    <viewRefreshTime>0.0</viewRefreshTime>
                    <viewBoundScale>0.0</viewBoundScale>
                </Icon>
            </IconStyle>
        </Style>
        <Style id="style4x93304">
            <IconStyle>
                <scale>1.0</scale>
                <heading>0.0</heading>
                <Icon>
                    <href>http://66.216.18.155/Razient/iconsgi/train-min.gif</href>
                    <refreshInterval>0.0</refreshInterval>
                    <viewRefreshTime>0.0</viewRefreshTime>
                    <viewBoundScale>0.0</viewBoundScale>
                </Icon>
            </IconStyle>
        </Style>
        <Style id="style5x83305">
            <IconStyle>
                <scale>1.0</scale>
                <heading>0.0</heading>
                <Icon>
                    <href>http://66.216.18.155/Razient/iconsgi/political.gif</href>
                    <refreshInterval>0.0</refreshInterval>
                    <viewRefreshTime>0.0</viewRefreshTime>
                    <viewBoundScale>0.0</viewBoundScale>
                </Icon>
            </IconStyle>
        </Style>
        <Style id="style5x93305">
            <IconStyle>
                <scale>1.0</scale>
                <heading>0.0</heading>
                <Icon>
                    <href>http://66.216.18.155/Razient/iconsgi/political-min.gif</href>
                    <refreshInterval>0.0</refreshInterval>
                    <viewRefreshTime>0.0</viewRefreshTime>
                    <viewBoundScale>0.0</viewBoundScale>
                </Icon>
            </IconStyle>
        </Style>
        <Style id="style6x83306">
            <IconStyle>
                <scale>1.0</scale>
                <heading>0.0</heading>
                <Icon>
                    <href>http://66.216.18.155/Razient/iconsgi/torn.gif</href>
                    <refreshInterval>0.0</refreshInterval>
                    <viewRefreshTime>0.0</viewRefreshTime>
                    <viewBoundScale>0.0</viewBoundScale>
                </Icon>
            </IconStyle>
        </Style>
        <Style id="style6x93306">
            <IconStyle>
                <scale>1.0</scale>
                <heading>0.0</heading>
                <Icon>
                    <href>http://66.216.18.155/Razient/iconsgi/torn-min.gif</href>
                    <refreshInterval>0.0</refreshInterval>
                    <viewRefreshTime>0.0</viewRefreshTime>
                    <viewBoundScale>0.0</viewBoundScale>
                </Icon>
            </IconStyle>
        </Style>
        <Style id="style7x83307">
            <IconStyle>
                <scale>1.0</scale>
                <heading>0.0</heading>
                <Icon>
                    <href>http://66.216.18.155/Razient/iconsgi/protest.gif</href>
                    <refreshInterval>0.0</refreshInterval>
                    <viewRefreshTime>0.0</viewRefreshTime>
                    <viewBoundScale>0.0</viewBoundScale>
                </Icon>
            </IconStyle>
        </Style>
        <Style id="style7x93307">
            <IconStyle>
                <scale>1.0</scale>
                <heading>0.0</heading>
                <Icon>
                    <href>http://66.216.18.155/Razient/iconsgi/protest-min.gif</href>
                    <refreshInterval>0.0</refreshInterval>
                    <viewRefreshTime>0.0</viewRefreshTime>
                    <viewBoundScale>0.0</viewBoundScale>
                </Icon>
            </IconStyle>
        </Style>
        <Style id="style8x83308">
            <IconStyle>
                <scale>1.0</scale>
                <heading>0.0</heading>
                <Icon>
                    <href>http://66.216.18.155/Razient/iconsgi/flood.gif</href>
                    <refreshInterval>0.0</refreshInterval>
                    <viewRefreshTime>0.0</viewRefreshTime>
                    <viewBoundScale>0.0</viewBoundScale>
                </Icon>
            </IconStyle>
        </Style>
        <Style id="style8x93308">
            <IconStyle>
                <scale>1.0</scale>
                <heading>0.0</heading>
                <Icon>
                    <href>http://66.216.18.155/Razient/iconsgi/flood-min.gif</href>
                    <refreshInterval>0.0</refreshInterval>
                    <viewRefreshTime>0.0</viewRefreshTime>
                    <viewBoundScale>0.0</viewBoundScale>
                </Icon>
            </IconStyle>
        </Style>
        <Style id="style9x83309">
            <IconStyle>
                <scale>1.0</scale>
                <heading>0.0</heading>
                <Icon>
                    <href>http://66.216.18.155/Razient/iconsgi/fire.gif</href>
                    <refreshInterval>0.0</refreshInterval>
                    <viewRefreshTime>0.0</viewRefreshTime>
                    <viewBoundScale>0.0</viewBoundScale>
                </Icon>
            </IconStyle>
        </Style>
        <Style id="style9x93309">
            <IconStyle>
                <scale>1.0</scale>
                <heading>0.0</heading>
                <Icon>
                    <href>http://66.216.18.155/Razient/iconsgi/fire-min.gif</href>
                    <refreshInterval>0.0</refreshInterval>
                    <viewRefreshTime>0.0</viewRefreshTime>
                    <viewBoundScale>0.0</viewBoundScale>
                </Icon>
            </IconStyle>
        </Style>
        <Style id="style10x83310">
            <IconStyle>
                <scale>1.0</scale>
                <heading>0.0</heading>
                <Icon>
                    <href>http://66.216.18.155/Razient/iconsgi/ship.gif</href>
                    <refreshInterval>0.0</refreshInterval>
                    <viewRefreshTime>0.0</viewRefreshTime>
                    <viewBoundScale>0.0</viewBoundScale>
                </Icon>
            </IconStyle>
        </Style>
        <Style id="style10x93310">
            <IconStyle>
                <scale>1.0</scale>
                <heading>0.0</heading>
                <Icon>
                    <href>http://66.216.18.155/Razient/iconsgi/ship.gif</href>
                    <refreshInterval>0.0</refreshInterval>
                    <viewRefreshTime>0.0</viewRefreshTime>
                    <viewBoundScale>0.0</viewBoundScale>
                </Icon>
            </IconStyle>
        </Style>
        <Style id="style11x83311">
            <IconStyle>
                <scale>1.0</scale>
                <heading>0.0</heading>
                <Icon>
                    <href>http://66.216.18.155/Razient/iconsgi/freeze.gif</href>
                    <refreshInterval>0.0</refreshInterval>
                    <viewRefreshTime>0.0</viewRefreshTime>
                    <viewBoundScale>0.0</viewBoundScale>
                </Icon>
            </IconStyle>
        </Style>
        <Style id="style11x93311">
            <IconStyle>
                <scale>1.0</scale>
                <heading>0.0</heading>
                <Icon>
                    <href>http://66.216.18.155/Razient/iconsgi/freeze-min.gif</href>
                    <refreshInterval>0.0</refreshInterval>
                    <viewRefreshTime>0.0</viewRefreshTime>
                    <viewBoundScale>0.0</viewBoundScale>
                </Icon>
            </IconStyle>
        </Style>
        <Style id="style12x83312">
            <IconStyle>
                <scale>1.0</scale>
                <heading>0.0</heading>
                <Icon>
                    <href>http://66.216.18.155/Razient/iconsgi/storm.gif</href>
                    <refreshInterval>0.0</refreshInterval>
                    <viewRefreshTime>0.0</viewRefreshTime>
                    <viewBoundScale>0.0</viewBoundScale>
                </Icon>
            </IconStyle>
        </Style>
        <Style id="style12x93312">
            <IconStyle>
                <scale>1.0</scale>
                <heading>0.0</heading>
                <Icon>
                    <href>http://66.216.18.155/Razient/iconsgi/storm-min.gif</href>
                    <refreshInterval>0.0</refreshInterval>
                    <viewRefreshTime>0.0</viewRefreshTime>
                    <viewBoundScale>0.0</viewBoundScale>
                </Icon>
            </IconStyle>
        </Style>
        <Style id="style13x83313">
            <IconStyle>
                <scale>1.0</scale>
                <heading>0.0</heading>
                <Icon>
                    <href>http://66.216.18.155/Razient/iconsgi/buildingcollapse.gif</href>
                    <refreshInterval>0.0</refreshInterval>
                    <viewRefreshTime>0.0</viewRefreshTime>
                    <viewBoundScale>0.0</viewBoundScale>
                </Icon>
            </IconStyle>
        </Style>
        <Style id="style13x93313">
            <IconStyle>
                <scale>1.0</scale>
                <heading>0.0</heading>
                <Icon>
                    <href>http://66.216.18.155/Razient/iconsgi/buildingcollapse-min.gif</href>
                    <refreshInterval>0.0</refreshInterval>
                    <viewRefreshTime>0.0</viewRefreshTime>
                    <viewBoundScale>0.0</viewBoundScale>
                </Icon>
            </IconStyle>
        </Style>
        <Style id="style14x83314">
            <IconStyle>
                <scale>1.0</scale>
                <heading>0.0</heading>
                <Icon>
                    <href>http://66.216.18.155/Razient/iconsgi/buildingfire.gif</href>
                    <refreshInterval>0.0</refreshInterval>
                    <viewRefreshTime>0.0</viewRefreshTime>
                    <viewBoundScale>0.0</viewBoundScale>
                </Icon>
            </IconStyle>
        </Style>
        <Style id="style14x93314">
            <IconStyle>
                <scale>1.0</scale>
                <heading>0.0</heading>
                <Icon>
                    <href>http://66.216.18.155/Razient/iconsgi/buildingfire-min.gif</href>
                    <refreshInterval>0.0</refreshInterval>
                    <viewRefreshTime>0.0</viewRefreshTime>
                    <viewBoundScale>0.0</viewBoundScale>
                </Icon>
            </IconStyle>
        </Style>
        <Style id="style15x83315">
            <IconStyle>
                <scale>1.0</scale>
                <heading>0.0</heading>
                <Icon>
                    <href>http://66.216.18.155/Razient/iconsgi/chemical.gif</href>
                    <refreshInterval>0.0</refreshInterval>
                    <viewRefreshTime>0.0</viewRefreshTime>
                    <viewBoundScale>0.0</viewBoundScale>
                </Icon>
            </IconStyle>
        </Style>
        <Style id="style15x93315">
            <IconStyle>
                <scale>1.0</scale>
                <heading>0.0</heading>
                <Icon>
                    <href>http://66.216.18.155/Razient/iconsgi/chemical-min.gif</href>
                    <refreshInterval>0.0</refreshInterval>
                    <viewRefreshTime>0.0</viewRefreshTime>
                    <viewBoundScale>0.0</viewBoundScale>
                </Icon>
            </IconStyle>
        </Style>
        <Style id="style16x83316">
            <IconStyle>
                <scale>1.0</scale>
                <heading>0.0</heading>
                <Icon>
                    <href>http://66.216.18.155/Razient/iconsgi/airplane-closed.gif</href>
                    <refreshInterval>0.0</refreshInterval>
                    <viewRefreshTime>0.0</viewRefreshTime>
                    <viewBoundScale>0.0</viewBoundScale>
                </Icon>
            </IconStyle>
        </Style>
        <Style id="style16x93316">
            <IconStyle>
                <scale>1.0</scale>
                <heading>0.0</heading>
                <Icon>
                    <href>http://66.216.18.155/Razient/iconsgi/airplane-closed-min.gif</href>
                    <refreshInterval>0.0</refreshInterval>
                    <viewRefreshTime>0.0</viewRefreshTime>
                    <viewBoundScale>0.0</viewBoundScale>
                </Icon>
            </IconStyle>
        </Style>
        <Style id="style17x83317">
            <IconStyle>
                <scale>5.0</scale>
                <heading>0.0</heading>
                <Icon>
                    <href>http://66.216.18.155/Razient/iconsgi/earthquake.gif</href>
                    <refreshInterval>0.0</refreshInterval>
                    <viewRefreshTime>0.0</viewRefreshTime>
                    <viewBoundScale>0.0</viewBoundScale>
                </Icon>
            </IconStyle>
        </Style>
        <Style id="style17x93317">
            <IconStyle>
                <scale>5.0</scale>
                <heading>0.0</heading>
                <Icon>
                    <href>http://66.216.18.155/Razient/iconsgi/earthquake-min.gif</href>
                    <refreshInterval>0.0</refreshInterval>
                    <viewRefreshTime>0.0</viewRefreshTime>
                    <viewBoundScale>0.0</viewBoundScale>
                </Icon>
            </IconStyle>
        </Style>
        <Style id="style18x83318">
            <IconStyle>
                <scale>1.0</scale>
                <heading>0.0</heading>
                <Icon>
                    <href>http://66.216.18.155/Razient/iconsgi/evacuated.gif</href>
                    <refreshInterval>0.0</refreshInterval>
                    <viewRefreshTime>0.0</viewRefreshTime>
                    <viewBoundScale>0.0</viewBoundScale>
                </Icon>
            </IconStyle>
        </Style>
        <Style id="style18x93318">
            <IconStyle>
                <scale>1.0</scale>
                <heading>0.0</heading>
                <Icon>
                    <href>http://66.216.18.155/Razient/iconsgi/evacuated-min.gif</href>
                    <refreshInterval>0.0</refreshInterval>
                    <viewRefreshTime>0.0</viewRefreshTime>
                    <viewBoundScale>0.0</viewBoundScale>
                </Icon>
            </IconStyle>
        </Style>
        <Style id="style19x83319">
            <IconStyle>
                <scale>1.0</scale>
                <heading>0.0</heading>
                <Icon>
                    <href>http://66.216.18.155/Razient/iconsgi/hazardous.gif</href>
                    <refreshInterval>0.0</refreshInterval>
                    <viewRefreshTime>0.0</viewRefreshTime>
                    <viewBoundScale>0.0</viewBoundScale>
                </Icon>
            </IconStyle>
        </Style>
        <Style id="style19x93319">
            <IconStyle>
                <scale>1.0</scale>
                <heading>0.0</heading>
                <Icon>
                    <href>http://66.216.18.155/Razient/iconsgi/hazardous-min.gif</href>
                    <refreshInterval>0.0</refreshInterval>
                    <viewRefreshTime>0.0</viewRefreshTime>
                    <viewBoundScale>0.0</viewBoundScale>
                </Icon>
            </IconStyle>
        </Style>
        <Style id="style20x83320">
            <IconStyle>
                <scale>1.0</scale>
                <heading>0.0</heading>
                <Icon>
                    <href>http://66.216.18.155/Razient/iconsgi/volcano.gif</href>
                    <refreshInterval>0.0</refreshInterval>
                    <viewRefreshTime>0.0</viewRefreshTime>
                    <viewBoundScale>0.0</viewBoundScale>
                </Icon>
            </IconStyle>
        </Style>
        <Style id="style20x93320">
            <IconStyle>
                <scale>1.0</scale>
                <heading>0.0</heading>
                <Icon>
                    <href>http://66.216.18.155/Razient/iconsgi/volcano-min.gif</href>
                    <refreshInterval>0.0</refreshInterval>
                    <viewRefreshTime>0.0</viewRefreshTime>
                    <viewBoundScale>0.0</viewBoundScale>
                </Icon>
            </IconStyle>
        </Style>
        <Style id="style21x83321">
            <IconStyle>
                <scale>1.0</scale>
                <heading>0.0</heading>
                <Icon>
                    <href>http://66.216.18.155/Razient/iconsgi/terrorism.gif</href>
                    <refreshInterval>0.0</refreshInterval>
                    <viewRefreshTime>0.0</viewRefreshTime>
                    <viewBoundScale>0.0</viewBoundScale>
                </Icon>
            </IconStyle>
        </Style>
        <Style id="style21x93321">
            <IconStyle>
                <scale>1.0</scale>
                <heading>0.0</heading>
                <Icon>
                    <href>http://66.216.18.155/Razient/iconsgi/terrorism-min.gif</href>
                    <refreshInterval>0.0</refreshInterval>
                    <viewRefreshTime>0.0</viewRefreshTime>
                    <viewBoundScale>0.0</viewBoundScale>
                </Icon>
            </IconStyle>
        </Style>
        <Style id="style23x83323">
            <IconStyle>
                <scale>1.0</scale>
                <heading>0.0</heading>
                <Icon>
                    <href>http://66.216.18.155/Razient/iconsgi/armed.gif</href>
                    <refreshInterval>0.0</refreshInterval>
                    <viewRefreshTime>0.0</viewRefreshTime>
                    <viewBoundScale>0.0</viewBoundScale>
                </Icon>
            </IconStyle>
        </Style>
        <Style id="style23x93323">
            <IconStyle>
                <scale>1.0</scale>
                <heading>0.0</heading>
                <Icon>
                    <href>http://66.216.18.155/Razient/iconsgi/armed-min.gif</href>
                    <refreshInterval>0.0</refreshInterval>
                    <viewRefreshTime>0.0</viewRefreshTime>
                    <viewBoundScale>0.0</viewBoundScale>
                </Icon>
            </IconStyle>
        </Style>
        <Style id="style24x83324">
            <IconStyle>
                <scale>1.0</scale>
                <heading>0.0</heading>
                <Icon>
                    <href>http://66.216.18.155/Razient/iconsgi/hazmat.gif</href>
                    <refreshInterval>0.0</refreshInterval>
                    <viewRefreshTime>0.0</viewRefreshTime>
                    <viewBoundScale>0.0</viewBoundScale>
                </Icon>
            </IconStyle>
        </Style>
        <Style id="style24x93324">
            <IconStyle>
                <scale>1.0</scale>
                <heading>0.0</heading>
                <Icon>
                    <href>http://66.216.18.155/Razient/iconsgi/hazmat-min.gif</href>
                    <refreshInterval>0.0</refreshInterval>
                    <viewRefreshTime>0.0</viewRefreshTime>
                    <viewBoundScale>0.0</viewBoundScale>
                </Icon>
            </IconStyle>
        </Style>
        <Style id="style25x83325">
            <IconStyle>
                <scale>1.0</scale>
                <heading>0.0</heading>
                <Icon>
                    <href>http://66.216.18.155/Razient/iconsgi/poweroutage.gif</href>
                    <refreshInterval>0.0</refreshInterval>
                    <viewRefreshTime>0.0</viewRefreshTime>
                    <viewBoundScale>0.0</viewBoundScale>
                </Icon>
            </IconStyle>
        </Style>
        <Style id="style25x93325">
            <IconStyle>
                <scale>1.0</scale>
                <heading>0.0</heading>
                <Icon>
                    <href>http://66.216.18.155/Razient/iconsgi/poweroutage-min.gif</href>
                    <refreshInterval>0.0</refreshInterval>
                    <viewRefreshTime>0.0</viewRefreshTime>
                    <viewBoundScale>0.0</viewBoundScale>
                </Icon>
            </IconStyle>
        </Style>
        <Style id="style26x83326">
            <IconStyle>
                <scale>1.0</scale>
                <heading>0.0</heading>
                <Icon>
                    <href>http://66.216.18.155/Razient/iconsgi/pirate.gif</href>
                    <refreshInterval>0.0</refreshInterval>
                    <viewRefreshTime>0.0</viewRefreshTime>
                    <viewBoundScale>0.0</viewBoundScale>
                </Icon>
            </IconStyle>
        </Style>
        <Style id="style26x93326">
            <IconStyle>
                <scale>1.0</scale>
                <heading>0.0</heading>
                <Icon>
                    <href>http://66.216.18.155/Razient/iconsgi/pirate-min.gif</href>
                    <refreshInterval>0.0</refreshInterval>
                    <viewRefreshTime>0.0</viewRefreshTime>
                    <viewBoundScale>0.0</viewBoundScale>
                </Icon>
            </IconStyle>
        </Style>
        <Style id="style27x83327">
            <IconStyle>
                <scale>1.0</scale>
                <heading>0.0</heading>
                <Icon>
                    <href>http://66.216.18.155/Razient/iconsgi/mudslide.gif</href>
                    <refreshInterval>0.0</refreshInterval>
                    <viewRefreshTime>0.0</viewRefreshTime>
                    <viewBoundScale>0.0</viewBoundScale>
                </Icon>
            </IconStyle>
        </Style>
        <Style id="style27x93327">
            <IconStyle>
                <scale>1.0</scale>
                <heading>0.0</heading>
                <Icon>
                    <href>http://66.216.18.155/Razient/iconsgi/mudslide-min.gif</href>
                    <refreshInterval>0.0</refreshInterval>
                    <viewRefreshTime>0.0</viewRefreshTime>
                    <viewBoundScale>0.0</viewBoundScale>
                </Icon>
            </IconStyle>
        </Style>
        <Style id="style28x83328">
            <IconStyle>
                <scale>1.0</scale>
                <heading>0.0</heading>
                <Icon>
                    <href>http://66.216.18.155/Razient/iconsgi/roadflooded.gif</href>
                    <refreshInterval>0.0</refreshInterval>
                    <viewRefreshTime>0.0</viewRefreshTime>
                    <viewBoundScale>0.0</viewBoundScale>
                </Icon>
            </IconStyle>
        </Style>
        <Style id="style28x93328">
            <IconStyle>
                <scale>1.0</scale>
                <heading>0.0</heading>
                <Icon>
                    <href>http://66.216.18.155/Razient/iconsgi/roadflooded-min.gif</href>
                    <refreshInterval>0.0</refreshInterval>
                    <viewRefreshTime>0.0</viewRefreshTime>
                    <viewBoundScale>0.0</viewBoundScale>
                </Icon>
            </IconStyle>
        </Style>
        <Style id="style29x83329">
            <IconStyle>
                <scale>1.0</scale>
                <heading>0.0</heading>
                <Icon>
                    <href>http://66.216.18.155/Razient/iconsgi/collision.gif</href>
                    <refreshInterval>0.0</refreshInterval>
                    <viewRefreshTime>0.0</viewRefreshTime>
                    <viewBoundScale>0.0</viewBoundScale>
                </Icon>
            </IconStyle>
        </Style>
        <Style id="style29x93329">
            <IconStyle>
                <scale>1.0</scale>
                <heading>0.0</heading>
                <Icon>
                    <href>http://66.216.18.155/Razient/iconsgi/collision-min.gif</href>
                    <refreshInterval>0.0</refreshInterval>
                    <viewRefreshTime>0.0</viewRefreshTime>
                    <viewBoundScale>0.0</viewBoundScale>
                </Icon>
            </IconStyle>
        </Style>
        <Style id="style30x83330">
            <IconStyle>
                <scale>1.0</scale>
                <heading>0.0</heading>
                <Icon>
                    <href>http://66.216.18.155/Razient/iconsgi/gasmask.gif</href>
                    <refreshInterval>0.0</refreshInterval>
                    <viewRefreshTime>0.0</viewRefreshTime>
                    <viewBoundScale>0.0</viewBoundScale>
                </Icon>
            </IconStyle>
        </Style>
        <Style id="style30x93330">
            <IconStyle>
                <scale>1.0</scale>
                <heading>0.0</heading>
                <Icon>
                    <href>http://66.216.18.155/Razient/iconsgi/gasmask-min.gif</href>
                    <refreshInterval>0.0</refreshInterval>
                    <viewRefreshTime>0.0</viewRefreshTime>
                    <viewBoundScale>0.0</viewBoundScale>
                </Icon>
            </IconStyle>
        </Style>
        <Style id="style31x83331">
            <IconStyle>
                <scale>1.0</scale>
                <heading>0.0</heading>
                <Icon>
                    <href>http://66.216.18.155/Razient/iconsgi/hurricane.gif</href>
                    <refreshInterval>0.0</refreshInterval>
                    <viewRefreshTime>0.0</viewRefreshTime>
                    <viewBoundScale>0.0</viewBoundScale>
                </Icon>
            </IconStyle>
        </Style>
        <Style id="style31x93331">
            <IconStyle>
                <scale>1.0</scale>
                <heading>0.0</heading>
                <Icon>
                    <href>http://66.216.18.155/Razient/iconsgi/hurricane-min.gif</href>
                    <refreshInterval>0.0</refreshInterval>
                    <viewRefreshTime>0.0</viewRefreshTime>
                    <viewBoundScale>0.0</viewBoundScale>
                </Icon>
            </IconStyle>
        </Style>
        <Style id="style32x83332">
            <IconStyle>
                <scale>1.0</scale>
                <heading>0.0</heading>
                <Icon>
                    <href>http://66.216.18.155/Razient/iconsgi/tsunami.gif</href>
                    <refreshInterval>0.0</refreshInterval>
                    <viewRefreshTime>0.0</viewRefreshTime>
                    <viewBoundScale>0.0</viewBoundScale>
                </Icon>
            </IconStyle>
        </Style>
        <Style id="style32x93332">
            <IconStyle>
                <scale>1.0</scale>
                <heading>0.0</heading>
                <Icon>
                    <href>http://66.216.18.155/Razient/iconsgi/tsunami-min.gif</href>
                    <refreshInterval>0.0</refreshInterval>
                    <viewRefreshTime>0.0</viewRefreshTime>
                    <viewBoundScale>0.0</viewBoundScale>
                </Icon>
            </IconStyle>
        </Style>
        <Style id="style33x83333">
            <IconStyle>
                <scale>1.0</scale>
                <heading>0.0</heading>
                <Icon>
                    <href>http://66.216.18.155/Razient/iconsgi/roadsclosed.gif</href>
                    <refreshInterval>0.0</refreshInterval>
                    <viewRefreshTime>0.0</viewRefreshTime>
                    <viewBoundScale>0.0</viewBoundScale>
                </Icon>
            </IconStyle>
        </Style>
        <Style id="style33x93333">
            <IconStyle>
                <scale>1.0</scale>
                <heading>0.0</heading>
                <Icon>
                    <href>http://66.216.18.155/Razient/iconsgi/roadsclosed-min.gif</href>
                    <refreshInterval>0.0</refreshInterval>
                    <viewRefreshTime>0.0</viewRefreshTime>
                    <viewBoundScale>0.0</viewBoundScale>
                </Icon>
            </IconStyle>
        </Style>
        <Style id="style9999x8339999">
            <IconStyle>
                <scale>1.0</scale>
                <heading>0.0</heading>
                <Icon>
                    <href>http://66.216.18.155/Razient/iconsgi/nosymbol.gif</href>
                    <refreshInterval>0.0</refreshInterval>
                    <viewRefreshTime>0.0</viewRefreshTime>
                    <viewBoundScale>0.0</viewBoundScale>
                </Icon>
            </IconStyle>
        </Style>
        <Style id="style9999x9339999">
            <IconStyle>
                <scale>1.0</scale>
                <heading>0.0</heading>
                <Icon>
                    <href>http://66.216.18.155/Razient/iconsgi/nosymbol-min.gif</href>
                    <refreshInterval>0.0</refreshInterval>
                    <viewRefreshTime>0.0</viewRefreshTime>
                    <viewBoundScale>0.0</viewBoundScale>
                </Icon>
            </IconStyle>
        </Style>
        <Folder>
            <name>www.kraazient.com</name>
            <description>Maps events, incidents and other suspicious activity by kraazient</description>
            <Placemark>
                <name>Agro-care Chemical Industry Group Limited - Headquarters</name>
                <visibility xmlns:ns5="http://www.w3.org/2001/XMLSchema-instance" xmlns:ns6="http://www.w3.org/2001/XMLSchema" ns5:type="ns6:boolean">true</visibility>
                <open xmlns:ns5="http://www.w3.org/2001/XMLSchema-instance" xmlns:ns6="http://www.w3.org/2001/XMLSchema" ns5:type="ns6:boolean">true</open>
                <address>43 Zhongshan Road,Wuxi,Jiangsu,China</address>
                <description>&lt;table style='text-align: left; width: 480px; height: 240px;' border='1' border-color='gray' border-style='solid' cellpadding='2' cellspacing='2'&gt;
&lt;tbody&gt;
    &lt;tr style='font-weight: bold;'&gt;
		&lt;td style='height: 78px; width: 184px;' align='undefined' valign='undefined'&gt;&lt;span style='font-weight: normal;'&gt;&lt;img src='http:\\66.216.18.155\Razient\iconsgi\supplier.png'/&gt;&lt;/span&gt;&lt;/td&gt;
		&lt;td colspan='3' rowspan='1' style='height: 78px; width: 291px;' align='undefined' valign='undefined'&gt;Name: Agro-care Chemical Industry Group Limited - Headquarters&amp;nbsp;&lt;br&gt; Address: 43 Zhongshan Road - Wuxi - Jiangsu - China&amp;nbsp;&lt;br&gt; Phone Number: &amp;nbsp;&lt;br&gt; Email: &amp;nbsp;&lt;br&gt; Primary Contact: &amp;nbsp;&lt;/td&gt;
    &lt;/tr&gt;
    &lt;tr&gt;
      &lt;td style='height: 0px; width: 184px; text-align: left;' valign='undefined'&gt;&lt;span style='font-weight: bold;'&gt;Parts:&lt;/span&gt;&lt;/td&gt;
	   &lt;td colspan='3' rowspan='1' style='height: 0px; width: 291px;' align='undefined' valign='undefined'&gt;Frontline &amp;nbsp;&lt;/td&gt;
    &lt;/tr&gt;
  &lt;/tbody&gt;
&lt;/table&gt;</description>
                <styleUrl>#style0x80000</styleUrl>
                <Point>
                    <extrude xmlns:ns5="http://www.w3.org/2001/XMLSchema-instance" xmlns:ns6="http://www.w3.org/2001/XMLSchema" ns5:type="ns6:boolean">false</extrude>
                    <altitudeMode>clampToGround</altitudeMode>
                    <coordinates>120.30661,31.56697</coordinates>
                </Point>
            </Placemark>
            <Placemark>
                <name> Incident : 9 killed in east China building collapse</name>
                <visibility xmlns:ns5="http://www.w3.org/2001/XMLSchema-instance" xmlns:ns6="http://www.w3.org/2001/XMLSchema" ns5:type="ns6:boolean">true</visibility>
                <open xmlns:ns5="http://www.w3.org/2001/XMLSchema-instance" xmlns:ns6="http://www.w3.org/2001/XMLSchema" ns5:type="ns6:boolean">false</open>
                <description>&lt;table style='text-align: left; width: 480px; height: 240px;' border='1' border-color='gray' border-style='solid' cellpadding='2' cellspacing='2'&gt;
&lt;tbody&gt;
    &lt;tr style='font-weight: bold;'&gt;
		&lt;td style='height: 78px; width: 184px;' align='undefined' valign='undefined'&gt;&lt;span style='font-weight: normal;'&gt;&lt;img src='http:\\66.216.18.155\Razient\iconsgi\suppliers.gif'/&gt;&lt;/span&gt;&lt;/td&gt;
		&lt;td colspan='3' rowspan='1' style='height: 78px; width: 291px;' align='undefined' valign='undefined'&gt;Agro-care Chemical Industry Group Limited - Headquarters&amp;nbsp;
43 Zhongshan Road&amp;nbsp;&lt;/td&gt;
    &lt;/tr&gt;
    &lt;tr&gt;
      &lt;td style='height: 0px; width: 184px; text-align: left;' valign='undefined'&gt;&lt;span style='font-weight: bold;'&gt;Summary:&lt;/span&gt;&lt;/td&gt;
	   &lt;td colspan='3' rowspan='1' style='height: 0px; width: 291px;' align='undefined' valign='undefined'&gt;9 killed in east China building collapse&amp;nbsp;&lt;/td&gt;
    &lt;/tr&gt;
    &lt;tr&gt;
      &lt;td style='width: 184px; height: 26px; font-weight: bold;' align='undefined' valign='undefined'&gt;Country&lt;/td&gt;
      &lt;td style='width: 292px; height: 26px;' align='undefined' valign='undefined'&gt;China&amp;nbsp;&lt;/td&gt;
      &lt;td style='height: 26px; width: 184px; font-weight: bold;' align='undefined' valign='undefined'&gt;Severity	&lt;/td&gt;
      &lt;td style='height: 26px; width: 291px;' align='undefined' valign='undefined'&gt;High&amp;nbsp;&lt;/td&gt;
    &lt;/tr&gt;
    &lt;tr&gt;
      &lt;td style='width: 184px; height: 30px; font-weight: bold;' align='undefined' valign='undefined'&gt;State&lt;/td&gt;
      &lt;td style='width: 292px; height: 30px;' align='undefined' valign='undefined'&gt;Jiangsu&amp;nbsp;
&lt;/td&gt;
      &lt;td style='height: 30px; width: 184px; font-weight: bold;' align='undefined' valign='undefined'&gt;Type&lt;/td&gt;
      &lt;td style='height: 30px; width: 291px;' align='undefined' valign='undefined'&gt;Building Collapse&amp;nbsp;&lt;/td&gt;
    &lt;/tr&gt;
    &lt;tr&gt;
      &lt;td style='width: 184px; height: 24px; font-weight: bold;' align='undefined' valign='undefined'&gt;City&lt;/td&gt;
      &lt;td style='width: 292px; height: 24px;' align='undefined' valign='undefined'&gt;Wuxi&amp;nbsp;
&lt;/td&gt;
      &lt;td style='height: 24px; width: 184px; font-weight: bold;' align='undefined' valign='undefined'&gt;Date&lt;/td&gt;
      &lt;td style='height: 24px; width: 291px;' align='undefined' valign='undefined'&gt;2011-06-19&amp;nbsp;
&lt;/td&gt;
    &lt;/tr&gt;
    &lt;tr&gt;
      &lt;td style='width: 184px; height: 26px; font-weight: bold;' align='undefined' valign='undefined'&gt;Deaths&lt;/td&gt;
      &lt;td style='width: 292px; height: 26px;' align='undefined' valign='undefined'&gt;9&amp;nbsp;
&lt;/td&gt;
      &lt;td style='height: 26px; width: 184px; font-weight: bold;' align='undefined' valign='undefined'&gt;Url&lt;/td&gt;
      &lt;td style='height: 26px; width: 291px;' align='undefined' valign='undefined'&gt;&lt;A href='http://www.philstar.com/Article.aspx?articleId=698133&amp;publicationSubCategoryId=200'&gt;Link to News&amp;nbsp;&lt;/A&gt;
&lt;/td&gt;
    &lt;/tr&gt;
    &lt;tr&gt;
      &lt;td style='width: 184px; height: 90px; font-weight: bold;' align='undefined' valign='undefined'&gt;Description&lt;/td&gt;
      &lt;td colspan='3' rowspan='1' style='height: 90px; width: 291px;' align='undefined' valign='undefined'&gt;The accident occurred Sunday morning when a dilapidated four-story recreation center for seniors in the city of Wuxi, eastern Jiangsu Province, partially collapsed. The third floor collapsed upon the second floor when workers were renovating the building.&amp;nbsp;
&lt;/td&gt;
    &lt;/tr&gt;
  &lt;/tbody&gt;
&lt;/table&gt;</description>
                <styleUrl>#style13x93313</styleUrl>
                <Point>
                    <extrude xmlns:ns5="http://www.w3.org/2001/XMLSchema-instance" xmlns:ns6="http://www.w3.org/2001/XMLSchema" ns5:type="ns6:boolean">false</extrude>
                    <altitudeMode>clampToGround</altitudeMode>
                    <coordinates>120.303027,31.566145</coordinates>
                </Point>
            </Placemark>
            <Placemark>
                <name>Agro-care Chemical Industry Group Limited - Headquarters</name>
                <visibility xmlns:ns5="http://www.w3.org/2001/XMLSchema-instance" xmlns:ns6="http://www.w3.org/2001/XMLSchema" ns5:type="ns6:boolean">true</visibility>
                <open xmlns:ns5="http://www.w3.org/2001/XMLSchema-instance" xmlns:ns6="http://www.w3.org/2001/XMLSchema" ns5:type="ns6:boolean">true</open>
                <address>43 Zhongshan Road,Wuxi,Jiangsu,China</address>
                <description>&lt;table style='text-align: left; width: 480px; height: 240px;' border='1' border-color='gray' border-style='solid' cellpadding='2' cellspacing='2'&gt;
&lt;tbody&gt;
    &lt;tr style='font-weight: bold;'&gt;
		&lt;td style='height: 78px; width: 184px;' align='undefined' valign='undefined'&gt;&lt;span style='font-weight: normal;'&gt;&lt;img src='http:\\66.216.18.155\Razient\iconsgi\supplier.png'/&gt;&lt;/span&gt;&lt;/td&gt;
		&lt;td colspan='3' rowspan='1' style='height: 78px; width: 291px;' align='undefined' valign='undefined'&gt;Name: Agro-care Chemical Industry Group Limited - Headquarters&amp;nbsp;&lt;br&gt; Address: 43 Zhongshan Road - Wuxi - Jiangsu - China&amp;nbsp;&lt;br&gt; Phone Number: &amp;nbsp;&lt;br&gt; Email: &amp;nbsp;&lt;br&gt; Primary Contact: &amp;nbsp;&lt;/td&gt;
    &lt;/tr&gt;
    &lt;tr&gt;
      &lt;td style='height: 0px; width: 184px; text-align: left;' valign='undefined'&gt;&lt;span style='font-weight: bold;'&gt;Parts:&lt;/span&gt;&lt;/td&gt;
	   &lt;td colspan='3' rowspan='1' style='height: 0px; width: 291px;' align='undefined' valign='undefined'&gt;Frontline &amp;nbsp;&lt;/td&gt;
    &lt;/tr&gt;
  &lt;/tbody&gt;
&lt;/table&gt;</description>
                <styleUrl>#style0x80000</styleUrl>
                <Point>
                    <extrude xmlns:ns5="http://www.w3.org/2001/XMLSchema-instance" xmlns:ns6="http://www.w3.org/2001/XMLSchema" ns5:type="ns6:boolean">false</extrude>
                    <altitudeMode>clampToGround</altitudeMode>
                    <coordinates>120.30661,31.56697</coordinates>
                </Point>
            </Placemark>
            <Placemark>
                <name> Incident : 9 killed in east China building collapse</name>
                <visibility xmlns:ns5="http://www.w3.org/2001/XMLSchema-instance" xmlns:ns6="http://www.w3.org/2001/XMLSchema" ns5:type="ns6:boolean">true</visibility>
                <open xmlns:ns5="http://www.w3.org/2001/XMLSchema-instance" xmlns:ns6="http://www.w3.org/2001/XMLSchema" ns5:type="ns6:boolean">false</open>
                <description>&lt;table style='text-align: left; width: 480px; height: 240px;' border='1' border-color='gray' border-style='solid' cellpadding='2' cellspacing='2'&gt;
&lt;tbody&gt;
    &lt;tr style='font-weight: bold;'&gt;
		&lt;td style='height: 78px; width: 184px;' align='undefined' valign='undefined'&gt;&lt;span style='font-weight: normal;'&gt;&lt;img src='http:\\66.216.18.155\Razient\iconsgi\suppliers.gif'/&gt;&lt;/span&gt;&lt;/td&gt;
		&lt;td colspan='3' rowspan='1' style='height: 78px; width: 291px;' align='undefined' valign='undefined'&gt;Agro-care Chemical Industry Group Limited - Headquarters&amp;nbsp;
43 Zhongshan Road&amp;nbsp;&lt;/td&gt;
    &lt;/tr&gt;
    &lt;tr&gt;
      &lt;td style='height: 0px; width: 184px; text-align: left;' valign='undefined'&gt;&lt;span style='font-weight: bold;'&gt;Summary:&lt;/span&gt;&lt;/td&gt;
	   &lt;td colspan='3' rowspan='1' style='height: 0px; width: 291px;' align='undefined' valign='undefined'&gt;9 killed in east China building collapse&amp;nbsp;&lt;/td&gt;
    &lt;/tr&gt;
    &lt;tr&gt;
      &lt;td style='width: 184px; height: 26px; font-weight: bold;' align='undefined' valign='undefined'&gt;Country&lt;/td&gt;
      &lt;td style='width: 292px; height: 26px;' align='undefined' valign='undefined'&gt;China&amp;nbsp;&lt;/td&gt;
      &lt;td style='height: 26px; width: 184px; font-weight: bold;' align='undefined' valign='undefined'&gt;Severity	&lt;/td&gt;
      &lt;td style='height: 26px; width: 291px;' align='undefined' valign='undefined'&gt;High&amp;nbsp;&lt;/td&gt;
    &lt;/tr&gt;
    &lt;tr&gt;
      &lt;td style='width: 184px; height: 30px; font-weight: bold;' align='undefined' valign='undefined'&gt;State&lt;/td&gt;
      &lt;td style='width: 292px; height: 30px;' align='undefined' valign='undefined'&gt;Jiangsu&amp;nbsp;
&lt;/td&gt;
      &lt;td style='height: 30px; width: 184px; font-weight: bold;' align='undefined' valign='undefined'&gt;Type&lt;/td&gt;
      &lt;td style='height: 30px; width: 291px;' align='undefined' valign='undefined'&gt;Building Collapse&amp;nbsp;&lt;/td&gt;
    &lt;/tr&gt;
    &lt;tr&gt;
      &lt;td style='width: 184px; height: 24px; font-weight: bold;' align='undefined' valign='undefined'&gt;City&lt;/td&gt;
      &lt;td style='width: 292px; height: 24px;' align='undefined' valign='undefined'&gt;Wuxi&amp;nbsp;
&lt;/td&gt;
      &lt;td style='height: 24px; width: 184px; font-weight: bold;' align='undefined' valign='undefined'&gt;Date&lt;/td&gt;
      &lt;td style='height: 24px; width: 291px;' align='undefined' valign='undefined'&gt;2011-06-19&amp;nbsp;
&lt;/td&gt;
    &lt;/tr&gt;
    &lt;tr&gt;
      &lt;td style='width: 184px; height: 26px; font-weight: bold;' align='undefined' valign='undefined'&gt;Deaths&lt;/td&gt;
      &lt;td style='width: 292px; height: 26px;' align='undefined' valign='undefined'&gt;9&amp;nbsp;
&lt;/td&gt;
      &lt;td style='height: 26px; width: 184px; font-weight: bold;' align='undefined' valign='undefined'&gt;Url&lt;/td&gt;
      &lt;td style='height: 26px; width: 291px;' align='undefined' valign='undefined'&gt;&lt;A href='http://www.philstar.com/Article.aspx?articleId=698133&amp;publicationSubCategoryId=200'&gt;Link to News&amp;nbsp;&lt;/A&gt;
&lt;/td&gt;
    &lt;/tr&gt;
    &lt;tr&gt;
      &lt;td style='width: 184px; height: 90px; font-weight: bold;' align='undefined' valign='undefined'&gt;Description&lt;/td&gt;
      &lt;td colspan='3' rowspan='1' style='height: 90px; width: 291px;' align='undefined' valign='undefined'&gt;The accident occurred Sunday morning when a dilapidated four-story recreation center for seniors in the city of Wuxi, eastern Jiangsu Province, partially collapsed. The third floor collapsed upon the second floor when workers were renovating the building.&amp;nbsp;
&lt;/td&gt;
    &lt;/tr&gt;
  &lt;/tbody&gt;
&lt;/table&gt;</description>
                <styleUrl>#style13x93313</styleUrl>
                <Point>
                    <extrude xmlns:ns5="http://www.w3.org/2001/XMLSchema-instance" xmlns:ns6="http://www.w3.org/2001/XMLSchema" ns5:type="ns6:boolean">false</extrude>
                    <altitudeMode>clampToGround</altitudeMode>
                    <coordinates>120.303027,31.566145</coordinates>
                </Point>
            </Placemark>
            <Placemark>
                <name>M-Japan</name>
                <visibility xmlns:ns5="http://www.w3.org/2001/XMLSchema-instance" xmlns:ns6="http://www.w3.org/2001/XMLSchema" ns5:type="ns6:boolean">true</visibility>
                <open xmlns:ns5="http://www.w3.org/2001/XMLSchema-instance" xmlns:ns6="http://www.w3.org/2001/XMLSchema" ns5:type="ns6:boolean">true</open>
                <address>Sanno Grand Building - 8F 2-14-2 Nagatacho,Tokyo,Tokyo,Japan</address>
                <description>&lt;table style='text-align: left; width: 480px; height: 240px;' border='1' border-color='gray' border-style='solid' cellpadding='2' cellspacing='2'&gt;
&lt;tbody&gt;
    &lt;tr style='font-weight: bold;'&gt;
		&lt;td style='height: 78px; width: 184px;' align='undefined' valign='undefined'&gt;&lt;span style='font-weight: normal;'&gt;&lt;img src='http:\\66.216.18.155\Razient\iconsgi\customer.png'/&gt;&lt;/span&gt;&lt;/td&gt;
		&lt;td colspan='3' rowspan='1' style='height: 78px; width: 291px;' align='undefined' valign='undefined'&gt;Name: M-Japan&amp;nbsp;&lt;br&gt; Address: Sanno Grand Building - 8F 2-14-2 Nagatacho - Tokyo - Tokyo - Japan&amp;nbsp;&lt;br&gt; Phone Number: &amp;nbsp;&lt;br&gt; Email: &amp;nbsp;&lt;br&gt; Primary Contact: &amp;nbsp;&lt;/td&gt;
    &lt;/tr&gt;
    &lt;tr&gt;
	   &lt;td colspan='3' rowspan='1' style='height: 0px; width: 291px;' align='undefined' valign='undefined'&gt;&amp;nbsp;&lt;/td&gt;
    &lt;/tr&gt;
  &lt;/tbody&gt;
&lt;/table&gt;</description>
                <styleUrl>#style0x70000</styleUrl>
                <Point>
                    <extrude xmlns:ns5="http://www.w3.org/2001/XMLSchema-instance" xmlns:ns6="http://www.w3.org/2001/XMLSchema" ns5:type="ns6:boolean">false</extrude>
                    <altitudeMode>clampToGround</altitudeMode>
                    <coordinates>139.751,35.685</coordinates>
                </Point>
            </Placemark>
            <Placemark>
                <name> Incident : Explosion at Sumitomo Kashima Steelworks Injures One Worker</name>
                <visibility xmlns:ns5="http://www.w3.org/2001/XMLSchema-instance" xmlns:ns6="http://www.w3.org/2001/XMLSchema" ns5:type="ns6:boolean">true</visibility>
                <open xmlns:ns5="http://www.w3.org/2001/XMLSchema-instance" xmlns:ns6="http://www.w3.org/2001/XMLSchema" ns5:type="ns6:boolean">false</open>
                <description>&lt;table style='text-align: left; width: 480px; height: 240px;' border='1' border-color='gray' border-style='solid' cellpadding='2' cellspacing='2'&gt;
&lt;tbody&gt;
    &lt;tr style='font-weight: bold;'&gt;
		&lt;td style='height: 78px; width: 184px;' align='undefined' valign='undefined'&gt;&lt;span style='font-weight: normal;'&gt;&lt;img src='http:\\66.216.18.155\Razient\iconsgi\suppliers.gif'/&gt;&lt;/span&gt;&lt;/td&gt;
		&lt;td colspan='3' rowspan='1' style='height: 78px; width: 291px;' align='undefined' valign='undefined'&gt;M-Japan&amp;nbsp;
Sanno Grand Building - 8F 2-14-2 Nagatacho&amp;nbsp;&lt;/td&gt;
    &lt;/tr&gt;
    &lt;tr&gt;
      &lt;td style='height: 0px; width: 184px; text-align: left;' valign='undefined'&gt;&lt;span style='font-weight: bold;'&gt;Summary:&lt;/span&gt;&lt;/td&gt;
	   &lt;td colspan='3' rowspan='1' style='height: 0px; width: 291px;' align='undefined' valign='undefined'&gt;Explosion at Sumitomo Kashima Steelworks Injures One Worker&amp;nbsp;&lt;/td&gt;
    &lt;/tr&gt;
    &lt;tr&gt;
      &lt;td style='width: 184px; height: 26px; font-weight: bold;' align='undefined' valign='undefined'&gt;Country&lt;/td&gt;
      &lt;td style='width: 292px; height: 26px;' align='undefined' valign='undefined'&gt;Japan&amp;nbsp;&lt;/td&gt;
      &lt;td style='height: 26px; width: 184px; font-weight: bold;' align='undefined' valign='undefined'&gt;Severity	&lt;/td&gt;
      &lt;td style='height: 26px; width: 291px;' align='undefined' valign='undefined'&gt;High&amp;nbsp;&lt;/td&gt;
    &lt;/tr&gt;
    &lt;tr&gt;
      &lt;td style='width: 184px; height: 30px; font-weight: bold;' align='undefined' valign='undefined'&gt;State&lt;/td&gt;
      &lt;td style='width: 292px; height: 30px;' align='undefined' valign='undefined'&gt;Tokyo&amp;nbsp;
&lt;/td&gt;
      &lt;td style='height: 30px; width: 184px; font-weight: bold;' align='undefined' valign='undefined'&gt;Type&lt;/td&gt;
      &lt;td style='height: 30px; width: 291px;' align='undefined' valign='undefined'&gt;Explosion&amp;nbsp;&lt;/td&gt;
    &lt;/tr&gt;
    &lt;tr&gt;
      &lt;td style='width: 184px; height: 24px; font-weight: bold;' align='undefined' valign='undefined'&gt;City&lt;/td&gt;
      &lt;td style='width: 292px; height: 24px;' align='undefined' valign='undefined'&gt;Tokyo&amp;nbsp;
&lt;/td&gt;
      &lt;td style='height: 24px; width: 184px; font-weight: bold;' align='undefined' valign='undefined'&gt;Date&lt;/td&gt;
      &lt;td style='height: 24px; width: 291px;' align='undefined' valign='undefined'&gt;2011-06-17&amp;nbsp;
&lt;/td&gt;
    &lt;/tr&gt;
    &lt;tr&gt;
      &lt;td style='width: 184px; height: 26px; font-weight: bold;' align='undefined' valign='undefined'&gt;Deaths&lt;/td&gt;
      &lt;td style='width: 292px; height: 26px;' align='undefined' valign='undefined'&gt;0&amp;nbsp;
&lt;/td&gt;
      &lt;td style='height: 26px; width: 184px; font-weight: bold;' align='undefined' valign='undefined'&gt;Url&lt;/td&gt;
      &lt;td style='height: 26px; width: 291px;' align='undefined' valign='undefined'&gt;&lt;A href='http://www.bloomberg.com/news/2011-06-17/explosion-at-sumitomo-kashima-steelworks-injures-one-worker-1-.html'&gt;Link to News&amp;nbsp;&lt;/A&gt;
&lt;/td&gt;
    &lt;/tr&gt;
    &lt;tr&gt;
      &lt;td style='width: 184px; height: 90px; font-weight: bold;' align='undefined' valign='undefined'&gt;Description&lt;/td&gt;
      &lt;td colspan='3' rowspan='1' style='height: 90px; width: 291px;' align='undefined' valign='undefined'&gt;A boiler exploded at Sumitomo Metal Industries Ltds largest steel factory, north of Tokyo, injuring one worker,The explosion at Kashima steelworks in Ibaraki prefecture occurred at 1:46 p.m. today&amp;nbsp;
&lt;/td&gt;
    &lt;/tr&gt;
  &lt;/tbody&gt;
&lt;/table&gt;</description>
                <styleUrl>#style2x93302</styleUrl>
                <Point>
                    <extrude xmlns:ns5="http://www.w3.org/2001/XMLSchema-instance" xmlns:ns6="http://www.w3.org/2001/XMLSchema" ns5:type="ns6:boolean">false</extrude>
                    <altitudeMode>clampToGround</altitudeMode>
                    <coordinates>140.38744,35.773212</coordinates>
                </Point>
            </Placemark>
            <Placemark>
                <name>M-Russia</name>
                <visibility xmlns:ns5="http://www.w3.org/2001/XMLSchema-instance" xmlns:ns6="http://www.w3.org/2001/XMLSchema" ns5:type="ns6:boolean">true</visibility>
                <open xmlns:ns5="http://www.w3.org/2001/XMLSchema-instance" xmlns:ns6="http://www.w3.org/2001/XMLSchema" ns5:type="ns6:boolean">true</open>
                <address>Novoslobodskaya Street 23,Moscow,Moscow City,Russian Federation</address>
                <description>&lt;table style='text-align: left; width: 480px; height: 240px;' border='1' border-color='gray' border-style='solid' cellpadding='2' cellspacing='2'&gt;
&lt;tbody&gt;
    &lt;tr style='font-weight: bold;'&gt;
		&lt;td style='height: 78px; width: 184px;' align='undefined' valign='undefined'&gt;&lt;span style='font-weight: normal;'&gt;&lt;img src='http:\\66.216.18.155\Razient\iconsgi\customer.png'/&gt;&lt;/span&gt;&lt;/td&gt;
		&lt;td colspan='3' rowspan='1' style='height: 78px; width: 291px;' align='undefined' valign='undefined'&gt;Name: M-Russia&amp;nbsp;&lt;br&gt; Address: Novoslobodskaya Street 23 - Moscow - Moscow City - Russian Federation&amp;nbsp;&lt;br&gt; Phone Number: &amp;nbsp;&lt;br&gt; Email: &amp;nbsp;&lt;br&gt; Primary Contact: &amp;nbsp;&lt;/td&gt;
    &lt;/tr&gt;
    &lt;tr&gt;
	   &lt;td colspan='3' rowspan='1' style='height: 0px; width: 291px;' align='undefined' valign='undefined'&gt;&amp;nbsp;&lt;/td&gt;
    &lt;/tr&gt;
  &lt;/tbody&gt;
&lt;/table&gt;</description>
                <styleUrl>#style0x70000</styleUrl>
                <Point>
                    <extrude xmlns:ns5="http://www.w3.org/2001/XMLSchema-instance" xmlns:ns6="http://www.w3.org/2001/XMLSchema" ns5:type="ns6:boolean">false</extrude>
                    <altitudeMode>clampToGround</altitudeMode>
                    <coordinates>37.598366,55.781475</coordinates>
                </Point>
            </Placemark>
            <Placemark>
                <name> Incident : Over 100 Russians evacuated from Yemen arrive in Moscow</name>
                <visibility xmlns:ns5="http://www.w3.org/2001/XMLSchema-instance" xmlns:ns6="http://www.w3.org/2001/XMLSchema" ns5:type="ns6:boolean">true</visibility>
                <open xmlns:ns5="http://www.w3.org/2001/XMLSchema-instance" xmlns:ns6="http://www.w3.org/2001/XMLSchema" ns5:type="ns6:boolean">false</open>
                <description>&lt;table style='text-align: left; width: 480px; height: 240px;' border='1' border-color='gray' border-style='solid' cellpadding='2' cellspacing='2'&gt;
&lt;tbody&gt;
    &lt;tr style='font-weight: bold;'&gt;
		&lt;td style='height: 78px; width: 184px;' align='undefined' valign='undefined'&gt;&lt;span style='font-weight: normal;'&gt;&lt;img src='http:\\66.216.18.155\Razient\iconsgi\suppliers.gif'/&gt;&lt;/span&gt;&lt;/td&gt;
		&lt;td colspan='3' rowspan='1' style='height: 78px; width: 291px;' align='undefined' valign='undefined'&gt;M-Russia&amp;nbsp;
Novoslobodskaya Street 23&amp;nbsp;&lt;/td&gt;
    &lt;/tr&gt;
    &lt;tr&gt;
      &lt;td style='height: 0px; width: 184px; text-align: left;' valign='undefined'&gt;&lt;span style='font-weight: bold;'&gt;Summary:&lt;/span&gt;&lt;/td&gt;
	   &lt;td colspan='3' rowspan='1' style='height: 0px; width: 291px;' align='undefined' valign='undefined'&gt;Over 100 Russians evacuated from Yemen arrive in Moscow&amp;nbsp;&lt;/td&gt;
    &lt;/tr&gt;
    &lt;tr&gt;
      &lt;td style='width: 184px; height: 26px; font-weight: bold;' align='undefined' valign='undefined'&gt;Country&lt;/td&gt;
      &lt;td style='width: 292px; height: 26px;' align='undefined' valign='undefined'&gt;Russian Federation&amp;nbsp;&lt;/td&gt;
      &lt;td style='height: 26px; width: 184px; font-weight: bold;' align='undefined' valign='undefined'&gt;Severity	&lt;/td&gt;
      &lt;td style='height: 26px; width: 291px;' align='undefined' valign='undefined'&gt;Medium&amp;nbsp;&lt;/td&gt;
    &lt;/tr&gt;
    &lt;tr&gt;
      &lt;td style='width: 184px; height: 30px; font-weight: bold;' align='undefined' valign='undefined'&gt;State&lt;/td&gt;
      &lt;td style='width: 292px; height: 30px;' align='undefined' valign='undefined'&gt;Moscow City&amp;nbsp;
&lt;/td&gt;
      &lt;td style='height: 30px; width: 184px; font-weight: bold;' align='undefined' valign='undefined'&gt;Type&lt;/td&gt;
      &lt;td style='height: 30px; width: 291px;' align='undefined' valign='undefined'&gt;Evacuated&amp;nbsp;&lt;/td&gt;
    &lt;/tr&gt;
    &lt;tr&gt;
      &lt;td style='width: 184px; height: 24px; font-weight: bold;' align='undefined' valign='undefined'&gt;City&lt;/td&gt;
      &lt;td style='width: 292px; height: 24px;' align='undefined' valign='undefined'&gt;Moscow&amp;nbsp;
&lt;/td&gt;
      &lt;td style='height: 24px; width: 184px; font-weight: bold;' align='undefined' valign='undefined'&gt;Date&lt;/td&gt;
      &lt;td style='height: 24px; width: 291px;' align='undefined' valign='undefined'&gt;2011-06-13&amp;nbsp;
&lt;/td&gt;
    &lt;/tr&gt;
    &lt;tr&gt;
      &lt;td style='width: 184px; height: 26px; font-weight: bold;' align='undefined' valign='undefined'&gt;Deaths&lt;/td&gt;
      &lt;td style='width: 292px; height: 26px;' align='undefined' valign='undefined'&gt;0&amp;nbsp;
&lt;/td&gt;
      &lt;td style='height: 26px; width: 184px; font-weight: bold;' align='undefined' valign='undefined'&gt;Url&lt;/td&gt;
      &lt;td style='height: 26px; width: 291px;' align='undefined' valign='undefined'&gt;&lt;A href='http://en.rian.ru/world/20110613/164591165.html'&gt;Link to News&amp;nbsp;&lt;/A&gt;
&lt;/td&gt;
    &lt;/tr&gt;
    &lt;tr&gt;
      &lt;td style='width: 184px; height: 90px; font-weight: bold;' align='undefined' valign='undefined'&gt;Description&lt;/td&gt;
      &lt;td colspan='3' rowspan='1' style='height: 90px; width: 291px;' align='undefined' valign='undefined'&gt;Russias Emergencies Ministry plane with 119 Russians evacuated from Yemen, has landed in Moscow on Monday, the ministry said.&amp;nbsp;
&lt;/td&gt;
    &lt;/tr&gt;
  &lt;/tbody&gt;
&lt;/table&gt;</description>
                <styleUrl>#style18x93318</styleUrl>
                <Point>
                    <extrude xmlns:ns5="http://www.w3.org/2001/XMLSchema-instance" xmlns:ns6="http://www.w3.org/2001/XMLSchema" ns5:type="ns6:boolean">false</extrude>
                    <altitudeMode>clampToGround</altitudeMode>
                    <coordinates>37.617633,55.755786</coordinates>
                </Point>
            </Placemark>
            <Placemark>
                <name>M-Canada 2</name>
                <visibility xmlns:ns5="http://www.w3.org/2001/XMLSchema-instance" xmlns:ns6="http://www.w3.org/2001/XMLSchema" ns5:type="ns6:boolean">true</visibility>
                <open xmlns:ns5="http://www.w3.org/2001/XMLSchema-instance" xmlns:ns6="http://www.w3.org/2001/XMLSchema" ns5:type="ns6:boolean">true</open>
                <address>20000 Clark Graham, Baie d`UrfÃ©Â ,Quebec,Quebec,Canada</address>
                <description>&lt;table style='text-align: left; width: 480px; height: 240px;' border='1' border-color='gray' border-style='solid' cellpadding='2' cellspacing='2'&gt;
&lt;tbody&gt;
    &lt;tr style='font-weight: bold;'&gt;
		&lt;td style='height: 78px; width: 184px;' align='undefined' valign='undefined'&gt;&lt;span style='font-weight: normal;'&gt;&lt;img src='http:\\66.216.18.155\Razient\iconsgi\customer.png'/&gt;&lt;/span&gt;&lt;/td&gt;
		&lt;td colspan='3' rowspan='1' style='height: 78px; width: 291px;' align='undefined' valign='undefined'&gt;Name: M-Canada 2&amp;nbsp;&lt;br&gt; Address: 20000 Clark Graham, Baie d`UrfÃ©Â  - Quebec - Quebec - Canada&amp;nbsp;&lt;br&gt; Phone Number: &amp;nbsp;&lt;br&gt; Email: &amp;nbsp;&lt;br&gt; Primary Contact: &amp;nbsp;&lt;/td&gt;
    &lt;/tr&gt;
    &lt;tr&gt;
	   &lt;td colspan='3' rowspan='1' style='height: 0px; width: 291px;' align='undefined' valign='undefined'&gt;&amp;nbsp;&lt;/td&gt;
    &lt;/tr&gt;
  &lt;/tbody&gt;
&lt;/table&gt;</description>
                <styleUrl>#style0x70000</styleUrl>
                <Point>
                    <extrude xmlns:ns5="http://www.w3.org/2001/XMLSchema-instance" xmlns:ns6="http://www.w3.org/2001/XMLSchema" ns5:type="ns6:boolean">false</extrude>
                    <altitudeMode>clampToGround</altitudeMode>
                    <coordinates>-71.2428,46.803284</coordinates>
                </Point>
            </Placemark>
            <Placemark>
                <name> Incident : Latest postal strikes target Quebec City, Kitchener</name>
                <visibility xmlns:ns5="http://www.w3.org/2001/XMLSchema-instance" xmlns:ns6="http://www.w3.org/2001/XMLSchema" ns5:type="ns6:boolean">true</visibility>
                <open xmlns:ns5="http://www.w3.org/2001/XMLSchema-instance" xmlns:ns6="http://www.w3.org/2001/XMLSchema" ns5:type="ns6:boolean">false</open>
                <description>&lt;table style='text-align: left; width: 480px; height: 240px;' border='1' border-color='gray' border-style='solid' cellpadding='2' cellspacing='2'&gt;
&lt;tbody&gt;
    &lt;tr style='font-weight: bold;'&gt;
		&lt;td style='height: 78px; width: 184px;' align='undefined' valign='undefined'&gt;&lt;span style='font-weight: normal;'&gt;&lt;img src='http:\\66.216.18.155\Razient\iconsgi\suppliers.gif'/&gt;&lt;/span&gt;&lt;/td&gt;
		&lt;td colspan='3' rowspan='1' style='height: 78px; width: 291px;' align='undefined' valign='undefined'&gt;M-Canada 2&amp;nbsp;
20000 Clark Graham, Baie d`UrfÃ©Â &amp;nbsp;&lt;/td&gt;
    &lt;/tr&gt;
    &lt;tr&gt;
      &lt;td style='height: 0px; width: 184px; text-align: left;' valign='undefined'&gt;&lt;span style='font-weight: bold;'&gt;Summary:&lt;/span&gt;&lt;/td&gt;
	   &lt;td colspan='3' rowspan='1' style='height: 0px; width: 291px;' align='undefined' valign='undefined'&gt;Latest postal strikes target Quebec City, Kitchener&amp;nbsp;&lt;/td&gt;
    &lt;/tr&gt;
    &lt;tr&gt;
      &lt;td style='width: 184px; height: 26px; font-weight: bold;' align='undefined' valign='undefined'&gt;Country&lt;/td&gt;
      &lt;td style='width: 292px; height: 26px;' align='undefined' valign='undefined'&gt;Canada&amp;nbsp;&lt;/td&gt;
      &lt;td style='height: 26px; width: 184px; font-weight: bold;' align='undefined' valign='undefined'&gt;Severity	&lt;/td&gt;
      &lt;td style='height: 26px; width: 291px;' align='undefined' valign='undefined'&gt;Low&amp;nbsp;&lt;/td&gt;
    &lt;/tr&gt;
    &lt;tr&gt;
      &lt;td style='width: 184px; height: 30px; font-weight: bold;' align='undefined' valign='undefined'&gt;State&lt;/td&gt;
      &lt;td style='width: 292px; height: 30px;' align='undefined' valign='undefined'&gt;Quebec&amp;nbsp;
&lt;/td&gt;
      &lt;td style='height: 30px; width: 184px; font-weight: bold;' align='undefined' valign='undefined'&gt;Type&lt;/td&gt;
      &lt;td style='height: 30px; width: 291px;' align='undefined' valign='undefined'&gt;Strike&amp;nbsp;&lt;/td&gt;
    &lt;/tr&gt;
    &lt;tr&gt;
      &lt;td style='width: 184px; height: 24px; font-weight: bold;' align='undefined' valign='undefined'&gt;City&lt;/td&gt;
      &lt;td style='width: 292px; height: 24px;' align='undefined' valign='undefined'&gt;Quebec&amp;nbsp;
&lt;/td&gt;
      &lt;td style='height: 24px; width: 184px; font-weight: bold;' align='undefined' valign='undefined'&gt;Date&lt;/td&gt;
      &lt;td style='height: 24px; width: 291px;' align='undefined' valign='undefined'&gt;2011-06-10&amp;nbsp;
&lt;/td&gt;
    &lt;/tr&gt;
    &lt;tr&gt;
      &lt;td style='width: 184px; height: 26px; font-weight: bold;' align='undefined' valign='undefined'&gt;Deaths&lt;/td&gt;
      &lt;td style='width: 292px; height: 26px;' align='undefined' valign='undefined'&gt;0&amp;nbsp;
&lt;/td&gt;
      &lt;td style='height: 26px; width: 184px; font-weight: bold;' align='undefined' valign='undefined'&gt;Url&lt;/td&gt;
      &lt;td style='height: 26px; width: 291px;' align='undefined' valign='undefined'&gt;&lt;A href='http://edmonton.ctv.ca/servlet/an/local/CTVNews/20110610/canada-post-strike-day-eight-110610/20110610/?hub=EdmontonHome'&gt;Link to News&amp;nbsp;&lt;/A&gt;
&lt;/td&gt;
    &lt;/tr&gt;
    &lt;tr&gt;
      &lt;td style='width: 184px; height: 90px; font-weight: bold;' align='undefined' valign='undefined'&gt;Description&lt;/td&gt;
      &lt;td colspan='3' rowspan='1' style='height: 90px; width: 291px;' align='undefined' valign='undefined'&gt;Postal workers are on strike in Kitchener, Ontario and Quebec City today, as their union and Canada Post each blame the other for blocking progress at the bargaining table&amp;nbsp;
&lt;/td&gt;
    &lt;/tr&gt;
  &lt;/tbody&gt;
&lt;/table&gt;</description>
                <styleUrl>#style7x93307</styleUrl>
                <Point>
                    <extrude xmlns:ns5="http://www.w3.org/2001/XMLSchema-instance" xmlns:ns6="http://www.w3.org/2001/XMLSchema" ns5:type="ns6:boolean">false</extrude>
                    <altitudeMode>clampToGround</altitudeMode>
                    <coordinates>-71.242796,46.8032826</coordinates>
                </Point>
            </Placemark>
            <Placemark>
                <name>M-Argintina 2</name>
                <visibility xmlns:ns5="http://www.w3.org/2001/XMLSchema-instance" xmlns:ns6="http://www.w3.org/2001/XMLSchema" ns5:type="ns6:boolean">true</visibility>
                <open xmlns:ns5="http://www.w3.org/2001/XMLSchema-instance" xmlns:ns6="http://www.w3.org/2001/XMLSchema" ns5:type="ns6:boolean">true</open>
                <address>Av. Int. Tomkinson 2054 -B1642EMU San Isidro,Buenos Aires,Distrito Federal,Argentina</address>
                <description>&lt;table style='text-align: left; width: 480px; height: 240px;' border='1' border-color='gray' border-style='solid' cellpadding='2' cellspacing='2'&gt;
&lt;tbody&gt;
    &lt;tr style='font-weight: bold;'&gt;
		&lt;td style='height: 78px; width: 184px;' align='undefined' valign='undefined'&gt;&lt;span style='font-weight: normal;'&gt;&lt;img src='http:\\66.216.18.155\Razient\iconsgi\customer.png'/&gt;&lt;/span&gt;&lt;/td&gt;
		&lt;td colspan='3' rowspan='1' style='height: 78px; width: 291px;' align='undefined' valign='undefined'&gt;Name: M-Argintina 2&amp;nbsp;&lt;br&gt; Address: Av. Int. Tomkinson 2054 -B1642EMU San Isidro - Buenos Aires - Distrito Federal - Argentina&amp;nbsp;&lt;br&gt; Phone Number: &amp;nbsp;&lt;br&gt; Email: &amp;nbsp;&lt;br&gt; Primary Contact: &amp;nbsp;&lt;/td&gt;
    &lt;/tr&gt;
    &lt;tr&gt;
	   &lt;td colspan='3' rowspan='1' style='height: 0px; width: 291px;' align='undefined' valign='undefined'&gt;&amp;nbsp;&lt;/td&gt;
    &lt;/tr&gt;
  &lt;/tbody&gt;
&lt;/table&gt;</description>
                <styleUrl>#style0x70000</styleUrl>
                <Point>
                    <extrude xmlns:ns5="http://www.w3.org/2001/XMLSchema-instance" xmlns:ns6="http://www.w3.org/2001/XMLSchema" ns5:type="ns6:boolean">false</extrude>
                    <altitudeMode>clampToGround</altitudeMode>
                    <coordinates>-58.37316,-34.608418</coordinates>
                </Point>
            </Placemark>
            <Placemark>
                <name> Incident : Ash Cloud Closes Argentina Airports For A Second Day</name>
                <visibility xmlns:ns5="http://www.w3.org/2001/XMLSchema-instance" xmlns:ns6="http://www.w3.org/2001/XMLSchema" ns5:type="ns6:boolean">true</visibility>
                <open xmlns:ns5="http://www.w3.org/2001/XMLSchema-instance" xmlns:ns6="http://www.w3.org/2001/XMLSchema" ns5:type="ns6:boolean">false</open>
                <description>&lt;table style='text-align: left; width: 480px; height: 240px;' border='1' border-color='gray' border-style='solid' cellpadding='2' cellspacing='2'&gt;
&lt;tbody&gt;
    &lt;tr style='font-weight: bold;'&gt;
		&lt;td style='height: 78px; width: 184px;' align='undefined' valign='undefined'&gt;&lt;span style='font-weight: normal;'&gt;&lt;img src='http:\\66.216.18.155\Razient\iconsgi\suppliers.gif'/&gt;&lt;/span&gt;&lt;/td&gt;
		&lt;td colspan='3' rowspan='1' style='height: 78px; width: 291px;' align='undefined' valign='undefined'&gt;M-Argintina 2&amp;nbsp;
Av. Int. Tomkinson 2054 -B1642EMU San Isidro&amp;nbsp;&lt;/td&gt;
    &lt;/tr&gt;
    &lt;tr&gt;
      &lt;td style='height: 0px; width: 184px; text-align: left;' valign='undefined'&gt;&lt;span style='font-weight: bold;'&gt;Summary:&lt;/span&gt;&lt;/td&gt;
	   &lt;td colspan='3' rowspan='1' style='height: 0px; width: 291px;' align='undefined' valign='undefined'&gt;Ash Cloud Closes Argentina Airports For A Second Day&amp;nbsp;&lt;/td&gt;
    &lt;/tr&gt;
    &lt;tr&gt;
      &lt;td style='width: 184px; height: 26px; font-weight: bold;' align='undefined' valign='undefined'&gt;Country&lt;/td&gt;
      &lt;td style='width: 292px; height: 26px;' align='undefined' valign='undefined'&gt;Argentina&amp;nbsp;&lt;/td&gt;
      &lt;td style='height: 26px; width: 184px; font-weight: bold;' align='undefined' valign='undefined'&gt;Severity	&lt;/td&gt;
      &lt;td style='height: 26px; width: 291px;' align='undefined' valign='undefined'&gt;Low&amp;nbsp;&lt;/td&gt;
    &lt;/tr&gt;
    &lt;tr&gt;
      &lt;td style='width: 184px; height: 30px; font-weight: bold;' align='undefined' valign='undefined'&gt;State&lt;/td&gt;
      &lt;td style='width: 292px; height: 30px;' align='undefined' valign='undefined'&gt;Distrito Federal&amp;nbsp;
&lt;/td&gt;
      &lt;td style='height: 30px; width: 184px; font-weight: bold;' align='undefined' valign='undefined'&gt;Type&lt;/td&gt;
      &lt;td style='height: 30px; width: 291px;' align='undefined' valign='undefined'&gt;Airport Closed&amp;nbsp;&lt;/td&gt;
    &lt;/tr&gt;
    &lt;tr&gt;
      &lt;td style='width: 184px; height: 24px; font-weight: bold;' align='undefined' valign='undefined'&gt;City&lt;/td&gt;
      &lt;td style='width: 292px; height: 24px;' align='undefined' valign='undefined'&gt;Buenos Aires&amp;nbsp;
&lt;/td&gt;
      &lt;td style='height: 24px; width: 184px; font-weight: bold;' align='undefined' valign='undefined'&gt;Date&lt;/td&gt;
      &lt;td style='height: 24px; width: 291px;' align='undefined' valign='undefined'&gt;2011-06-10&amp;nbsp;
&lt;/td&gt;
    &lt;/tr&gt;
    &lt;tr&gt;
      &lt;td style='width: 184px; height: 26px; font-weight: bold;' align='undefined' valign='undefined'&gt;Deaths&lt;/td&gt;
      &lt;td style='width: 292px; height: 26px;' align='undefined' valign='undefined'&gt;0&amp;nbsp;
&lt;/td&gt;
      &lt;td style='height: 26px; width: 184px; font-weight: bold;' align='undefined' valign='undefined'&gt;Url&lt;/td&gt;
      &lt;td style='height: 26px; width: 291px;' align='undefined' valign='undefined'&gt;&lt;A href='http://online.wsj.com/article/BT-CO-20110610-707339.html'&gt;Link to News&amp;nbsp;&lt;/A&gt;
&lt;/td&gt;
    &lt;/tr&gt;
    &lt;tr&gt;
      &lt;td style='width: 184px; height: 90px; font-weight: bold;' align='undefined' valign='undefined'&gt;Description&lt;/td&gt;
      &lt;td colspan='3' rowspan='1' style='height: 90px; width: 291px;' align='undefined' valign='undefined'&gt;Air travel into and out of Argentinas two biggest airports serving the capital was suspended for a second consecutive day on Friday due to the presence of volcanic ash.&amp;nbsp;
&lt;/td&gt;
    &lt;/tr&gt;
  &lt;/tbody&gt;
&lt;/table&gt;</description>
                <styleUrl>#style16x93316</styleUrl>
                <Point>
                    <extrude xmlns:ns5="http://www.w3.org/2001/XMLSchema-instance" xmlns:ns6="http://www.w3.org/2001/XMLSchema" ns5:type="ns6:boolean">false</extrude>
                    <altitudeMode>clampToGround</altitudeMode>
                    <coordinates>-58.3731613,-34.6084175</coordinates>
                </Point>
            </Placemark>
            <Placemark>
                <name>M-Norway</name>
                <visibility xmlns:ns5="http://www.w3.org/2001/XMLSchema-instance" xmlns:ns6="http://www.w3.org/2001/XMLSchema" ns5:type="ns6:boolean">true</visibility>
                <open xmlns:ns5="http://www.w3.org/2001/XMLSchema-instance" xmlns:ns6="http://www.w3.org/2001/XMLSchema" ns5:type="ns6:boolean">true</open>
                <address>Postboks 462,Oslo,Oslo,Norway</address>
                <description>&lt;table style='text-align: left; width: 480px; height: 240px;' border='1' border-color='gray' border-style='solid' cellpadding='2' cellspacing='2'&gt;
&lt;tbody&gt;
    &lt;tr style='font-weight: bold;'&gt;
		&lt;td style='height: 78px; width: 184px;' align='undefined' valign='undefined'&gt;&lt;span style='font-weight: normal;'&gt;&lt;img src='http:\\66.216.18.155\Razient\iconsgi\customer.png'/&gt;&lt;/span&gt;&lt;/td&gt;
		&lt;td colspan='3' rowspan='1' style='height: 78px; width: 291px;' align='undefined' valign='undefined'&gt;Name: M-Norway&amp;nbsp;&lt;br&gt; Address: Postboks 462 - Oslo - Oslo - Norway&amp;nbsp;&lt;br&gt; Phone Number: &amp;nbsp;&lt;br&gt; Email: &amp;nbsp;&lt;br&gt; Primary Contact: &amp;nbsp;&lt;/td&gt;
    &lt;/tr&gt;
    &lt;tr&gt;
	   &lt;td colspan='3' rowspan='1' style='height: 0px; width: 291px;' align='undefined' valign='undefined'&gt;&amp;nbsp;&lt;/td&gt;
    &lt;/tr&gt;
  &lt;/tbody&gt;
&lt;/table&gt;</description>
                <styleUrl>#style0x70000</styleUrl>
                <Point>
                    <extrude xmlns:ns5="http://www.w3.org/2001/XMLSchema-instance" xmlns:ns6="http://www.w3.org/2001/XMLSchema" ns5:type="ns6:boolean">false</extrude>
                    <altitudeMode>clampToGround</altitudeMode>
                    <coordinates>10.752245,59.913868</coordinates>
                </Point>
            </Placemark>
            <Placemark>
                <name> Incident : Rain wreaks havoc, phones hit, too</name>
                <visibility xmlns:ns5="http://www.w3.org/2001/XMLSchema-instance" xmlns:ns6="http://www.w3.org/2001/XMLSchema" ns5:type="ns6:boolean">true</visibility>
                <open xmlns:ns5="http://www.w3.org/2001/XMLSchema-instance" xmlns:ns6="http://www.w3.org/2001/XMLSchema" ns5:type="ns6:boolean">false</open>
                <description>&lt;table style='text-align: left; width: 480px; height: 240px;' border='1' border-color='gray' border-style='solid' cellpadding='2' cellspacing='2'&gt;
&lt;tbody&gt;
    &lt;tr style='font-weight: bold;'&gt;
		&lt;td style='height: 78px; width: 184px;' align='undefined' valign='undefined'&gt;&lt;span style='font-weight: normal;'&gt;&lt;img src='http:\\66.216.18.155\Razient\iconsgi\suppliers.gif'/&gt;&lt;/span&gt;&lt;/td&gt;
		&lt;td colspan='3' rowspan='1' style='height: 78px; width: 291px;' align='undefined' valign='undefined'&gt;M-Norway&amp;nbsp;
Postboks 462&amp;nbsp;&lt;/td&gt;
    &lt;/tr&gt;
    &lt;tr&gt;
      &lt;td style='height: 0px; width: 184px; text-align: left;' valign='undefined'&gt;&lt;span style='font-weight: bold;'&gt;Summary:&lt;/span&gt;&lt;/td&gt;
	   &lt;td colspan='3' rowspan='1' style='height: 0px; width: 291px;' align='undefined' valign='undefined'&gt;Rain wreaks havoc, phones hit, too&amp;nbsp;&lt;/td&gt;
    &lt;/tr&gt;
    &lt;tr&gt;
      &lt;td style='width: 184px; height: 26px; font-weight: bold;' align='undefined' valign='undefined'&gt;Country&lt;/td&gt;
      &lt;td style='width: 292px; height: 26px;' align='undefined' valign='undefined'&gt;Norway&amp;nbsp;&lt;/td&gt;
      &lt;td style='height: 26px; width: 184px; font-weight: bold;' align='undefined' valign='undefined'&gt;Severity	&lt;/td&gt;
      &lt;td style='height: 26px; width: 291px;' align='undefined' valign='undefined'&gt;Medium&amp;nbsp;&lt;/td&gt;
    &lt;/tr&gt;
    &lt;tr&gt;
      &lt;td style='width: 184px; height: 30px; font-weight: bold;' align='undefined' valign='undefined'&gt;State&lt;/td&gt;
      &lt;td style='width: 292px; height: 30px;' align='undefined' valign='undefined'&gt;Oslo&amp;nbsp;
&lt;/td&gt;
      &lt;td style='height: 30px; width: 184px; font-weight: bold;' align='undefined' valign='undefined'&gt;Type&lt;/td&gt;
      &lt;td style='height: 30px; width: 291px;' align='undefined' valign='undefined'&gt;Heavy Rainfall&amp;nbsp;&lt;/td&gt;
    &lt;/tr&gt;
    &lt;tr&gt;
      &lt;td style='width: 184px; height: 24px; font-weight: bold;' align='undefined' valign='undefined'&gt;City&lt;/td&gt;
      &lt;td style='width: 292px; height: 24px;' align='undefined' valign='undefined'&gt;Oslo&amp;nbsp;
&lt;/td&gt;
      &lt;td style='height: 24px; width: 184px; font-weight: bold;' align='undefined' valign='undefined'&gt;Date&lt;/td&gt;
      &lt;td style='height: 24px; width: 291px;' align='undefined' valign='undefined'&gt;2011-06-10&amp;nbsp;
&lt;/td&gt;
    &lt;/tr&gt;
    &lt;tr&gt;
      &lt;td style='width: 184px; height: 26px; font-weight: bold;' align='undefined' valign='undefined'&gt;Deaths&lt;/td&gt;
      &lt;td style='width: 292px; height: 26px;' align='undefined' valign='undefined'&gt;0&amp;nbsp;
&lt;/td&gt;
      &lt;td style='height: 26px; width: 184px; font-weight: bold;' align='undefined' valign='undefined'&gt;Url&lt;/td&gt;
      &lt;td style='height: 26px; width: 291px;' align='undefined' valign='undefined'&gt;&lt;A href='http://www.newsinenglish.no/2011/06/10/rain-closes-roads-forces-evacuations/'&gt;Link to News&amp;nbsp;&lt;/A&gt;
&lt;/td&gt;
    &lt;/tr&gt;
    &lt;tr&gt;
      &lt;td style='width: 184px; height: 90px; font-weight: bold;' align='undefined' valign='undefined'&gt;Description&lt;/td&gt;
      &lt;td colspan='3' rowspan='1' style='height: 90px; width: 291px;' align='undefined' valign='undefined'&gt;Torrential rain continued to pound down on wide areas of southern Norway during the night and on Friday, washing out bridges, setting off mudslides and leaving some communities isolated&amp;nbsp;
&lt;/td&gt;
    &lt;/tr&gt;
  &lt;/tbody&gt;
&lt;/table&gt;</description>
                <styleUrl>#style12x93312</styleUrl>
                <Point>
                    <extrude xmlns:ns5="http://www.w3.org/2001/XMLSchema-instance" xmlns:ns6="http://www.w3.org/2001/XMLSchema" ns5:type="ns6:boolean">false</extrude>
                    <altitudeMode>clampToGround</altitudeMode>
                    <coordinates>10.7522454,59.9138688</coordinates>
                </Point>
            </Placemark>
            <Placemark>
                <name>M-Argintina 2</name>
                <visibility xmlns:ns5="http://www.w3.org/2001/XMLSchema-instance" xmlns:ns6="http://www.w3.org/2001/XMLSchema" ns5:type="ns6:boolean">true</visibility>
                <open xmlns:ns5="http://www.w3.org/2001/XMLSchema-instance" xmlns:ns6="http://www.w3.org/2001/XMLSchema" ns5:type="ns6:boolean">true</open>
                <address>Av. Int. Tomkinson 2054 -B1642EMU San Isidro,Buenos Aires,Distrito Federal,Argentina</address>
                <description>&lt;table style='text-align: left; width: 480px; height: 240px;' border='1' border-color='gray' border-style='solid' cellpadding='2' cellspacing='2'&gt;
&lt;tbody&gt;
    &lt;tr style='font-weight: bold;'&gt;
		&lt;td style='height: 78px; width: 184px;' align='undefined' valign='undefined'&gt;&lt;span style='font-weight: normal;'&gt;&lt;img src='http:\\66.216.18.155\Razient\iconsgi\customer.png'/&gt;&lt;/span&gt;&lt;/td&gt;
		&lt;td colspan='3' rowspan='1' style='height: 78px; width: 291px;' align='undefined' valign='undefined'&gt;Name: M-Argintina 2&amp;nbsp;&lt;br&gt; Address: Av. Int. Tomkinson 2054 -B1642EMU San Isidro - Buenos Aires - Distrito Federal - Argentina&amp;nbsp;&lt;br&gt; Phone Number: &amp;nbsp;&lt;br&gt; Email: &amp;nbsp;&lt;br&gt; Primary Contact: &amp;nbsp;&lt;/td&gt;
    &lt;/tr&gt;
    &lt;tr&gt;
	   &lt;td colspan='3' rowspan='1' style='height: 0px; width: 291px;' align='undefined' valign='undefined'&gt;&amp;nbsp;&lt;/td&gt;
    &lt;/tr&gt;
  &lt;/tbody&gt;
&lt;/table&gt;</description>
                <styleUrl>#style0x70000</styleUrl>
                <Point>
                    <extrude xmlns:ns5="http://www.w3.org/2001/XMLSchema-instance" xmlns:ns6="http://www.w3.org/2001/XMLSchema" ns5:type="ns6:boolean">false</extrude>
                    <altitudeMode>clampToGround</altitudeMode>
                    <coordinates>-58.37316,-34.608418</coordinates>
                </Point>
            </Placemark>
            <Placemark>
                <name> Incident : Volcanic ash cloud disrupts South America flights&#xD;
</name>
                <visibility xmlns:ns5="http://www.w3.org/2001/XMLSchema-instance" xmlns:ns6="http://www.w3.org/2001/XMLSchema" ns5:type="ns6:boolean">true</visibility>
                <open xmlns:ns5="http://www.w3.org/2001/XMLSchema-instance" xmlns:ns6="http://www.w3.org/2001/XMLSchema" ns5:type="ns6:boolean">false</open>
                <description>&lt;table style='text-align: left; width: 480px; height: 240px;' border='1' border-color='gray' border-style='solid' cellpadding='2' cellspacing='2'&gt;
&lt;tbody&gt;
    &lt;tr style='font-weight: bold;'&gt;
		&lt;td style='height: 78px; width: 184px;' align='undefined' valign='undefined'&gt;&lt;span style='font-weight: normal;'&gt;&lt;img src='http:\\66.216.18.155\Razient\iconsgi\suppliers.gif'/&gt;&lt;/span&gt;&lt;/td&gt;
		&lt;td colspan='3' rowspan='1' style='height: 78px; width: 291px;' align='undefined' valign='undefined'&gt;M-Argintina 2&amp;nbsp;
Av. Int. Tomkinson 2054 -B1642EMU San Isidro&amp;nbsp;&lt;/td&gt;
    &lt;/tr&gt;
    &lt;tr&gt;
      &lt;td style='height: 0px; width: 184px; text-align: left;' valign='undefined'&gt;&lt;span style='font-weight: bold;'&gt;Summary:&lt;/span&gt;&lt;/td&gt;
	   &lt;td colspan='3' rowspan='1' style='height: 0px; width: 291px;' align='undefined' valign='undefined'&gt;Volcanic ash cloud disrupts South America flights&#xD;
&amp;nbsp;&lt;/td&gt;
    &lt;/tr&gt;
    &lt;tr&gt;
      &lt;td style='width: 184px; height: 26px; font-weight: bold;' align='undefined' valign='undefined'&gt;Country&lt;/td&gt;
      &lt;td style='width: 292px; height: 26px;' align='undefined' valign='undefined'&gt;Argentina&amp;nbsp;&lt;/td&gt;
      &lt;td style='height: 26px; width: 184px; font-weight: bold;' align='undefined' valign='undefined'&gt;Severity	&lt;/td&gt;
      &lt;td style='height: 26px; width: 291px;' align='undefined' valign='undefined'&gt;Low&amp;nbsp;&lt;/td&gt;
    &lt;/tr&gt;
    &lt;tr&gt;
      &lt;td style='width: 184px; height: 30px; font-weight: bold;' align='undefined' valign='undefined'&gt;State&lt;/td&gt;
      &lt;td style='width: 292px; height: 30px;' align='undefined' valign='undefined'&gt;Distrito Federal&amp;nbsp;
&lt;/td&gt;
      &lt;td style='height: 30px; width: 184px; font-weight: bold;' align='undefined' valign='undefined'&gt;Type&lt;/td&gt;
      &lt;td style='height: 30px; width: 291px;' align='undefined' valign='undefined'&gt;Airport Closed&amp;nbsp;&lt;/td&gt;
    &lt;/tr&gt;
    &lt;tr&gt;
      &lt;td style='width: 184px; height: 24px; font-weight: bold;' align='undefined' valign='undefined'&gt;City&lt;/td&gt;
      &lt;td style='width: 292px; height: 24px;' align='undefined' valign='undefined'&gt;Buenos Aires&amp;nbsp;
&lt;/td&gt;
      &lt;td style='height: 24px; width: 184px; font-weight: bold;' align='undefined' valign='undefined'&gt;Date&lt;/td&gt;
      &lt;td style='height: 24px; width: 291px;' align='undefined' valign='undefined'&gt;2011-06-08&amp;nbsp;
&lt;/td&gt;
    &lt;/tr&gt;
    &lt;tr&gt;
      &lt;td style='width: 184px; height: 26px; font-weight: bold;' align='undefined' valign='undefined'&gt;Deaths&lt;/td&gt;
      &lt;td style='width: 292px; height: 26px;' align='undefined' valign='undefined'&gt;0&amp;nbsp;
&lt;/td&gt;
      &lt;td style='height: 26px; width: 184px; font-weight: bold;' align='undefined' valign='undefined'&gt;Url&lt;/td&gt;
      &lt;td style='height: 26px; width: 291px;' align='undefined' valign='undefined'&gt;&lt;A href='http://www.hindustantimes.com/Volcanic-ash-cloud-disrupts-South-America-flights/Article1-707120.aspx'&gt;Link to News&amp;nbsp;&lt;/A&gt;
&lt;/td&gt;
    &lt;/tr&gt;
    &lt;tr&gt;
      &lt;td style='width: 184px; height: 90px; font-weight: bold;' align='undefined' valign='undefined'&gt;Description&lt;/td&gt;
      &lt;td colspan='3' rowspan='1' style='height: 90px; width: 291px;' align='undefined' valign='undefined'&gt;A vast cloud of ash spewing from a Chilean volcano disrupted air travel on Wednesday across much of South America, as heavy rains around the eruption site prompted fears of mudslides. Air traffic was sharply curtailed on the continent as the ash cloud drifted over Argentina, and into Brazil&amp;nbsp;
&lt;/td&gt;
    &lt;/tr&gt;
  &lt;/tbody&gt;
&lt;/table&gt;</description>
                <styleUrl>#style16x93316</styleUrl>
                <Point>
                    <extrude xmlns:ns5="http://www.w3.org/2001/XMLSchema-instance" xmlns:ns6="http://www.w3.org/2001/XMLSchema" ns5:type="ns6:boolean">false</extrude>
                    <altitudeMode>clampToGround</altitudeMode>
                    <coordinates>-58.3731613,-34.6039175</coordinates>
                </Point>
            </Placemark>
            <Placemark>
                <name>M-Russia</name>
                <visibility xmlns:ns5="http://www.w3.org/2001/XMLSchema-instance" xmlns:ns6="http://www.w3.org/2001/XMLSchema" ns5:type="ns6:boolean">true</visibility>
                <open xmlns:ns5="http://www.w3.org/2001/XMLSchema-instance" xmlns:ns6="http://www.w3.org/2001/XMLSchema" ns5:type="ns6:boolean">true</open>
                <address>Novoslobodskaya Street 23,Moscow,Moscow City,Russian Federation</address>
                <description>&lt;table style='text-align: left; width: 480px; height: 240px;' border='1' border-color='gray' border-style='solid' cellpadding='2' cellspacing='2'&gt;
&lt;tbody&gt;
    &lt;tr style='font-weight: bold;'&gt;
		&lt;td style='height: 78px; width: 184px;' align='undefined' valign='undefined'&gt;&lt;span style='font-weight: normal;'&gt;&lt;img src='http:\\66.216.18.155\Razient\iconsgi\customer.png'/&gt;&lt;/span&gt;&lt;/td&gt;
		&lt;td colspan='3' rowspan='1' style='height: 78px; width: 291px;' align='undefined' valign='undefined'&gt;Name: M-Russia&amp;nbsp;&lt;br&gt; Address: Novoslobodskaya Street 23 - Moscow - Moscow City - Russian Federation&amp;nbsp;&lt;br&gt; Phone Number: &amp;nbsp;&lt;br&gt; Email: &amp;nbsp;&lt;br&gt; Primary Contact: &amp;nbsp;&lt;/td&gt;
    &lt;/tr&gt;
    &lt;tr&gt;
	   &lt;td colspan='3' rowspan='1' style='height: 0px; width: 291px;' align='undefined' valign='undefined'&gt;&amp;nbsp;&lt;/td&gt;
    &lt;/tr&gt;
  &lt;/tbody&gt;
&lt;/table&gt;</description>
                <styleUrl>#style0x70000</styleUrl>
                <Point>
                    <extrude xmlns:ns5="http://www.w3.org/2001/XMLSchema-instance" xmlns:ns6="http://www.w3.org/2001/XMLSchema" ns5:type="ns6:boolean">false</extrude>
                    <altitudeMode>clampToGround</altitudeMode>
                    <coordinates>37.598366,55.781475</coordinates>
                </Point>
            </Placemark>
            <Placemark>
                <name> Incident : UPDATE 1-Fire interrupts loadings from Moscow refinery-trade</name>
                <visibility xmlns:ns5="http://www.w3.org/2001/XMLSchema-instance" xmlns:ns6="http://www.w3.org/2001/XMLSchema" ns5:type="ns6:boolean">true</visibility>
                <open xmlns:ns5="http://www.w3.org/2001/XMLSchema-instance" xmlns:ns6="http://www.w3.org/2001/XMLSchema" ns5:type="ns6:boolean">false</open>
                <description>&lt;table style='text-align: left; width: 480px; height: 240px;' border='1' border-color='gray' border-style='solid' cellpadding='2' cellspacing='2'&gt;
&lt;tbody&gt;
    &lt;tr style='font-weight: bold;'&gt;
		&lt;td style='height: 78px; width: 184px;' align='undefined' valign='undefined'&gt;&lt;span style='font-weight: normal;'&gt;&lt;img src='http:\\66.216.18.155\Razient\iconsgi\suppliers.gif'/&gt;&lt;/span&gt;&lt;/td&gt;
		&lt;td colspan='3' rowspan='1' style='height: 78px; width: 291px;' align='undefined' valign='undefined'&gt;M-Russia&amp;nbsp;
Novoslobodskaya Street 23&amp;nbsp;&lt;/td&gt;
    &lt;/tr&gt;
    &lt;tr&gt;
      &lt;td style='height: 0px; width: 184px; text-align: left;' valign='undefined'&gt;&lt;span style='font-weight: bold;'&gt;Summary:&lt;/span&gt;&lt;/td&gt;
	   &lt;td colspan='3' rowspan='1' style='height: 0px; width: 291px;' align='undefined' valign='undefined'&gt;UPDATE 1-Fire interrupts loadings from Moscow refinery-trade&amp;nbsp;&lt;/td&gt;
    &lt;/tr&gt;
    &lt;tr&gt;
      &lt;td style='width: 184px; height: 26px; font-weight: bold;' align='undefined' valign='undefined'&gt;Country&lt;/td&gt;
      &lt;td style='width: 292px; height: 26px;' align='undefined' valign='undefined'&gt;Russian Federation&amp;nbsp;&lt;/td&gt;
      &lt;td style='height: 26px; width: 184px; font-weight: bold;' align='undefined' valign='undefined'&gt;Severity	&lt;/td&gt;
      &lt;td style='height: 26px; width: 291px;' align='undefined' valign='undefined'&gt;Medium&amp;nbsp;&lt;/td&gt;
    &lt;/tr&gt;
    &lt;tr&gt;
      &lt;td style='width: 184px; height: 30px; font-weight: bold;' align='undefined' valign='undefined'&gt;State&lt;/td&gt;
      &lt;td style='width: 292px; height: 30px;' align='undefined' valign='undefined'&gt;Moscow City&amp;nbsp;
&lt;/td&gt;
      &lt;td style='height: 30px; width: 184px; font-weight: bold;' align='undefined' valign='undefined'&gt;Type&lt;/td&gt;
      &lt;td style='height: 30px; width: 291px;' align='undefined' valign='undefined'&gt;Fire&amp;nbsp;&lt;/td&gt;
    &lt;/tr&gt;
    &lt;tr&gt;
      &lt;td style='width: 184px; height: 24px; font-weight: bold;' align='undefined' valign='undefined'&gt;City&lt;/td&gt;
      &lt;td style='width: 292px; height: 24px;' align='undefined' valign='undefined'&gt;Moscow&amp;nbsp;
&lt;/td&gt;
      &lt;td style='height: 24px; width: 184px; font-weight: bold;' align='undefined' valign='undefined'&gt;Date&lt;/td&gt;
      &lt;td style='height: 24px; width: 291px;' align='undefined' valign='undefined'&gt;2011-06-03&amp;nbsp;
&lt;/td&gt;
    &lt;/tr&gt;
    &lt;tr&gt;
      &lt;td style='width: 184px; height: 26px; font-weight: bold;' align='undefined' valign='undefined'&gt;Deaths&lt;/td&gt;
      &lt;td style='width: 292px; height: 26px;' align='undefined' valign='undefined'&gt;0&amp;nbsp;
&lt;/td&gt;
      &lt;td style='height: 26px; width: 184px; font-weight: bold;' align='undefined' valign='undefined'&gt;Url&lt;/td&gt;
      &lt;td style='height: 26px; width: 291px;' align='undefined' valign='undefined'&gt;&lt;A href='http://www.reuters.com/article/2011/06/03/gazpromneft-fire-idUSLDE7521CU20110603'&gt;Link to News&amp;nbsp;&lt;/A&gt;
&lt;/td&gt;
    &lt;/tr&gt;
    &lt;tr&gt;
      &lt;td style='width: 184px; height: 90px; font-weight: bold;' align='undefined' valign='undefined'&gt;Description&lt;/td&gt;
      &lt;td colspan='3' rowspan='1' style='height: 90px; width: 291px;' align='undefined' valign='undefined'&gt;A fire at a power substation at Gazprom Nefts (SIBN.MM) Moscow refinery interrupted oil product loadings at the 200,000 barrels per day plant, traders said on Friday&amp;nbsp;
&lt;/td&gt;
    &lt;/tr&gt;
  &lt;/tbody&gt;
&lt;/table&gt;</description>
                <styleUrl>#style9x93309</styleUrl>
                <Point>
                    <extrude xmlns:ns5="http://www.w3.org/2001/XMLSchema-instance" xmlns:ns6="http://www.w3.org/2001/XMLSchema" ns5:type="ns6:boolean">false</extrude>
                    <altitudeMode>clampToGround</altitudeMode>
                    <coordinates>37.617633,55.760286</coordinates>
                </Point>
            </Placemark>
            <Placemark>
                <name>M-Russia</name>
                <visibility xmlns:ns5="http://www.w3.org/2001/XMLSchema-instance" xmlns:ns6="http://www.w3.org/2001/XMLSchema" ns5:type="ns6:boolean">true</visibility>
                <open xmlns:ns5="http://www.w3.org/2001/XMLSchema-instance" xmlns:ns6="http://www.w3.org/2001/XMLSchema" ns5:type="ns6:boolean">true</open>
                <address>Novoslobodskaya Street 23,Moscow,Moscow City,Russian Federation</address>
                <description>&lt;table style='text-align: left; width: 480px; height: 240px;' border='1' border-color='gray' border-style='solid' cellpadding='2' cellspacing='2'&gt;
&lt;tbody&gt;
    &lt;tr style='font-weight: bold;'&gt;
		&lt;td style='height: 78px; width: 184px;' align='undefined' valign='undefined'&gt;&lt;span style='font-weight: normal;'&gt;&lt;img src='http:\\66.216.18.155\Razient\iconsgi\customer.png'/&gt;&lt;/span&gt;&lt;/td&gt;
		&lt;td colspan='3' rowspan='1' style='height: 78px; width: 291px;' align='undefined' valign='undefined'&gt;Name: M-Russia&amp;nbsp;&lt;br&gt; Address: Novoslobodskaya Street 23 - Moscow - Moscow City - Russian Federation&amp;nbsp;&lt;br&gt; Phone Number: &amp;nbsp;&lt;br&gt; Email: &amp;nbsp;&lt;br&gt; Primary Contact: &amp;nbsp;&lt;/td&gt;
    &lt;/tr&gt;
    &lt;tr&gt;
	   &lt;td colspan='3' rowspan='1' style='height: 0px; width: 291px;' align='undefined' valign='undefined'&gt;&amp;nbsp;&lt;/td&gt;
    &lt;/tr&gt;
  &lt;/tbody&gt;
&lt;/table&gt;</description>
                <styleUrl>#style0x70000</styleUrl>
                <Point>
                    <extrude xmlns:ns5="http://www.w3.org/2001/XMLSchema-instance" xmlns:ns6="http://www.w3.org/2001/XMLSchema" ns5:type="ns6:boolean">false</extrude>
                    <altitudeMode>clampToGround</altitudeMode>
                    <coordinates>37.598366,55.781475</coordinates>
                </Point>
            </Placemark>
            <Placemark>
                <name> Incident : Russian arms depot fire, explosions forces mass evacuation</name>
                <visibility xmlns:ns5="http://www.w3.org/2001/XMLSchema-instance" xmlns:ns6="http://www.w3.org/2001/XMLSchema" ns5:type="ns6:boolean">true</visibility>
                <open xmlns:ns5="http://www.w3.org/2001/XMLSchema-instance" xmlns:ns6="http://www.w3.org/2001/XMLSchema" ns5:type="ns6:boolean">false</open>
                <description>&lt;table style='text-align: left; width: 480px; height: 240px;' border='1' border-color='gray' border-style='solid' cellpadding='2' cellspacing='2'&gt;
&lt;tbody&gt;
    &lt;tr style='font-weight: bold;'&gt;
		&lt;td style='height: 78px; width: 184px;' align='undefined' valign='undefined'&gt;&lt;span style='font-weight: normal;'&gt;&lt;img src='http:\\66.216.18.155\Razient\iconsgi\suppliers.gif'/&gt;&lt;/span&gt;&lt;/td&gt;
		&lt;td colspan='3' rowspan='1' style='height: 78px; width: 291px;' align='undefined' valign='undefined'&gt;M-Russia&amp;nbsp;
Novoslobodskaya Street 23&amp;nbsp;&lt;/td&gt;
    &lt;/tr&gt;
    &lt;tr&gt;
      &lt;td style='height: 0px; width: 184px; text-align: left;' valign='undefined'&gt;&lt;span style='font-weight: bold;'&gt;Summary:&lt;/span&gt;&lt;/td&gt;
	   &lt;td colspan='3' rowspan='1' style='height: 0px; width: 291px;' align='undefined' valign='undefined'&gt;Russian arms depot fire, explosions forces mass evacuation&amp;nbsp;&lt;/td&gt;
    &lt;/tr&gt;
    &lt;tr&gt;
      &lt;td style='width: 184px; height: 26px; font-weight: bold;' align='undefined' valign='undefined'&gt;Country&lt;/td&gt;
      &lt;td style='width: 292px; height: 26px;' align='undefined' valign='undefined'&gt;Russian Federation&amp;nbsp;&lt;/td&gt;
      &lt;td style='height: 26px; width: 184px; font-weight: bold;' align='undefined' valign='undefined'&gt;Severity	&lt;/td&gt;
      &lt;td style='height: 26px; width: 291px;' align='undefined' valign='undefined'&gt;High&amp;nbsp;&lt;/td&gt;
    &lt;/tr&gt;
    &lt;tr&gt;
      &lt;td style='width: 184px; height: 30px; font-weight: bold;' align='undefined' valign='undefined'&gt;State&lt;/td&gt;
      &lt;td style='width: 292px; height: 30px;' align='undefined' valign='undefined'&gt;Moscow City&amp;nbsp;
&lt;/td&gt;
      &lt;td style='height: 30px; width: 184px; font-weight: bold;' align='undefined' valign='undefined'&gt;Type&lt;/td&gt;
      &lt;td style='height: 30px; width: 291px;' align='undefined' valign='undefined'&gt;Explosion&amp;nbsp;&lt;/td&gt;
    &lt;/tr&gt;
    &lt;tr&gt;
      &lt;td style='width: 184px; height: 24px; font-weight: bold;' align='undefined' valign='undefined'&gt;City&lt;/td&gt;
      &lt;td style='width: 292px; height: 24px;' align='undefined' valign='undefined'&gt;Moscow&amp;nbsp;
&lt;/td&gt;
      &lt;td style='height: 24px; width: 184px; font-weight: bold;' align='undefined' valign='undefined'&gt;Date&lt;/td&gt;
      &lt;td style='height: 24px; width: 291px;' align='undefined' valign='undefined'&gt;2011-06-03&amp;nbsp;
&lt;/td&gt;
    &lt;/tr&gt;
    &lt;tr&gt;
      &lt;td style='width: 184px; height: 26px; font-weight: bold;' align='undefined' valign='undefined'&gt;Deaths&lt;/td&gt;
      &lt;td style='width: 292px; height: 26px;' align='undefined' valign='undefined'&gt;0&amp;nbsp;
&lt;/td&gt;
      &lt;td style='height: 26px; width: 184px; font-weight: bold;' align='undefined' valign='undefined'&gt;Url&lt;/td&gt;
      &lt;td style='height: 26px; width: 291px;' align='undefined' valign='undefined'&gt;&lt;A href='http://www.monstersandcritics.com/news/europe/news/article_1643298.php/Russian-arms-depot-fire-explosions-forces-mass-evacuation'&gt;Link to News&amp;nbsp;&lt;/A&gt;
&lt;/td&gt;
    &lt;/tr&gt;
    &lt;tr&gt;
      &lt;td style='width: 184px; height: 90px; font-weight: bold;' align='undefined' valign='undefined'&gt;Description&lt;/td&gt;
      &lt;td colspan='3' rowspan='1' style='height: 90px; width: 291px;' align='undefined' valign='undefined'&gt;A Fire and explosions at a Russian arms depot on Friday left at least 55 people injured and forced the evacuation of more than 30,000 people, some of whose homes were bombarded by artillery shells.&amp;nbsp;
&lt;/td&gt;
    &lt;/tr&gt;
  &lt;/tbody&gt;
&lt;/table&gt;</description>
                <styleUrl>#style2x93302</styleUrl>
                <Point>
                    <extrude xmlns:ns5="http://www.w3.org/2001/XMLSchema-instance" xmlns:ns6="http://www.w3.org/2001/XMLSchema" ns5:type="ns6:boolean">false</extrude>
                    <altitudeMode>clampToGround</altitudeMode>
                    <coordinates>37.622133,55.760286</coordinates>
                </Point>
            </Placemark>
            <Placemark>
                <name>M-Russia</name>
                <visibility xmlns:ns5="http://www.w3.org/2001/XMLSchema-instance" xmlns:ns6="http://www.w3.org/2001/XMLSchema" ns5:type="ns6:boolean">true</visibility>
                <open xmlns:ns5="http://www.w3.org/2001/XMLSchema-instance" xmlns:ns6="http://www.w3.org/2001/XMLSchema" ns5:type="ns6:boolean">true</open>
                <address>Novoslobodskaya Street 23,Moscow,Moscow City,Russian Federation</address>
                <description>&lt;table style='text-align: left; width: 480px; height: 240px;' border='1' border-color='gray' border-style='solid' cellpadding='2' cellspacing='2'&gt;
&lt;tbody&gt;
    &lt;tr style='font-weight: bold;'&gt;
		&lt;td style='height: 78px; width: 184px;' align='undefined' valign='undefined'&gt;&lt;span style='font-weight: normal;'&gt;&lt;img src='http:\\66.216.18.155\Razient\iconsgi\customer.png'/&gt;&lt;/span&gt;&lt;/td&gt;
		&lt;td colspan='3' rowspan='1' style='height: 78px; width: 291px;' align='undefined' valign='undefined'&gt;Name: M-Russia&amp;nbsp;&lt;br&gt; Address: Novoslobodskaya Street 23 - Moscow - Moscow City - Russian Federation&amp;nbsp;&lt;br&gt; Phone Number: &amp;nbsp;&lt;br&gt; Email: &amp;nbsp;&lt;br&gt; Primary Contact: &amp;nbsp;&lt;/td&gt;
    &lt;/tr&gt;
    &lt;tr&gt;
	   &lt;td colspan='3' rowspan='1' style='height: 0px; width: 291px;' align='undefined' valign='undefined'&gt;&amp;nbsp;&lt;/td&gt;
    &lt;/tr&gt;
  &lt;/tbody&gt;
&lt;/table&gt;</description>
                <styleUrl>#style0x70000</styleUrl>
                <Point>
                    <extrude xmlns:ns5="http://www.w3.org/2001/XMLSchema-instance" xmlns:ns6="http://www.w3.org/2001/XMLSchema" ns5:type="ns6:boolean">false</extrude>
                    <altitudeMode>clampToGround</altitudeMode>
                    <coordinates>37.598366,55.781475</coordinates>
                </Point>
            </Placemark>
            <Placemark>
                <name> Incident : Volcano smoke forces air traffic reroute in eastern Russia</name>
                <visibility xmlns:ns5="http://www.w3.org/2001/XMLSchema-instance" xmlns:ns6="http://www.w3.org/2001/XMLSchema" ns5:type="ns6:boolean">true</visibility>
                <open xmlns:ns5="http://www.w3.org/2001/XMLSchema-instance" xmlns:ns6="http://www.w3.org/2001/XMLSchema" ns5:type="ns6:boolean">false</open>
                <description>&lt;table style='text-align: left; width: 480px; height: 240px;' border='1' border-color='gray' border-style='solid' cellpadding='2' cellspacing='2'&gt;
&lt;tbody&gt;
    &lt;tr style='font-weight: bold;'&gt;
		&lt;td style='height: 78px; width: 184px;' align='undefined' valign='undefined'&gt;&lt;span style='font-weight: normal;'&gt;&lt;img src='http:\\66.216.18.155\Razient\iconsgi\suppliers.gif'/&gt;&lt;/span&gt;&lt;/td&gt;
		&lt;td colspan='3' rowspan='1' style='height: 78px; width: 291px;' align='undefined' valign='undefined'&gt;M-Russia&amp;nbsp;
Novoslobodskaya Street 23&amp;nbsp;&lt;/td&gt;
    &lt;/tr&gt;
    &lt;tr&gt;
      &lt;td style='height: 0px; width: 184px; text-align: left;' valign='undefined'&gt;&lt;span style='font-weight: bold;'&gt;Summary:&lt;/span&gt;&lt;/td&gt;
	   &lt;td colspan='3' rowspan='1' style='height: 0px; width: 291px;' align='undefined' valign='undefined'&gt;Volcano smoke forces air traffic reroute in eastern Russia&amp;nbsp;&lt;/td&gt;
    &lt;/tr&gt;
    &lt;tr&gt;
      &lt;td style='width: 184px; height: 26px; font-weight: bold;' align='undefined' valign='undefined'&gt;Country&lt;/td&gt;
      &lt;td style='width: 292px; height: 26px;' align='undefined' valign='undefined'&gt;Russian Federation&amp;nbsp;&lt;/td&gt;
      &lt;td style='height: 26px; width: 184px; font-weight: bold;' align='undefined' valign='undefined'&gt;Severity	&lt;/td&gt;
      &lt;td style='height: 26px; width: 291px;' align='undefined' valign='undefined'&gt;Low&amp;nbsp;&lt;/td&gt;
    &lt;/tr&gt;
    &lt;tr&gt;
      &lt;td style='width: 184px; height: 30px; font-weight: bold;' align='undefined' valign='undefined'&gt;State&lt;/td&gt;
      &lt;td style='width: 292px; height: 30px;' align='undefined' valign='undefined'&gt;Moscow City&amp;nbsp;
&lt;/td&gt;
      &lt;td style='height: 30px; width: 184px; font-weight: bold;' align='undefined' valign='undefined'&gt;Type&lt;/td&gt;
      &lt;td style='height: 30px; width: 291px;' align='undefined' valign='undefined'&gt;Volcano&amp;nbsp;&lt;/td&gt;
    &lt;/tr&gt;
    &lt;tr&gt;
      &lt;td style='width: 184px; height: 24px; font-weight: bold;' align='undefined' valign='undefined'&gt;City&lt;/td&gt;
      &lt;td style='width: 292px; height: 24px;' align='undefined' valign='undefined'&gt;Moscow&amp;nbsp;
&lt;/td&gt;
      &lt;td style='height: 24px; width: 184px; font-weight: bold;' align='undefined' valign='undefined'&gt;Date&lt;/td&gt;
      &lt;td style='height: 24px; width: 291px;' align='undefined' valign='undefined'&gt;2011-05-31&amp;nbsp;
&lt;/td&gt;
    &lt;/tr&gt;
    &lt;tr&gt;
      &lt;td style='width: 184px; height: 26px; font-weight: bold;' align='undefined' valign='undefined'&gt;Deaths&lt;/td&gt;
      &lt;td style='width: 292px; height: 26px;' align='undefined' valign='undefined'&gt;0&amp;nbsp;
&lt;/td&gt;
      &lt;td style='height: 26px; width: 184px; font-weight: bold;' align='undefined' valign='undefined'&gt;Url&lt;/td&gt;
      &lt;td style='height: 26px; width: 291px;' align='undefined' valign='undefined'&gt;&lt;A href='http://www.monstersandcritics.com/news/europe/news/article_1642618.php/Volcano-smoke-forces-air-traffic-reroute-in-eastern-Russia'&gt;Link to News&amp;nbsp;&lt;/A&gt;
&lt;/td&gt;
    &lt;/tr&gt;
    &lt;tr&gt;
      &lt;td style='width: 184px; height: 90px; font-weight: bold;' align='undefined' valign='undefined'&gt;Description&lt;/td&gt;
      &lt;td colspan='3' rowspan='1' style='height: 90px; width: 291px;' align='undefined' valign='undefined'&gt;Smoke and ash pumped thousands of metres into the air by a restless Russian volcano forced rerouting of international air traffic, officials in the far eastern province of Kamchatka said Tuesday&amp;nbsp;
&lt;/td&gt;
    &lt;/tr&gt;
  &lt;/tbody&gt;
&lt;/table&gt;</description>
                <styleUrl>#style20x93320</styleUrl>
                <Point>
                    <extrude xmlns:ns5="http://www.w3.org/2001/XMLSchema-instance" xmlns:ns6="http://www.w3.org/2001/XMLSchema" ns5:type="ns6:boolean">false</extrude>
                    <altitudeMode>clampToGround</altitudeMode>
                    <coordinates>37.622133,55.755786</coordinates>
                </Point>
            </Placemark>
            <Placemark>
                <name>M-Thailand</name>
                <visibility xmlns:ns5="http://www.w3.org/2001/XMLSchema-instance" xmlns:ns6="http://www.w3.org/2001/XMLSchema" ns5:type="ns6:boolean">true</visibility>
                <open xmlns:ns5="http://www.w3.org/2001/XMLSchema-instance" xmlns:ns6="http://www.w3.org/2001/XMLSchema" ns5:type="ns6:boolean">true</open>
                <address>3195/8 Rama IV Road,Bangkok,Krung Thep,Thailand</address>
                <description>&lt;table style='text-align: left; width: 480px; height: 240px;' border='1' border-color='gray' border-style='solid' cellpadding='2' cellspacing='2'&gt;
&lt;tbody&gt;
    &lt;tr style='font-weight: bold;'&gt;
		&lt;td style='height: 78px; width: 184px;' align='undefined' valign='undefined'&gt;&lt;span style='font-weight: normal;'&gt;&lt;img src='http:\\66.216.18.155\Razient\iconsgi\customer.png'/&gt;&lt;/span&gt;&lt;/td&gt;
		&lt;td colspan='3' rowspan='1' style='height: 78px; width: 291px;' align='undefined' valign='undefined'&gt;Name: M-Thailand&amp;nbsp;&lt;br&gt; Address: 3195/8 Rama IV Road - Bangkok - Krung Thep - Thailand&amp;nbsp;&lt;br&gt; Phone Number: &amp;nbsp;&lt;br&gt; Email: &amp;nbsp;&lt;br&gt; Primary Contact: &amp;nbsp;&lt;/td&gt;
    &lt;/tr&gt;
    &lt;tr&gt;
	   &lt;td colspan='3' rowspan='1' style='height: 0px; width: 291px;' align='undefined' valign='undefined'&gt;&amp;nbsp;&lt;/td&gt;
    &lt;/tr&gt;
  &lt;/tbody&gt;
&lt;/table&gt;</description>
                <styleUrl>#style0x70000</styleUrl>
                <Point>
                    <extrude xmlns:ns5="http://www.w3.org/2001/XMLSchema-instance" xmlns:ns6="http://www.w3.org/2001/XMLSchema" ns5:type="ns6:boolean">false</extrude>
                    <altitudeMode>clampToGround</altitudeMode>
                    <coordinates>100.5444,13.726336</coordinates>
                </Point>
            </Placemark>
            <Placemark>
                <name> Incident : Two injured in grenade attack at PAD rally</name>
                <visibility xmlns:ns5="http://www.w3.org/2001/XMLSchema-instance" xmlns:ns6="http://www.w3.org/2001/XMLSchema" ns5:type="ns6:boolean">true</visibility>
                <open xmlns:ns5="http://www.w3.org/2001/XMLSchema-instance" xmlns:ns6="http://www.w3.org/2001/XMLSchema" ns5:type="ns6:boolean">false</open>
                <description>&lt;table style='text-align: left; width: 480px; height: 240px;' border='1' border-color='gray' border-style='solid' cellpadding='2' cellspacing='2'&gt;
&lt;tbody&gt;
    &lt;tr style='font-weight: bold;'&gt;
		&lt;td style='height: 78px; width: 184px;' align='undefined' valign='undefined'&gt;&lt;span style='font-weight: normal;'&gt;&lt;img src='http:\\66.216.18.155\Razient\iconsgi\suppliers.gif'/&gt;&lt;/span&gt;&lt;/td&gt;
		&lt;td colspan='3' rowspan='1' style='height: 78px; width: 291px;' align='undefined' valign='undefined'&gt;M-Thailand&amp;nbsp;
3195/8 Rama IV Road&amp;nbsp;&lt;/td&gt;
    &lt;/tr&gt;
    &lt;tr&gt;
      &lt;td style='height: 0px; width: 184px; text-align: left;' valign='undefined'&gt;&lt;span style='font-weight: bold;'&gt;Summary:&lt;/span&gt;&lt;/td&gt;
	   &lt;td colspan='3' rowspan='1' style='height: 0px; width: 291px;' align='undefined' valign='undefined'&gt;Two injured in grenade attack at PAD rally&amp;nbsp;&lt;/td&gt;
    &lt;/tr&gt;
    &lt;tr&gt;
      &lt;td style='width: 184px; height: 26px; font-weight: bold;' align='undefined' valign='undefined'&gt;Country&lt;/td&gt;
      &lt;td style='width: 292px; height: 26px;' align='undefined' valign='undefined'&gt;Thailand&amp;nbsp;&lt;/td&gt;
      &lt;td style='height: 26px; width: 184px; font-weight: bold;' align='undefined' valign='undefined'&gt;Severity	&lt;/td&gt;
      &lt;td style='height: 26px; width: 291px;' align='undefined' valign='undefined'&gt;Medium&amp;nbsp;&lt;/td&gt;
    &lt;/tr&gt;
    &lt;tr&gt;
      &lt;td style='width: 184px; height: 30px; font-weight: bold;' align='undefined' valign='undefined'&gt;State&lt;/td&gt;
      &lt;td style='width: 292px; height: 30px;' align='undefined' valign='undefined'&gt;Krung Thep&amp;nbsp;
&lt;/td&gt;
      &lt;td style='height: 30px; width: 184px; font-weight: bold;' align='undefined' valign='undefined'&gt;Type&lt;/td&gt;
      &lt;td style='height: 30px; width: 291px;' align='undefined' valign='undefined'&gt;Armed Attack&amp;nbsp;&lt;/td&gt;
    &lt;/tr&gt;
    &lt;tr&gt;
      &lt;td style='width: 184px; height: 24px; font-weight: bold;' align='undefined' valign='undefined'&gt;City&lt;/td&gt;
      &lt;td style='width: 292px; height: 24px;' align='undefined' valign='undefined'&gt;Bangkok&amp;nbsp;
&lt;/td&gt;
      &lt;td style='height: 24px; width: 184px; font-weight: bold;' align='undefined' valign='undefined'&gt;Date&lt;/td&gt;
      &lt;td style='height: 24px; width: 291px;' align='undefined' valign='undefined'&gt;2011-05-31&amp;nbsp;
&lt;/td&gt;
    &lt;/tr&gt;
    &lt;tr&gt;
      &lt;td style='width: 184px; height: 26px; font-weight: bold;' align='undefined' valign='undefined'&gt;Deaths&lt;/td&gt;
      &lt;td style='width: 292px; height: 26px;' align='undefined' valign='undefined'&gt;0&amp;nbsp;
&lt;/td&gt;
      &lt;td style='height: 26px; width: 184px; font-weight: bold;' align='undefined' valign='undefined'&gt;Url&lt;/td&gt;
      &lt;td style='height: 26px; width: 291px;' align='undefined' valign='undefined'&gt;&lt;A href='http://news.asiaone.com/News/Latest%2BNews/Asia/Story/A1Story20110601-281881.html'&gt;Link to News&amp;nbsp;&lt;/A&gt;
&lt;/td&gt;
    &lt;/tr&gt;
    &lt;tr&gt;
      &lt;td style='width: 184px; height: 90px; font-weight: bold;' align='undefined' valign='undefined'&gt;Description&lt;/td&gt;
      &lt;td colspan='3' rowspan='1' style='height: 90px; width: 291px;' align='undefined' valign='undefined'&gt;An assailant hurled a home-made fire bomb at the back of the rally stage of the Peoples Alliance for Democracy late Tuesday night, injuring two men, police said.&amp;nbsp;
&lt;/td&gt;
    &lt;/tr&gt;
  &lt;/tbody&gt;
&lt;/table&gt;</description>
                <styleUrl>#style23x93323</styleUrl>
                <Point>
                    <extrude xmlns:ns5="http://www.w3.org/2001/XMLSchema-instance" xmlns:ns6="http://www.w3.org/2001/XMLSchema" ns5:type="ns6:boolean">false</extrude>
                    <altitudeMode>clampToGround</altitudeMode>
                    <coordinates>100.6647101,13.82031</coordinates>
                </Point>
            </Placemark>
            <Placemark>
                <name>M-Russia</name>
                <visibility xmlns:ns5="http://www.w3.org/2001/XMLSchema-instance" xmlns:ns6="http://www.w3.org/2001/XMLSchema" ns5:type="ns6:boolean">true</visibility>
                <open xmlns:ns5="http://www.w3.org/2001/XMLSchema-instance" xmlns:ns6="http://www.w3.org/2001/XMLSchema" ns5:type="ns6:boolean">true</open>
                <address>Novoslobodskaya Street 23,Moscow,Moscow City,Russian Federation</address>
                <description>&lt;table style='text-align: left; width: 480px; height: 240px;' border='1' border-color='gray' border-style='solid' cellpadding='2' cellspacing='2'&gt;
&lt;tbody&gt;
    &lt;tr style='font-weight: bold;'&gt;
		&lt;td style='height: 78px; width: 184px;' align='undefined' valign='undefined'&gt;&lt;span style='font-weight: normal;'&gt;&lt;img src='http:\\66.216.18.155\Razient\iconsgi\customer.png'/&gt;&lt;/span&gt;&lt;/td&gt;
		&lt;td colspan='3' rowspan='1' style='height: 78px; width: 291px;' align='undefined' valign='undefined'&gt;Name: M-Russia&amp;nbsp;&lt;br&gt; Address: Novoslobodskaya Street 23 - Moscow - Moscow City - Russian Federation&amp;nbsp;&lt;br&gt; Phone Number: &amp;nbsp;&lt;br&gt; Email: &amp;nbsp;&lt;br&gt; Primary Contact: &amp;nbsp;&lt;/td&gt;
    &lt;/tr&gt;
    &lt;tr&gt;
	   &lt;td colspan='3' rowspan='1' style='height: 0px; width: 291px;' align='undefined' valign='undefined'&gt;&amp;nbsp;&lt;/td&gt;
    &lt;/tr&gt;
  &lt;/tbody&gt;
&lt;/table&gt;</description>
                <styleUrl>#style0x70000</styleUrl>
                <Point>
                    <extrude xmlns:ns5="http://www.w3.org/2001/XMLSchema-instance" xmlns:ns6="http://www.w3.org/2001/XMLSchema" ns5:type="ns6:boolean">false</extrude>
                    <altitudeMode>clampToGround</altitudeMode>
                    <coordinates>37.598366,55.781475</coordinates>
                </Point>
            </Placemark>
            <Placemark>
                <name> Incident : Three dead, homes evacuated in Russia fuel tank explosion</name>
                <visibility xmlns:ns5="http://www.w3.org/2001/XMLSchema-instance" xmlns:ns6="http://www.w3.org/2001/XMLSchema" ns5:type="ns6:boolean">true</visibility>
                <open xmlns:ns5="http://www.w3.org/2001/XMLSchema-instance" xmlns:ns6="http://www.w3.org/2001/XMLSchema" ns5:type="ns6:boolean">false</open>
                <description>&lt;table style='text-align: left; width: 480px; height: 240px;' border='1' border-color='gray' border-style='solid' cellpadding='2' cellspacing='2'&gt;
&lt;tbody&gt;
    &lt;tr style='font-weight: bold;'&gt;
		&lt;td style='height: 78px; width: 184px;' align='undefined' valign='undefined'&gt;&lt;span style='font-weight: normal;'&gt;&lt;img src='http:\\66.216.18.155\Razient\iconsgi\suppliers.gif'/&gt;&lt;/span&gt;&lt;/td&gt;
		&lt;td colspan='3' rowspan='1' style='height: 78px; width: 291px;' align='undefined' valign='undefined'&gt;M-Russia&amp;nbsp;
Novoslobodskaya Street 23&amp;nbsp;&lt;/td&gt;
    &lt;/tr&gt;
    &lt;tr&gt;
      &lt;td style='height: 0px; width: 184px; text-align: left;' valign='undefined'&gt;&lt;span style='font-weight: bold;'&gt;Summary:&lt;/span&gt;&lt;/td&gt;
	   &lt;td colspan='3' rowspan='1' style='height: 0px; width: 291px;' align='undefined' valign='undefined'&gt;Three dead, homes evacuated in Russia fuel tank explosion&amp;nbsp;&lt;/td&gt;
    &lt;/tr&gt;
    &lt;tr&gt;
      &lt;td style='width: 184px; height: 26px; font-weight: bold;' align='undefined' valign='undefined'&gt;Country&lt;/td&gt;
      &lt;td style='width: 292px; height: 26px;' align='undefined' valign='undefined'&gt;Russian Federation&amp;nbsp;&lt;/td&gt;
      &lt;td style='height: 26px; width: 184px; font-weight: bold;' align='undefined' valign='undefined'&gt;Severity	&lt;/td&gt;
      &lt;td style='height: 26px; width: 291px;' align='undefined' valign='undefined'&gt;High&amp;nbsp;&lt;/td&gt;
    &lt;/tr&gt;
    &lt;tr&gt;
      &lt;td style='width: 184px; height: 30px; font-weight: bold;' align='undefined' valign='undefined'&gt;State&lt;/td&gt;
      &lt;td style='width: 292px; height: 30px;' align='undefined' valign='undefined'&gt;Moscow City&amp;nbsp;
&lt;/td&gt;
      &lt;td style='height: 30px; width: 184px; font-weight: bold;' align='undefined' valign='undefined'&gt;Type&lt;/td&gt;
      &lt;td style='height: 30px; width: 291px;' align='undefined' valign='undefined'&gt;Explosion&amp;nbsp;&lt;/td&gt;
    &lt;/tr&gt;
    &lt;tr&gt;
      &lt;td style='width: 184px; height: 24px; font-weight: bold;' align='undefined' valign='undefined'&gt;City&lt;/td&gt;
      &lt;td style='width: 292px; height: 24px;' align='undefined' valign='undefined'&gt;Moscow&amp;nbsp;
&lt;/td&gt;
      &lt;td style='height: 24px; width: 184px; font-weight: bold;' align='undefined' valign='undefined'&gt;Date&lt;/td&gt;
      &lt;td style='height: 24px; width: 291px;' align='undefined' valign='undefined'&gt;2011-05-30&amp;nbsp;
&lt;/td&gt;
    &lt;/tr&gt;
    &lt;tr&gt;
      &lt;td style='width: 184px; height: 26px; font-weight: bold;' align='undefined' valign='undefined'&gt;Deaths&lt;/td&gt;
      &lt;td style='width: 292px; height: 26px;' align='undefined' valign='undefined'&gt;0&amp;nbsp;
&lt;/td&gt;
      &lt;td style='height: 26px; width: 184px; font-weight: bold;' align='undefined' valign='undefined'&gt;Url&lt;/td&gt;
      &lt;td style='height: 26px; width: 291px;' align='undefined' valign='undefined'&gt;&lt;A href='http://www.monstersandcritics.com/news/europe/news/article_1642318.php/Three-dead-homes-evacuated-in-Russia-fuel-tank-explosion'&gt;Link to News&amp;nbsp;&lt;/A&gt;
&lt;/td&gt;
    &lt;/tr&gt;
    &lt;tr&gt;
      &lt;td style='width: 184px; height: 90px; font-weight: bold;' align='undefined' valign='undefined'&gt;Description&lt;/td&gt;
      &lt;td colspan='3' rowspan='1' style='height: 90px; width: 291px;' align='undefined' valign='undefined'&gt;Three workers died at a Russian Far East oil storage facility after a fuel reservoir exploded, officials said Monday&amp;nbsp;
&lt;/td&gt;
    &lt;/tr&gt;
  &lt;/tbody&gt;
&lt;/table&gt;</description>
                <styleUrl>#style2x93302</styleUrl>
                <Point>
                    <extrude xmlns:ns5="http://www.w3.org/2001/XMLSchema-instance" xmlns:ns6="http://www.w3.org/2001/XMLSchema" ns5:type="ns6:boolean">false</extrude>
                    <altitudeMode>clampToGround</altitudeMode>
                    <coordinates>37.622133,55.751286</coordinates>
                </Point>
            </Placemark>
            <Placemark>
                <name>M-Norway</name>
                <visibility xmlns:ns5="http://www.w3.org/2001/XMLSchema-instance" xmlns:ns6="http://www.w3.org/2001/XMLSchema" ns5:type="ns6:boolean">true</visibility>
                <open xmlns:ns5="http://www.w3.org/2001/XMLSchema-instance" xmlns:ns6="http://www.w3.org/2001/XMLSchema" ns5:type="ns6:boolean">true</open>
                <address>Postboks 462,Oslo,Oslo,Norway</address>
                <description>&lt;table style='text-align: left; width: 480px; height: 240px;' border='1' border-color='gray' border-style='solid' cellpadding='2' cellspacing='2'&gt;
&lt;tbody&gt;
    &lt;tr style='font-weight: bold;'&gt;
		&lt;td style='height: 78px; width: 184px;' align='undefined' valign='undefined'&gt;&lt;span style='font-weight: normal;'&gt;&lt;img src='http:\\66.216.18.155\Razient\iconsgi\customer.png'/&gt;&lt;/span&gt;&lt;/td&gt;
		&lt;td colspan='3' rowspan='1' style='height: 78px; width: 291px;' align='undefined' valign='undefined'&gt;Name: M-Norway&amp;nbsp;&lt;br&gt; Address: Postboks 462 - Oslo - Oslo - Norway&amp;nbsp;&lt;br&gt; Phone Number: &amp;nbsp;&lt;br&gt; Email: &amp;nbsp;&lt;br&gt; Primary Contact: &amp;nbsp;&lt;/td&gt;
    &lt;/tr&gt;
    &lt;tr&gt;
	   &lt;td colspan='3' rowspan='1' style='height: 0px; width: 291px;' align='undefined' valign='undefined'&gt;&amp;nbsp;&lt;/td&gt;
    &lt;/tr&gt;
  &lt;/tbody&gt;
&lt;/table&gt;</description>
                <styleUrl>#style0x70000</styleUrl>
                <Point>
                    <extrude xmlns:ns5="http://www.w3.org/2001/XMLSchema-instance" xmlns:ns6="http://www.w3.org/2001/XMLSchema" ns5:type="ns6:boolean">false</extrude>
                    <altitudeMode>clampToGround</altitudeMode>
                    <coordinates>10.752245,59.913868</coordinates>
                </Point>
            </Placemark>
            <Placemark>
                <name> Incident : Iceland ash cloud reaches Scandinavia&#xD;
</name>
                <visibility xmlns:ns5="http://www.w3.org/2001/XMLSchema-instance" xmlns:ns6="http://www.w3.org/2001/XMLSchema" ns5:type="ns6:boolean">true</visibility>
                <open xmlns:ns5="http://www.w3.org/2001/XMLSchema-instance" xmlns:ns6="http://www.w3.org/2001/XMLSchema" ns5:type="ns6:boolean">false</open>
                <description>&lt;table style='text-align: left; width: 480px; height: 240px;' border='1' border-color='gray' border-style='solid' cellpadding='2' cellspacing='2'&gt;
&lt;tbody&gt;
    &lt;tr style='font-weight: bold;'&gt;
		&lt;td style='height: 78px; width: 184px;' align='undefined' valign='undefined'&gt;&lt;span style='font-weight: normal;'&gt;&lt;img src='http:\\66.216.18.155\Razient\iconsgi\suppliers.gif'/&gt;&lt;/span&gt;&lt;/td&gt;
		&lt;td colspan='3' rowspan='1' style='height: 78px; width: 291px;' align='undefined' valign='undefined'&gt;M-Norway&amp;nbsp;
Postboks 462&amp;nbsp;&lt;/td&gt;
    &lt;/tr&gt;
    &lt;tr&gt;
      &lt;td style='height: 0px; width: 184px; text-align: left;' valign='undefined'&gt;&lt;span style='font-weight: bold;'&gt;Summary:&lt;/span&gt;&lt;/td&gt;
	   &lt;td colspan='3' rowspan='1' style='height: 0px; width: 291px;' align='undefined' valign='undefined'&gt;Iceland ash cloud reaches Scandinavia&#xD;
&amp;nbsp;&lt;/td&gt;
    &lt;/tr&gt;
    &lt;tr&gt;
      &lt;td style='width: 184px; height: 26px; font-weight: bold;' align='undefined' valign='undefined'&gt;Country&lt;/td&gt;
      &lt;td style='width: 292px; height: 26px;' align='undefined' valign='undefined'&gt;Norway&amp;nbsp;&lt;/td&gt;
      &lt;td style='height: 26px; width: 184px; font-weight: bold;' align='undefined' valign='undefined'&gt;Severity	&lt;/td&gt;
      &lt;td style='height: 26px; width: 291px;' align='undefined' valign='undefined'&gt;Low&amp;nbsp;&lt;/td&gt;
    &lt;/tr&gt;
    &lt;tr&gt;
      &lt;td style='width: 184px; height: 30px; font-weight: bold;' align='undefined' valign='undefined'&gt;State&lt;/td&gt;
      &lt;td style='width: 292px; height: 30px;' align='undefined' valign='undefined'&gt;Oslo&amp;nbsp;
&lt;/td&gt;
      &lt;td style='height: 30px; width: 184px; font-weight: bold;' align='undefined' valign='undefined'&gt;Type&lt;/td&gt;
      &lt;td style='height: 30px; width: 291px;' align='undefined' valign='undefined'&gt;Disruption&amp;nbsp;&lt;/td&gt;
    &lt;/tr&gt;
    &lt;tr&gt;
      &lt;td style='width: 184px; height: 24px; font-weight: bold;' align='undefined' valign='undefined'&gt;City&lt;/td&gt;
      &lt;td style='width: 292px; height: 24px;' align='undefined' valign='undefined'&gt;Oslo&amp;nbsp;
&lt;/td&gt;
      &lt;td style='height: 24px; width: 184px; font-weight: bold;' align='undefined' valign='undefined'&gt;Date&lt;/td&gt;
      &lt;td style='height: 24px; width: 291px;' align='undefined' valign='undefined'&gt;2011-05-24&amp;nbsp;
&lt;/td&gt;
    &lt;/tr&gt;
    &lt;tr&gt;
      &lt;td style='width: 184px; height: 26px; font-weight: bold;' align='undefined' valign='undefined'&gt;Deaths&lt;/td&gt;
      &lt;td style='width: 292px; height: 26px;' align='undefined' valign='undefined'&gt;0&amp;nbsp;
&lt;/td&gt;
      &lt;td style='height: 26px; width: 184px; font-weight: bold;' align='undefined' valign='undefined'&gt;Url&lt;/td&gt;
      &lt;td style='height: 26px; width: 291px;' align='undefined' valign='undefined'&gt;&lt;A href='http://www.channelnewsasia.com/stories/afp_world/view/1130941/1/.html'&gt;Link to News&amp;nbsp;&lt;/A&gt;
&lt;/td&gt;
    &lt;/tr&gt;
    &lt;tr&gt;
      &lt;td style='width: 184px; height: 90px; font-weight: bold;' align='undefined' valign='undefined'&gt;Description&lt;/td&gt;
      &lt;td colspan='3' rowspan='1' style='height: 90px; width: 291px;' align='undefined' valign='undefined'&gt;Ash from Icelands erupting volcano reached Scandinavia Tuesday causing minor air traffic disruptions in Norway and closing a small part of Denmarks airspace, officials said.&#xD;
&amp;nbsp;
&lt;/td&gt;
    &lt;/tr&gt;
  &lt;/tbody&gt;
&lt;/table&gt;</description>
                <styleUrl>#style9999x9339999</styleUrl>
                <Point>
                    <extrude xmlns:ns5="http://www.w3.org/2001/XMLSchema-instance" xmlns:ns6="http://www.w3.org/2001/XMLSchema" ns5:type="ns6:boolean">false</extrude>
                    <altitudeMode>clampToGround</altitudeMode>
                    <coordinates>10.75,59.9212</coordinates>
                </Point>
            </Placemark>
            <Placemark>
                <name>M-Norway</name>
                <visibility xmlns:ns5="http://www.w3.org/2001/XMLSchema-instance" xmlns:ns6="http://www.w3.org/2001/XMLSchema" ns5:type="ns6:boolean">true</visibility>
                <open xmlns:ns5="http://www.w3.org/2001/XMLSchema-instance" xmlns:ns6="http://www.w3.org/2001/XMLSchema" ns5:type="ns6:boolean">true</open>
                <address>Postboks 462,Oslo,Oslo,Norway</address>
                <description>&lt;table style='text-align: left; width: 480px; height: 240px;' border='1' border-color='gray' border-style='solid' cellpadding='2' cellspacing='2'&gt;
&lt;tbody&gt;
    &lt;tr style='font-weight: bold;'&gt;
		&lt;td style='height: 78px; width: 184px;' align='undefined' valign='undefined'&gt;&lt;span style='font-weight: normal;'&gt;&lt;img src='http:\\66.216.18.155\Razient\iconsgi\customer.png'/&gt;&lt;/span&gt;&lt;/td&gt;
		&lt;td colspan='3' rowspan='1' style='height: 78px; width: 291px;' align='undefined' valign='undefined'&gt;Name: M-Norway&amp;nbsp;&lt;br&gt; Address: Postboks 462 - Oslo - Oslo - Norway&amp;nbsp;&lt;br&gt; Phone Number: &amp;nbsp;&lt;br&gt; Email: &amp;nbsp;&lt;br&gt; Primary Contact: &amp;nbsp;&lt;/td&gt;
    &lt;/tr&gt;
    &lt;tr&gt;
	   &lt;td colspan='3' rowspan='1' style='height: 0px; width: 291px;' align='undefined' valign='undefined'&gt;&amp;nbsp;&lt;/td&gt;
    &lt;/tr&gt;
  &lt;/tbody&gt;
&lt;/table&gt;</description>
                <styleUrl>#style0x70000</styleUrl>
                <Point>
                    <extrude xmlns:ns5="http://www.w3.org/2001/XMLSchema-instance" xmlns:ns6="http://www.w3.org/2001/XMLSchema" ns5:type="ns6:boolean">false</extrude>
                    <altitudeMode>clampToGround</altitudeMode>
                    <coordinates>10.752245,59.913868</coordinates>
                </Point>
            </Placemark>
            <Placemark>
                <name> Incident : Technical problems hit Northern Europe flights</name>
                <visibility xmlns:ns5="http://www.w3.org/2001/XMLSchema-instance" xmlns:ns6="http://www.w3.org/2001/XMLSchema" ns5:type="ns6:boolean">true</visibility>
                <open xmlns:ns5="http://www.w3.org/2001/XMLSchema-instance" xmlns:ns6="http://www.w3.org/2001/XMLSchema" ns5:type="ns6:boolean">false</open>
                <description>&lt;table style='text-align: left; width: 480px; height: 240px;' border='1' border-color='gray' border-style='solid' cellpadding='2' cellspacing='2'&gt;
&lt;tbody&gt;
    &lt;tr style='font-weight: bold;'&gt;
		&lt;td style='height: 78px; width: 184px;' align='undefined' valign='undefined'&gt;&lt;span style='font-weight: normal;'&gt;&lt;img src='http:\\66.216.18.155\Razient\iconsgi\suppliers.gif'/&gt;&lt;/span&gt;&lt;/td&gt;
		&lt;td colspan='3' rowspan='1' style='height: 78px; width: 291px;' align='undefined' valign='undefined'&gt;M-Norway&amp;nbsp;
Postboks 462&amp;nbsp;&lt;/td&gt;
    &lt;/tr&gt;
    &lt;tr&gt;
      &lt;td style='height: 0px; width: 184px; text-align: left;' valign='undefined'&gt;&lt;span style='font-weight: bold;'&gt;Summary:&lt;/span&gt;&lt;/td&gt;
	   &lt;td colspan='3' rowspan='1' style='height: 0px; width: 291px;' align='undefined' valign='undefined'&gt;Technical problems hit Northern Europe flights&amp;nbsp;&lt;/td&gt;
    &lt;/tr&gt;
    &lt;tr&gt;
      &lt;td style='width: 184px; height: 26px; font-weight: bold;' align='undefined' valign='undefined'&gt;Country&lt;/td&gt;
      &lt;td style='width: 292px; height: 26px;' align='undefined' valign='undefined'&gt;Norway&amp;nbsp;&lt;/td&gt;
      &lt;td style='height: 26px; width: 184px; font-weight: bold;' align='undefined' valign='undefined'&gt;Severity	&lt;/td&gt;
      &lt;td style='height: 26px; width: 291px;' align='undefined' valign='undefined'&gt;Low&amp;nbsp;&lt;/td&gt;
    &lt;/tr&gt;
    &lt;tr&gt;
      &lt;td style='width: 184px; height: 30px; font-weight: bold;' align='undefined' valign='undefined'&gt;State&lt;/td&gt;
      &lt;td style='width: 292px; height: 30px;' align='undefined' valign='undefined'&gt;Oslo&amp;nbsp;
&lt;/td&gt;
      &lt;td style='height: 30px; width: 184px; font-weight: bold;' align='undefined' valign='undefined'&gt;Type&lt;/td&gt;
      &lt;td style='height: 30px; width: 291px;' align='undefined' valign='undefined'&gt;Disruption&amp;nbsp;&lt;/td&gt;
    &lt;/tr&gt;
    &lt;tr&gt;
      &lt;td style='width: 184px; height: 24px; font-weight: bold;' align='undefined' valign='undefined'&gt;City&lt;/td&gt;
      &lt;td style='width: 292px; height: 24px;' align='undefined' valign='undefined'&gt;Oslo&amp;nbsp;
&lt;/td&gt;
      &lt;td style='height: 24px; width: 184px; font-weight: bold;' align='undefined' valign='undefined'&gt;Date&lt;/td&gt;
      &lt;td style='height: 24px; width: 291px;' align='undefined' valign='undefined'&gt;2011-05-23&amp;nbsp;
&lt;/td&gt;
    &lt;/tr&gt;
    &lt;tr&gt;
      &lt;td style='width: 184px; height: 26px; font-weight: bold;' align='undefined' valign='undefined'&gt;Deaths&lt;/td&gt;
      &lt;td style='width: 292px; height: 26px;' align='undefined' valign='undefined'&gt;0&amp;nbsp;
&lt;/td&gt;
      &lt;td style='height: 26px; width: 184px; font-weight: bold;' align='undefined' valign='undefined'&gt;Url&lt;/td&gt;
      &lt;td style='height: 26px; width: 291px;' align='undefined' valign='undefined'&gt;&lt;A href='http://news.ph.msn.com/business/article.aspx?cp-documentid=4864108'&gt;Link to News&amp;nbsp;&lt;/A&gt;
&lt;/td&gt;
    &lt;/tr&gt;
    &lt;tr&gt;
      &lt;td style='width: 184px; height: 90px; font-weight: bold;' align='undefined' valign='undefined'&gt;Description&lt;/td&gt;
      &lt;td colspan='3' rowspan='1' style='height: 90px; width: 291px;' align='undefined' valign='undefined'&gt;In Norway, airport operator Avinor suspended air traffic managed by its Bodoe control centre in the north after a fibre optics problem affected its communications system&amp;nbsp;
&lt;/td&gt;
    &lt;/tr&gt;
  &lt;/tbody&gt;
&lt;/table&gt;</description>
                <styleUrl>#style9999x9339999</styleUrl>
                <Point>
                    <extrude xmlns:ns5="http://www.w3.org/2001/XMLSchema-instance" xmlns:ns6="http://www.w3.org/2001/XMLSchema" ns5:type="ns6:boolean">false</extrude>
                    <altitudeMode>clampToGround</altitudeMode>
                    <coordinates>10.7545,59.9212</coordinates>
                </Point>
            </Placemark>
            <Placemark>
                <name>M-Thailand</name>
                <visibility xmlns:ns5="http://www.w3.org/2001/XMLSchema-instance" xmlns:ns6="http://www.w3.org/2001/XMLSchema" ns5:type="ns6:boolean">true</visibility>
                <open xmlns:ns5="http://www.w3.org/2001/XMLSchema-instance" xmlns:ns6="http://www.w3.org/2001/XMLSchema" ns5:type="ns6:boolean">true</open>
                <address>3195/8 Rama IV Road,Bangkok,Krung Thep,Thailand</address>
                <description>&lt;table style='text-align: left; width: 480px; height: 240px;' border='1' border-color='gray' border-style='solid' cellpadding='2' cellspacing='2'&gt;
&lt;tbody&gt;
    &lt;tr style='font-weight: bold;'&gt;
		&lt;td style='height: 78px; width: 184px;' align='undefined' valign='undefined'&gt;&lt;span style='font-weight: normal;'&gt;&lt;img src='http:\\66.216.18.155\Razient\iconsgi\customer.png'/&gt;&lt;/span&gt;&lt;/td&gt;
		&lt;td colspan='3' rowspan='1' style='height: 78px; width: 291px;' align='undefined' valign='undefined'&gt;Name: M-Thailand&amp;nbsp;&lt;br&gt; Address: 3195/8 Rama IV Road - Bangkok - Krung Thep - Thailand&amp;nbsp;&lt;br&gt; Phone Number: &amp;nbsp;&lt;br&gt; Email: &amp;nbsp;&lt;br&gt; Primary Contact: &amp;nbsp;&lt;/td&gt;
    &lt;/tr&gt;
    &lt;tr&gt;
	   &lt;td colspan='3' rowspan='1' style='height: 0px; width: 291px;' align='undefined' valign='undefined'&gt;&amp;nbsp;&lt;/td&gt;
    &lt;/tr&gt;
  &lt;/tbody&gt;
&lt;/table&gt;</description>
                <styleUrl>#style0x70000</styleUrl>
                <Point>
                    <extrude xmlns:ns5="http://www.w3.org/2001/XMLSchema-instance" xmlns:ns6="http://www.w3.org/2001/XMLSchema" ns5:type="ns6:boolean">false</extrude>
                    <altitudeMode>clampToGround</altitudeMode>
                    <coordinates>100.5444,13.726336</coordinates>
                </Point>
            </Placemark>
            <Placemark>
                <name> Incident : Bukit Panjang LRT disruption affects 1,600 passengers</name>
                <visibility xmlns:ns5="http://www.w3.org/2001/XMLSchema-instance" xmlns:ns6="http://www.w3.org/2001/XMLSchema" ns5:type="ns6:boolean">true</visibility>
                <open xmlns:ns5="http://www.w3.org/2001/XMLSchema-instance" xmlns:ns6="http://www.w3.org/2001/XMLSchema" ns5:type="ns6:boolean">false</open>
                <description>&lt;table style='text-align: left; width: 480px; height: 240px;' border='1' border-color='gray' border-style='solid' cellpadding='2' cellspacing='2'&gt;
&lt;tbody&gt;
    &lt;tr style='font-weight: bold;'&gt;
		&lt;td style='height: 78px; width: 184px;' align='undefined' valign='undefined'&gt;&lt;span style='font-weight: normal;'&gt;&lt;img src='http:\\66.216.18.155\Razient\iconsgi\suppliers.gif'/&gt;&lt;/span&gt;&lt;/td&gt;
		&lt;td colspan='3' rowspan='1' style='height: 78px; width: 291px;' align='undefined' valign='undefined'&gt;M-Thailand&amp;nbsp;
3195/8 Rama IV Road&amp;nbsp;&lt;/td&gt;
    &lt;/tr&gt;
    &lt;tr&gt;
      &lt;td style='height: 0px; width: 184px; text-align: left;' valign='undefined'&gt;&lt;span style='font-weight: bold;'&gt;Summary:&lt;/span&gt;&lt;/td&gt;
	   &lt;td colspan='3' rowspan='1' style='height: 0px; width: 291px;' align='undefined' valign='undefined'&gt;Bukit Panjang LRT disruption affects 1,600 passengers&amp;nbsp;&lt;/td&gt;
    &lt;/tr&gt;
    &lt;tr&gt;
      &lt;td style='width: 184px; height: 26px; font-weight: bold;' align='undefined' valign='undefined'&gt;Country&lt;/td&gt;
      &lt;td style='width: 292px; height: 26px;' align='undefined' valign='undefined'&gt;Thailand&amp;nbsp;&lt;/td&gt;
      &lt;td style='height: 26px; width: 184px; font-weight: bold;' align='undefined' valign='undefined'&gt;Severity	&lt;/td&gt;
      &lt;td style='height: 26px; width: 291px;' align='undefined' valign='undefined'&gt;Medium&amp;nbsp;&lt;/td&gt;
    &lt;/tr&gt;
    &lt;tr&gt;
      &lt;td style='width: 184px; height: 30px; font-weight: bold;' align='undefined' valign='undefined'&gt;State&lt;/td&gt;
      &lt;td style='width: 292px; height: 30px;' align='undefined' valign='undefined'&gt;Krung Thep&amp;nbsp;
&lt;/td&gt;
      &lt;td style='height: 30px; width: 184px; font-weight: bold;' align='undefined' valign='undefined'&gt;Type&lt;/td&gt;
      &lt;td style='height: 30px; width: 291px;' align='undefined' valign='undefined'&gt;Train Derailment&amp;nbsp;&lt;/td&gt;
    &lt;/tr&gt;
    &lt;tr&gt;
      &lt;td style='width: 184px; height: 24px; font-weight: bold;' align='undefined' valign='undefined'&gt;City&lt;/td&gt;
      &lt;td style='width: 292px; height: 24px;' align='undefined' valign='undefined'&gt;Bangkok&amp;nbsp;
&lt;/td&gt;
      &lt;td style='height: 24px; width: 184px; font-weight: bold;' align='undefined' valign='undefined'&gt;Date&lt;/td&gt;
      &lt;td style='height: 24px; width: 291px;' align='undefined' valign='undefined'&gt;2011-05-17&amp;nbsp;
&lt;/td&gt;
    &lt;/tr&gt;
    &lt;tr&gt;
      &lt;td style='width: 184px; height: 26px; font-weight: bold;' align='undefined' valign='undefined'&gt;Deaths&lt;/td&gt;
      &lt;td style='width: 292px; height: 26px;' align='undefined' valign='undefined'&gt;0&amp;nbsp;
&lt;/td&gt;
      &lt;td style='height: 26px; width: 184px; font-weight: bold;' align='undefined' valign='undefined'&gt;Url&lt;/td&gt;
      &lt;td style='height: 26px; width: 291px;' align='undefined' valign='undefined'&gt;&lt;A href='http://www.channelnewsasia.com/stories/singaporelocalnews/view/1129479/1/.html'&gt;Link to News&amp;nbsp;&lt;/A&gt;
&lt;/td&gt;
    &lt;/tr&gt;
    &lt;tr&gt;
      &lt;td style='width: 184px; height: 90px; font-weight: bold;' align='undefined' valign='undefined'&gt;Description&lt;/td&gt;
      &lt;td colspan='3' rowspan='1' style='height: 90px; width: 291px;' align='undefined' valign='undefined'&gt;There was a major train disruption for more than one hour at Bukit Panjang LRT system on Tuesday afternoon.&#xD;
&amp;nbsp;
&lt;/td&gt;
    &lt;/tr&gt;
  &lt;/tbody&gt;
&lt;/table&gt;</description>
                <styleUrl>#style4x93304</styleUrl>
                <Point>
                    <extrude xmlns:ns5="http://www.w3.org/2001/XMLSchema-instance" xmlns:ns6="http://www.w3.org/2001/XMLSchema" ns5:type="ns6:boolean">false</extrude>
                    <altitudeMode>clampToGround</altitudeMode>
                    <coordinates>100.517,13.7545</coordinates>
                </Point>
            </Placemark>
            <Placemark>
                <name>M-Russia</name>
                <visibility xmlns:ns5="http://www.w3.org/2001/XMLSchema-instance" xmlns:ns6="http://www.w3.org/2001/XMLSchema" ns5:type="ns6:boolean">true</visibility>
                <open xmlns:ns5="http://www.w3.org/2001/XMLSchema-instance" xmlns:ns6="http://www.w3.org/2001/XMLSchema" ns5:type="ns6:boolean">true</open>
                <address>Novoslobodskaya Street 23,Moscow,Moscow City,Russian Federation</address>
                <description>&lt;table style='text-align: left; width: 480px; height: 240px;' border='1' border-color='gray' border-style='solid' cellpadding='2' cellspacing='2'&gt;
&lt;tbody&gt;
    &lt;tr style='font-weight: bold;'&gt;
		&lt;td style='height: 78px; width: 184px;' align='undefined' valign='undefined'&gt;&lt;span style='font-weight: normal;'&gt;&lt;img src='http:\\66.216.18.155\Razient\iconsgi\customer.png'/&gt;&lt;/span&gt;&lt;/td&gt;
		&lt;td colspan='3' rowspan='1' style='height: 78px; width: 291px;' align='undefined' valign='undefined'&gt;Name: M-Russia&amp;nbsp;&lt;br&gt; Address: Novoslobodskaya Street 23 - Moscow - Moscow City - Russian Federation&amp;nbsp;&lt;br&gt; Phone Number: &amp;nbsp;&lt;br&gt; Email: &amp;nbsp;&lt;br&gt; Primary Contact: &amp;nbsp;&lt;/td&gt;
    &lt;/tr&gt;
    &lt;tr&gt;
	   &lt;td colspan='3' rowspan='1' style='height: 0px; width: 291px;' align='undefined' valign='undefined'&gt;&amp;nbsp;&lt;/td&gt;
    &lt;/tr&gt;
  &lt;/tbody&gt;
&lt;/table&gt;</description>
                <styleUrl>#style0x70000</styleUrl>
                <Point>
                    <extrude xmlns:ns5="http://www.w3.org/2001/XMLSchema-instance" xmlns:ns6="http://www.w3.org/2001/XMLSchema" ns5:type="ns6:boolean">false</extrude>
                    <altitudeMode>clampToGround</altitudeMode>
                    <coordinates>37.598366,55.781475</coordinates>
                </Point>
            </Placemark>
            <Placemark>
                <name> Incident : Kosovo police fire teargas to disperse ethnic Albanians protesting Serb officials visit</name>
                <visibility xmlns:ns5="http://www.w3.org/2001/XMLSchema-instance" xmlns:ns6="http://www.w3.org/2001/XMLSchema" ns5:type="ns6:boolean">true</visibility>
                <open xmlns:ns5="http://www.w3.org/2001/XMLSchema-instance" xmlns:ns6="http://www.w3.org/2001/XMLSchema" ns5:type="ns6:boolean">false</open>
                <description>&lt;table style='text-align: left; width: 480px; height: 240px;' border='1' border-color='gray' border-style='solid' cellpadding='2' cellspacing='2'&gt;
&lt;tbody&gt;
    &lt;tr style='font-weight: bold;'&gt;
		&lt;td style='height: 78px; width: 184px;' align='undefined' valign='undefined'&gt;&lt;span style='font-weight: normal;'&gt;&lt;img src='http:\\66.216.18.155\Razient\iconsgi\suppliers.gif'/&gt;&lt;/span&gt;&lt;/td&gt;
		&lt;td colspan='3' rowspan='1' style='height: 78px; width: 291px;' align='undefined' valign='undefined'&gt;M-Russia&amp;nbsp;
Novoslobodskaya Street 23&amp;nbsp;&lt;/td&gt;
    &lt;/tr&gt;
    &lt;tr&gt;
      &lt;td style='height: 0px; width: 184px; text-align: left;' valign='undefined'&gt;&lt;span style='font-weight: bold;'&gt;Summary:&lt;/span&gt;&lt;/td&gt;
	   &lt;td colspan='3' rowspan='1' style='height: 0px; width: 291px;' align='undefined' valign='undefined'&gt;Kosovo police fire teargas to disperse ethnic Albanians protesting Serb officials visit&amp;nbsp;&lt;/td&gt;
    &lt;/tr&gt;
    &lt;tr&gt;
      &lt;td style='width: 184px; height: 26px; font-weight: bold;' align='undefined' valign='undefined'&gt;Country&lt;/td&gt;
      &lt;td style='width: 292px; height: 26px;' align='undefined' valign='undefined'&gt;Russian Federation&amp;nbsp;&lt;/td&gt;
      &lt;td style='height: 26px; width: 184px; font-weight: bold;' align='undefined' valign='undefined'&gt;Severity	&lt;/td&gt;
      &lt;td style='height: 26px; width: 291px;' align='undefined' valign='undefined'&gt;Medium&amp;nbsp;&lt;/td&gt;
    &lt;/tr&gt;
    &lt;tr&gt;
      &lt;td style='width: 184px; height: 30px; font-weight: bold;' align='undefined' valign='undefined'&gt;State&lt;/td&gt;
      &lt;td style='width: 292px; height: 30px;' align='undefined' valign='undefined'&gt;Moscow City&amp;nbsp;
&lt;/td&gt;
      &lt;td style='height: 30px; width: 184px; font-weight: bold;' align='undefined' valign='undefined'&gt;Type&lt;/td&gt;
      &lt;td style='height: 30px; width: 291px;' align='undefined' valign='undefined'&gt;Tear Gas&amp;nbsp;&lt;/td&gt;
    &lt;/tr&gt;
    &lt;tr&gt;
      &lt;td style='width: 184px; height: 24px; font-weight: bold;' align='undefined' valign='undefined'&gt;City&lt;/td&gt;
      &lt;td style='width: 292px; height: 24px;' align='undefined' valign='undefined'&gt;Moscow&amp;nbsp;
&lt;/td&gt;
      &lt;td style='height: 24px; width: 184px; font-weight: bold;' align='undefined' valign='undefined'&gt;Date&lt;/td&gt;
      &lt;td style='height: 24px; width: 291px;' align='undefined' valign='undefined'&gt;2011-05-12&amp;nbsp;
&lt;/td&gt;
    &lt;/tr&gt;
    &lt;tr&gt;
      &lt;td style='width: 184px; height: 26px; font-weight: bold;' align='undefined' valign='undefined'&gt;Deaths&lt;/td&gt;
      &lt;td style='width: 292px; height: 26px;' align='undefined' valign='undefined'&gt;0&amp;nbsp;
&lt;/td&gt;
      &lt;td style='height: 26px; width: 184px; font-weight: bold;' align='undefined' valign='undefined'&gt;Url&lt;/td&gt;
      &lt;td style='height: 26px; width: 291px;' align='undefined' valign='undefined'&gt;&lt;A href='http://www.google.com/hostednews/canadianpress/article/ALeqM5hEUhAHTl_jWMo5tHS8iDM0O7bvsQ?docId=6829379'&gt;Link to News&amp;nbsp;&lt;/A&gt;
&lt;/td&gt;
    &lt;/tr&gt;
    &lt;tr&gt;
      &lt;td style='width: 184px; height: 90px; font-weight: bold;' align='undefined' valign='undefined'&gt;Description&lt;/td&gt;
      &lt;td colspan='3' rowspan='1' style='height: 90px; width: 291px;' align='undefined' valign='undefined'&gt;Kosovo police in riot gear fired tear gas and used batons Thursday to disperse a crowd of some one hundred ethnic Albanians that threw rocks and cans filled with red paint at them in protest over a visit by a Serbian official.&amp;nbsp;
&lt;/td&gt;
    &lt;/tr&gt;
  &lt;/tbody&gt;
&lt;/table&gt;</description>
                <styleUrl>#style30x93330</styleUrl>
                <Point>
                    <extrude xmlns:ns5="http://www.w3.org/2001/XMLSchema-instance" xmlns:ns6="http://www.w3.org/2001/XMLSchema" ns5:type="ns6:boolean">false</extrude>
                    <altitudeMode>clampToGround</altitudeMode>
                    <coordinates>37.6156,55.7477</coordinates>
                </Point>
            </Placemark>
            <Placemark>
                <name>M-Japan</name>
                <visibility xmlns:ns5="http://www.w3.org/2001/XMLSchema-instance" xmlns:ns6="http://www.w3.org/2001/XMLSchema" ns5:type="ns6:boolean">true</visibility>
                <open xmlns:ns5="http://www.w3.org/2001/XMLSchema-instance" xmlns:ns6="http://www.w3.org/2001/XMLSchema" ns5:type="ns6:boolean">true</open>
                <address>Sanno Grand Building - 8F 2-14-2 Nagatacho,Tokyo,Tokyo,Japan</address>
                <description>&lt;table style='text-align: left; width: 480px; height: 240px;' border='1' border-color='gray' border-style='solid' cellpadding='2' cellspacing='2'&gt;
&lt;tbody&gt;
    &lt;tr style='font-weight: bold;'&gt;
		&lt;td style='height: 78px; width: 184px;' align='undefined' valign='undefined'&gt;&lt;span style='font-weight: normal;'&gt;&lt;img src='http:\\66.216.18.155\Razient\iconsgi\customer.png'/&gt;&lt;/span&gt;&lt;/td&gt;
		&lt;td colspan='3' rowspan='1' style='height: 78px; width: 291px;' align='undefined' valign='undefined'&gt;Name: M-Japan&amp;nbsp;&lt;br&gt; Address: Sanno Grand Building - 8F 2-14-2 Nagatacho - Tokyo - Tokyo - Japan&amp;nbsp;&lt;br&gt; Phone Number: &amp;nbsp;&lt;br&gt; Email: &amp;nbsp;&lt;br&gt; Primary Contact: &amp;nbsp;&lt;/td&gt;
    &lt;/tr&gt;
    &lt;tr&gt;
	   &lt;td colspan='3' rowspan='1' style='height: 0px; width: 291px;' align='undefined' valign='undefined'&gt;&amp;nbsp;&lt;/td&gt;
    &lt;/tr&gt;
  &lt;/tbody&gt;
&lt;/table&gt;</description>
                <styleUrl>#style0x70000</styleUrl>
                <Point>
                    <extrude xmlns:ns5="http://www.w3.org/2001/XMLSchema-instance" xmlns:ns6="http://www.w3.org/2001/XMLSchema" ns5:type="ns6:boolean">false</extrude>
                    <altitudeMode>clampToGround</altitudeMode>
                    <coordinates>139.751,35.685</coordinates>
                </Point>
            </Placemark>
            <Placemark>
                <name> Incident : Bullet train services between Tokyo and Sendai resumed, but power outages cause halts</name>
                <visibility xmlns:ns5="http://www.w3.org/2001/XMLSchema-instance" xmlns:ns6="http://www.w3.org/2001/XMLSchema" ns5:type="ns6:boolean">true</visibility>
                <open xmlns:ns5="http://www.w3.org/2001/XMLSchema-instance" xmlns:ns6="http://www.w3.org/2001/XMLSchema" ns5:type="ns6:boolean">false</open>
                <description>&lt;table style='text-align: left; width: 480px; height: 240px;' border='1' border-color='gray' border-style='solid' cellpadding='2' cellspacing='2'&gt;
&lt;tbody&gt;
    &lt;tr style='font-weight: bold;'&gt;
		&lt;td style='height: 78px; width: 184px;' align='undefined' valign='undefined'&gt;&lt;span style='font-weight: normal;'&gt;&lt;img src='http:\\66.216.18.155\Razient\iconsgi\suppliers.gif'/&gt;&lt;/span&gt;&lt;/td&gt;
		&lt;td colspan='3' rowspan='1' style='height: 78px; width: 291px;' align='undefined' valign='undefined'&gt;M-Japan&amp;nbsp;
Sanno Grand Building - 8F 2-14-2 Nagatacho&amp;nbsp;&lt;/td&gt;
    &lt;/tr&gt;
    &lt;tr&gt;
      &lt;td style='height: 0px; width: 184px; text-align: left;' valign='undefined'&gt;&lt;span style='font-weight: bold;'&gt;Summary:&lt;/span&gt;&lt;/td&gt;
	   &lt;td colspan='3' rowspan='1' style='height: 0px; width: 291px;' align='undefined' valign='undefined'&gt;Bullet train services between Tokyo and Sendai resumed, but power outages cause halts&amp;nbsp;&lt;/td&gt;
    &lt;/tr&gt;
    &lt;tr&gt;
      &lt;td style='width: 184px; height: 26px; font-weight: bold;' align='undefined' valign='undefined'&gt;Country&lt;/td&gt;
      &lt;td style='width: 292px; height: 26px;' align='undefined' valign='undefined'&gt;Japan&amp;nbsp;&lt;/td&gt;
      &lt;td style='height: 26px; width: 184px; font-weight: bold;' align='undefined' valign='undefined'&gt;Severity	&lt;/td&gt;
      &lt;td style='height: 26px; width: 291px;' align='undefined' valign='undefined'&gt;Medium&amp;nbsp;&lt;/td&gt;
    &lt;/tr&gt;
    &lt;tr&gt;
      &lt;td style='width: 184px; height: 30px; font-weight: bold;' align='undefined' valign='undefined'&gt;State&lt;/td&gt;
      &lt;td style='width: 292px; height: 30px;' align='undefined' valign='undefined'&gt;Tokyo&amp;nbsp;
&lt;/td&gt;
      &lt;td style='height: 30px; width: 184px; font-weight: bold;' align='undefined' valign='undefined'&gt;Type&lt;/td&gt;
      &lt;td style='height: 30px; width: 291px;' align='undefined' valign='undefined'&gt;Power Outage&amp;nbsp;&lt;/td&gt;
    &lt;/tr&gt;
    &lt;tr&gt;
      &lt;td style='width: 184px; height: 24px; font-weight: bold;' align='undefined' valign='undefined'&gt;City&lt;/td&gt;
      &lt;td style='width: 292px; height: 24px;' align='undefined' valign='undefined'&gt;Tokyo&amp;nbsp;
&lt;/td&gt;
      &lt;td style='height: 24px; width: 184px; font-weight: bold;' align='undefined' valign='undefined'&gt;Date&lt;/td&gt;
      &lt;td style='height: 24px; width: 291px;' align='undefined' valign='undefined'&gt;2011-04-25&amp;nbsp;
&lt;/td&gt;
    &lt;/tr&gt;
    &lt;tr&gt;
      &lt;td style='width: 184px; height: 26px; font-weight: bold;' align='undefined' valign='undefined'&gt;Deaths&lt;/td&gt;
      &lt;td style='width: 292px; height: 26px;' align='undefined' valign='undefined'&gt;0&amp;nbsp;
&lt;/td&gt;
      &lt;td style='height: 26px; width: 184px; font-weight: bold;' align='undefined' valign='undefined'&gt;Url&lt;/td&gt;
      &lt;td style='height: 26px; width: 291px;' align='undefined' valign='undefined'&gt;&lt;A href='http://mdn.mainichi.jp/mdnnews/news/20110425p2a00m0na021000c.html'&gt;Link to News&amp;nbsp;&lt;/A&gt;
&lt;/td&gt;
    &lt;/tr&gt;
    &lt;tr&gt;
      &lt;td style='width: 184px; height: 90px; font-weight: bold;' align='undefined' valign='undefined'&gt;Description&lt;/td&gt;
      &lt;td colspan='3' rowspan='1' style='height: 90px; width: 291px;' align='undefined' valign='undefined'&gt;However, at around 128 p.m., a power outage occurred on the part of the line between ShinShirakawa and Shiroishi Zao stations in the city of Fukushima, causing a temporary halt to trains running from Tokyo to Sendai&amp;nbsp;
&lt;/td&gt;
    &lt;/tr&gt;
  &lt;/tbody&gt;
&lt;/table&gt;</description>
                <styleUrl>#style25x93325</styleUrl>
                <Point>
                    <extrude xmlns:ns5="http://www.w3.org/2001/XMLSchema-instance" xmlns:ns6="http://www.w3.org/2001/XMLSchema" ns5:type="ns6:boolean">false</extrude>
                    <altitudeMode>clampToGround</altitudeMode>
                    <coordinates>139.751,35.6895</coordinates>
                </Point>
            </Placemark>
            <Placemark>
                <name>M-China</name>
                <visibility xmlns:ns5="http://www.w3.org/2001/XMLSchema-instance" xmlns:ns6="http://www.w3.org/2001/XMLSchema" ns5:type="ns6:boolean">true</visibility>
                <open xmlns:ns5="http://www.w3.org/2001/XMLSchema-instance" xmlns:ns6="http://www.w3.org/2001/XMLSchema" ns5:type="ns6:boolean">true</open>
                <address>291 Fumin Lu Jin Wu, Unit 1, 3A Floor,Shanghai,Shanghai,China</address>
                <description>&lt;table style='text-align: left; width: 480px; height: 240px;' border='1' border-color='gray' border-style='solid' cellpadding='2' cellspacing='2'&gt;
&lt;tbody&gt;
    &lt;tr style='font-weight: bold;'&gt;
		&lt;td style='height: 78px; width: 184px;' align='undefined' valign='undefined'&gt;&lt;span style='font-weight: normal;'&gt;&lt;img src='http:\\66.216.18.155\Razient\iconsgi\customer.png'/&gt;&lt;/span&gt;&lt;/td&gt;
		&lt;td colspan='3' rowspan='1' style='height: 78px; width: 291px;' align='undefined' valign='undefined'&gt;Name: M-China&amp;nbsp;&lt;br&gt; Address: 291 Fumin Lu Jin Wu, Unit 1, 3A Floor - Shanghai - Shanghai - China&amp;nbsp;&lt;br&gt; Phone Number: &amp;nbsp;&lt;br&gt; Email: &amp;nbsp;&lt;br&gt; Primary Contact: &amp;nbsp;&lt;/td&gt;
    &lt;/tr&gt;
    &lt;tr&gt;
	   &lt;td colspan='3' rowspan='1' style='height: 0px; width: 291px;' align='undefined' valign='undefined'&gt;&amp;nbsp;&lt;/td&gt;
    &lt;/tr&gt;
  &lt;/tbody&gt;
&lt;/table&gt;</description>
                <styleUrl>#style0x70000</styleUrl>
                <Point>
                    <extrude xmlns:ns5="http://www.w3.org/2001/XMLSchema-instance" xmlns:ns6="http://www.w3.org/2001/XMLSchema" ns5:type="ns6:boolean">false</extrude>
                    <altitudeMode>clampToGround</altitudeMode>
                    <coordinates>121.4737,31.230392</coordinates>
                </Point>
            </Placemark>
            <Placemark>
                <name> Incident : China fuel strike: Drivers clash with police</name>
                <visibility xmlns:ns5="http://www.w3.org/2001/XMLSchema-instance" xmlns:ns6="http://www.w3.org/2001/XMLSchema" ns5:type="ns6:boolean">true</visibility>
                <open xmlns:ns5="http://www.w3.org/2001/XMLSchema-instance" xmlns:ns6="http://www.w3.org/2001/XMLSchema" ns5:type="ns6:boolean">false</open>
                <description>&lt;table style='text-align: left; width: 480px; height: 240px;' border='1' border-color='gray' border-style='solid' cellpadding='2' cellspacing='2'&gt;
&lt;tbody&gt;
    &lt;tr style='font-weight: bold;'&gt;
		&lt;td style='height: 78px; width: 184px;' align='undefined' valign='undefined'&gt;&lt;span style='font-weight: normal;'&gt;&lt;img src='http:\\66.216.18.155\Razient\iconsgi\suppliers.gif'/&gt;&lt;/span&gt;&lt;/td&gt;
		&lt;td colspan='3' rowspan='1' style='height: 78px; width: 291px;' align='undefined' valign='undefined'&gt;M-China&amp;nbsp;
291 Fumin Lu Jin Wu, Unit 1, 3A Floor&amp;nbsp;&lt;/td&gt;
    &lt;/tr&gt;
    &lt;tr&gt;
      &lt;td style='height: 0px; width: 184px; text-align: left;' valign='undefined'&gt;&lt;span style='font-weight: bold;'&gt;Summary:&lt;/span&gt;&lt;/td&gt;
	   &lt;td colspan='3' rowspan='1' style='height: 0px; width: 291px;' align='undefined' valign='undefined'&gt;China fuel strike: Drivers clash with police&amp;nbsp;&lt;/td&gt;
    &lt;/tr&gt;
    &lt;tr&gt;
      &lt;td style='width: 184px; height: 26px; font-weight: bold;' align='undefined' valign='undefined'&gt;Country&lt;/td&gt;
      &lt;td style='width: 292px; height: 26px;' align='undefined' valign='undefined'&gt;China&amp;nbsp;&lt;/td&gt;
      &lt;td style='height: 26px; width: 184px; font-weight: bold;' align='undefined' valign='undefined'&gt;Severity	&lt;/td&gt;
      &lt;td style='height: 26px; width: 291px;' align='undefined' valign='undefined'&gt;Low&amp;nbsp;&lt;/td&gt;
    &lt;/tr&gt;
    &lt;tr&gt;
      &lt;td style='width: 184px; height: 30px; font-weight: bold;' align='undefined' valign='undefined'&gt;State&lt;/td&gt;
      &lt;td style='width: 292px; height: 30px;' align='undefined' valign='undefined'&gt;Shanghai&amp;nbsp;
&lt;/td&gt;
      &lt;td style='height: 30px; width: 184px; font-weight: bold;' align='undefined' valign='undefined'&gt;Type&lt;/td&gt;
      &lt;td style='height: 30px; width: 291px;' align='undefined' valign='undefined'&gt;Strike&amp;nbsp;&lt;/td&gt;
    &lt;/tr&gt;
    &lt;tr&gt;
      &lt;td style='width: 184px; height: 24px; font-weight: bold;' align='undefined' valign='undefined'&gt;City&lt;/td&gt;
      &lt;td style='width: 292px; height: 24px;' align='undefined' valign='undefined'&gt;Shanghai&amp;nbsp;
&lt;/td&gt;
      &lt;td style='height: 24px; width: 184px; font-weight: bold;' align='undefined' valign='undefined'&gt;Date&lt;/td&gt;
      &lt;td style='height: 24px; width: 291px;' align='undefined' valign='undefined'&gt;2011-04-21&amp;nbsp;
&lt;/td&gt;
    &lt;/tr&gt;
    &lt;tr&gt;
      &lt;td style='width: 184px; height: 26px; font-weight: bold;' align='undefined' valign='undefined'&gt;Deaths&lt;/td&gt;
      &lt;td style='width: 292px; height: 26px;' align='undefined' valign='undefined'&gt;0&amp;nbsp;
&lt;/td&gt;
      &lt;td style='height: 26px; width: 184px; font-weight: bold;' align='undefined' valign='undefined'&gt;Url&lt;/td&gt;
      &lt;td style='height: 26px; width: 291px;' align='undefined' valign='undefined'&gt;&lt;A href='http://www.thehimalayantimes.com/fullNews.php?headline=China+fuel+strike%3A+Drivers+clash+with+police+&amp;NewsID=284932'&gt;Link to News&amp;nbsp;&lt;/A&gt;
&lt;/td&gt;
    &lt;/tr&gt;
    &lt;tr&gt;
      &lt;td style='width: 184px; height: 90px; font-weight: bold;' align='undefined' valign='undefined'&gt;Description&lt;/td&gt;
      &lt;td colspan='3' rowspan='1' style='height: 90px; width: 291px;' align='undefined' valign='undefined'&gt;A two-day strike over rising fuel prices turned violent in Shanghai today as thousands of truck drivers clashed with police, drivers said, in the latest example of simmering discontent over inflation. About 2,000 truck drivers battled baton-wielding police at an intersection near Waigaoqiao port, Shanghais biggest.&amp;nbsp;
&lt;/td&gt;
    &lt;/tr&gt;
  &lt;/tbody&gt;
&lt;/table&gt;</description>
                <styleUrl>#style7x93307</styleUrl>
                <Point>
                    <extrude xmlns:ns5="http://www.w3.org/2001/XMLSchema-instance" xmlns:ns6="http://www.w3.org/2001/XMLSchema" ns5:type="ns6:boolean">false</extrude>
                    <altitudeMode>clampToGround</altitudeMode>
                    <coordinates>121.409,31.005</coordinates>
                </Point>
            </Placemark>
            <Placemark>
                <name>Sino Chemtech (Shanghai) Co - Headquarters</name>
                <visibility xmlns:ns5="http://www.w3.org/2001/XMLSchema-instance" xmlns:ns6="http://www.w3.org/2001/XMLSchema" ns5:type="ns6:boolean">true</visibility>
                <open xmlns:ns5="http://www.w3.org/2001/XMLSchema-instance" xmlns:ns6="http://www.w3.org/2001/XMLSchema" ns5:type="ns6:boolean">true</open>
                <address>Building 142 NO.8888 Zhongchun RD,Shanghai,Shanghai,China</address>
                <description>&lt;table style='text-align: left; width: 480px; height: 240px;' border='1' border-color='gray' border-style='solid' cellpadding='2' cellspacing='2'&gt;
&lt;tbody&gt;
    &lt;tr style='font-weight: bold;'&gt;
		&lt;td style='height: 78px; width: 184px;' align='undefined' valign='undefined'&gt;&lt;span style='font-weight: normal;'&gt;&lt;img src='http:\\66.216.18.155\Razient\iconsgi\supplier.png'/&gt;&lt;/span&gt;&lt;/td&gt;
		&lt;td colspan='3' rowspan='1' style='height: 78px; width: 291px;' align='undefined' valign='undefined'&gt;Name: Sino Chemtech (Shanghai) Co - Headquarters&amp;nbsp;&lt;br&gt; Address: Building 142 NO.8888 Zhongchun RD - Shanghai - Shanghai - China&amp;nbsp;&lt;br&gt; Phone Number: 31321321313&amp;nbsp;&lt;br&gt; Email: richard@razient.com&amp;nbsp;&lt;br&gt; Primary Contact: joe smith&amp;nbsp;&lt;/td&gt;
    &lt;/tr&gt;
    &lt;tr&gt;
      &lt;td style='height: 0px; width: 184px; text-align: left;' valign='undefined'&gt;&lt;span style='font-weight: bold;'&gt;Parts:&lt;/span&gt;&lt;/td&gt;
	   &lt;td colspan='3' rowspan='1' style='height: 0px; width: 291px;' align='undefined' valign='undefined'&gt;Frontline &amp;nbsp;&lt;/td&gt;
    &lt;/tr&gt;
  &lt;/tbody&gt;
&lt;/table&gt;</description>
                <styleUrl>#style0x80000</styleUrl>
                <Point>
                    <extrude xmlns:ns5="http://www.w3.org/2001/XMLSchema-instance" xmlns:ns6="http://www.w3.org/2001/XMLSchema" ns5:type="ns6:boolean">false</extrude>
                    <altitudeMode>clampToGround</altitudeMode>
                    <coordinates>121.37107,31.09703</coordinates>
                </Point>
            </Placemark>
            <Placemark>
                <name> Incident : China fuel strike: Drivers clash with police</name>
                <visibility xmlns:ns5="http://www.w3.org/2001/XMLSchema-instance" xmlns:ns6="http://www.w3.org/2001/XMLSchema" ns5:type="ns6:boolean">true</visibility>
                <open xmlns:ns5="http://www.w3.org/2001/XMLSchema-instance" xmlns:ns6="http://www.w3.org/2001/XMLSchema" ns5:type="ns6:boolean">false</open>
                <description>&lt;table style='text-align: left; width: 480px; height: 240px;' border='1' border-color='gray' border-style='solid' cellpadding='2' cellspacing='2'&gt;
&lt;tbody&gt;
    &lt;tr style='font-weight: bold;'&gt;
		&lt;td style='height: 78px; width: 184px;' align='undefined' valign='undefined'&gt;&lt;span style='font-weight: normal;'&gt;&lt;img src='http:\\66.216.18.155\Razient\iconsgi\suppliers.gif'/&gt;&lt;/span&gt;&lt;/td&gt;
		&lt;td colspan='3' rowspan='1' style='height: 78px; width: 291px;' align='undefined' valign='undefined'&gt;Sino Chemtech (Shanghai) Co - Headquarters&amp;nbsp;
Building 142 NO.8888 Zhongchun RD&amp;nbsp;&lt;/td&gt;
    &lt;/tr&gt;
    &lt;tr&gt;
      &lt;td style='height: 0px; width: 184px; text-align: left;' valign='undefined'&gt;&lt;span style='font-weight: bold;'&gt;Summary:&lt;/span&gt;&lt;/td&gt;
	   &lt;td colspan='3' rowspan='1' style='height: 0px; width: 291px;' align='undefined' valign='undefined'&gt;China fuel strike: Drivers clash with police&amp;nbsp;&lt;/td&gt;
    &lt;/tr&gt;
    &lt;tr&gt;
      &lt;td style='width: 184px; height: 26px; font-weight: bold;' align='undefined' valign='undefined'&gt;Country&lt;/td&gt;
      &lt;td style='width: 292px; height: 26px;' align='undefined' valign='undefined'&gt;China&amp;nbsp;&lt;/td&gt;
      &lt;td style='height: 26px; width: 184px; font-weight: bold;' align='undefined' valign='undefined'&gt;Severity	&lt;/td&gt;
      &lt;td style='height: 26px; width: 291px;' align='undefined' valign='undefined'&gt;Low&amp;nbsp;&lt;/td&gt;
    &lt;/tr&gt;
    &lt;tr&gt;
      &lt;td style='width: 184px; height: 30px; font-weight: bold;' align='undefined' valign='undefined'&gt;State&lt;/td&gt;
      &lt;td style='width: 292px; height: 30px;' align='undefined' valign='undefined'&gt;Shanghai&amp;nbsp;
&lt;/td&gt;
      &lt;td style='height: 30px; width: 184px; font-weight: bold;' align='undefined' valign='undefined'&gt;Type&lt;/td&gt;
      &lt;td style='height: 30px; width: 291px;' align='undefined' valign='undefined'&gt;Strike&amp;nbsp;&lt;/td&gt;
    &lt;/tr&gt;
    &lt;tr&gt;
      &lt;td style='width: 184px; height: 24px; font-weight: bold;' align='undefined' valign='undefined'&gt;City&lt;/td&gt;
      &lt;td style='width: 292px; height: 24px;' align='undefined' valign='undefined'&gt;Shanghai&amp;nbsp;
&lt;/td&gt;
      &lt;td style='height: 24px; width: 184px; font-weight: bold;' align='undefined' valign='undefined'&gt;Date&lt;/td&gt;
      &lt;td style='height: 24px; width: 291px;' align='undefined' valign='undefined'&gt;2011-04-21&amp;nbsp;
&lt;/td&gt;
    &lt;/tr&gt;
    &lt;tr&gt;
      &lt;td style='width: 184px; height: 26px; font-weight: bold;' align='undefined' valign='undefined'&gt;Deaths&lt;/td&gt;
      &lt;td style='width: 292px; height: 26px;' align='undefined' valign='undefined'&gt;0&amp;nbsp;
&lt;/td&gt;
      &lt;td style='height: 26px; width: 184px; font-weight: bold;' align='undefined' valign='undefined'&gt;Url&lt;/td&gt;
      &lt;td style='height: 26px; width: 291px;' align='undefined' valign='undefined'&gt;&lt;A href='http://www.thehimalayantimes.com/fullNews.php?headline=China+fuel+strike%3A+Drivers+clash+with+police+&amp;NewsID=284932'&gt;Link to News&amp;nbsp;&lt;/A&gt;
&lt;/td&gt;
    &lt;/tr&gt;
    &lt;tr&gt;
      &lt;td style='width: 184px; height: 90px; font-weight: bold;' align='undefined' valign='undefined'&gt;Description&lt;/td&gt;
      &lt;td colspan='3' rowspan='1' style='height: 90px; width: 291px;' align='undefined' valign='undefined'&gt;A two-day strike over rising fuel prices turned violent in Shanghai today as thousands of truck drivers clashed with police, drivers said, in the latest example of simmering discontent over inflation. About 2,000 truck drivers battled baton-wielding police at an intersection near Waigaoqiao port, Shanghais biggest.&amp;nbsp;
&lt;/td&gt;
    &lt;/tr&gt;
  &lt;/tbody&gt;
&lt;/table&gt;</description>
                <styleUrl>#style7x93307</styleUrl>
                <Point>
                    <extrude xmlns:ns5="http://www.w3.org/2001/XMLSchema-instance" xmlns:ns6="http://www.w3.org/2001/XMLSchema" ns5:type="ns6:boolean">false</extrude>
                    <altitudeMode>clampToGround</altitudeMode>
                    <coordinates>121.409,31.005</coordinates>
                </Point>
            </Placemark>
            <Placemark>
                <name>M-Japan</name>
                <visibility xmlns:ns5="http://www.w3.org/2001/XMLSchema-instance" xmlns:ns6="http://www.w3.org/2001/XMLSchema" ns5:type="ns6:boolean">true</visibility>
                <open xmlns:ns5="http://www.w3.org/2001/XMLSchema-instance" xmlns:ns6="http://www.w3.org/2001/XMLSchema" ns5:type="ns6:boolean">true</open>
                <address>Sanno Grand Building - 8F 2-14-2 Nagatacho,Tokyo,Tokyo,Japan</address>
                <description>&lt;table style='text-align: left; width: 480px; height: 240px;' border='1' border-color='gray' border-style='solid' cellpadding='2' cellspacing='2'&gt;
&lt;tbody&gt;
    &lt;tr style='font-weight: bold;'&gt;
		&lt;td style='height: 78px; width: 184px;' align='undefined' valign='undefined'&gt;&lt;span style='font-weight: normal;'&gt;&lt;img src='http:\\66.216.18.155\Razient\iconsgi\customer.png'/&gt;&lt;/span&gt;&lt;/td&gt;
		&lt;td colspan='3' rowspan='1' style='height: 78px; width: 291px;' align='undefined' valign='undefined'&gt;Name: M-Japan&amp;nbsp;&lt;br&gt; Address: Sanno Grand Building - 8F 2-14-2 Nagatacho - Tokyo - Tokyo - Japan&amp;nbsp;&lt;br&gt; Phone Number: &amp;nbsp;&lt;br&gt; Email: &amp;nbsp;&lt;br&gt; Primary Contact: &amp;nbsp;&lt;/td&gt;
    &lt;/tr&gt;
    &lt;tr&gt;
	   &lt;td colspan='3' rowspan='1' style='height: 0px; width: 291px;' align='undefined' valign='undefined'&gt;&amp;nbsp;&lt;/td&gt;
    &lt;/tr&gt;
  &lt;/tbody&gt;
&lt;/table&gt;</description>
                <styleUrl>#style0x70000</styleUrl>
                <Point>
                    <extrude xmlns:ns5="http://www.w3.org/2001/XMLSchema-instance" xmlns:ns6="http://www.w3.org/2001/XMLSchema" ns5:type="ns6:boolean">false</extrude>
                    <altitudeMode>clampToGround</altitudeMode>
                    <coordinates>139.751,35.685</coordinates>
                </Point>
            </Placemark>
            <Placemark>
                <name> Incident : Magnitude 6.1 Earthquake Rattles Tokyo</name>
                <visibility xmlns:ns5="http://www.w3.org/2001/XMLSchema-instance" xmlns:ns6="http://www.w3.org/2001/XMLSchema" ns5:type="ns6:boolean">true</visibility>
                <open xmlns:ns5="http://www.w3.org/2001/XMLSchema-instance" xmlns:ns6="http://www.w3.org/2001/XMLSchema" ns5:type="ns6:boolean">false</open>
                <description>&lt;table style='text-align: left; width: 480px; height: 240px;' border='1' border-color='gray' border-style='solid' cellpadding='2' cellspacing='2'&gt;
&lt;tbody&gt;
    &lt;tr style='font-weight: bold;'&gt;
		&lt;td style='height: 78px; width: 184px;' align='undefined' valign='undefined'&gt;&lt;span style='font-weight: normal;'&gt;&lt;img src='http:\\66.216.18.155\Razient\iconsgi\suppliers.gif'/&gt;&lt;/span&gt;&lt;/td&gt;
		&lt;td colspan='3' rowspan='1' style='height: 78px; width: 291px;' align='undefined' valign='undefined'&gt;M-Japan&amp;nbsp;
Sanno Grand Building - 8F 2-14-2 Nagatacho&amp;nbsp;&lt;/td&gt;
    &lt;/tr&gt;
    &lt;tr&gt;
      &lt;td style='height: 0px; width: 184px; text-align: left;' valign='undefined'&gt;&lt;span style='font-weight: bold;'&gt;Summary:&lt;/span&gt;&lt;/td&gt;
	   &lt;td colspan='3' rowspan='1' style='height: 0px; width: 291px;' align='undefined' valign='undefined'&gt;Magnitude 6.1 Earthquake Rattles Tokyo&amp;nbsp;&lt;/td&gt;
    &lt;/tr&gt;
    &lt;tr&gt;
      &lt;td style='width: 184px; height: 26px; font-weight: bold;' align='undefined' valign='undefined'&gt;Country&lt;/td&gt;
      &lt;td style='width: 292px; height: 26px;' align='undefined' valign='undefined'&gt;Japan&amp;nbsp;&lt;/td&gt;
      &lt;td style='height: 26px; width: 184px; font-weight: bold;' align='undefined' valign='undefined'&gt;Severity	&lt;/td&gt;
      &lt;td style='height: 26px; width: 291px;' align='undefined' valign='undefined'&gt;Medium&amp;nbsp;&lt;/td&gt;
    &lt;/tr&gt;
    &lt;tr&gt;
      &lt;td style='width: 184px; height: 30px; font-weight: bold;' align='undefined' valign='undefined'&gt;State&lt;/td&gt;
      &lt;td style='width: 292px; height: 30px;' align='undefined' valign='undefined'&gt;Tokyo&amp;nbsp;
&lt;/td&gt;
      &lt;td style='height: 30px; width: 184px; font-weight: bold;' align='undefined' valign='undefined'&gt;Type&lt;/td&gt;
      &lt;td style='height: 30px; width: 291px;' align='undefined' valign='undefined'&gt;Earthquake&amp;nbsp;&lt;/td&gt;
    &lt;/tr&gt;
    &lt;tr&gt;
      &lt;td style='width: 184px; height: 24px; font-weight: bold;' align='undefined' valign='undefined'&gt;City&lt;/td&gt;
      &lt;td style='width: 292px; height: 24px;' align='undefined' valign='undefined'&gt;Tokyo&amp;nbsp;
&lt;/td&gt;
      &lt;td style='height: 24px; width: 184px; font-weight: bold;' align='undefined' valign='undefined'&gt;Date&lt;/td&gt;
      &lt;td style='height: 24px; width: 291px;' align='undefined' valign='undefined'&gt;2011-04-21&amp;nbsp;
&lt;/td&gt;
    &lt;/tr&gt;
    &lt;tr&gt;
      &lt;td style='width: 184px; height: 26px; font-weight: bold;' align='undefined' valign='undefined'&gt;Deaths&lt;/td&gt;
      &lt;td style='width: 292px; height: 26px;' align='undefined' valign='undefined'&gt;0&amp;nbsp;
&lt;/td&gt;
      &lt;td style='height: 26px; width: 184px; font-weight: bold;' align='undefined' valign='undefined'&gt;Url&lt;/td&gt;
      &lt;td style='height: 26px; width: 291px;' align='undefined' valign='undefined'&gt;&lt;A href='http://www.foxnews.com/world/2011/04/21/magnitude-63-earthquake-rattles-tokyo/'&gt;Link to News&amp;nbsp;&lt;/A&gt;
&lt;/td&gt;
    &lt;/tr&gt;
    &lt;tr&gt;
      &lt;td style='width: 184px; height: 90px; font-weight: bold;' align='undefined' valign='undefined'&gt;Description&lt;/td&gt;
      &lt;td colspan='3' rowspan='1' style='height: 90px; width: 291px;' align='undefined' valign='undefined'&gt;A 6.1 magnitude earthquake struck Japan late Thursday, shaking buildings in the capital Tokyo, the US Geological Survey said.&amp;nbsp;
&lt;/td&gt;
    &lt;/tr&gt;
  &lt;/tbody&gt;
&lt;/table&gt;</description>
                <styleUrl>#style17x93317</styleUrl>
                <Point>
                    <extrude xmlns:ns5="http://www.w3.org/2001/XMLSchema-instance" xmlns:ns6="http://www.w3.org/2001/XMLSchema" ns5:type="ns6:boolean">false</extrude>
                    <altitudeMode>clampToGround</altitudeMode>
                    <coordinates>139.7555,35.6895</coordinates>
                </Point>
            </Placemark>
            <Placemark>
                <name>M-Japan</name>
                <visibility xmlns:ns5="http://www.w3.org/2001/XMLSchema-instance" xmlns:ns6="http://www.w3.org/2001/XMLSchema" ns5:type="ns6:boolean">true</visibility>
                <open xmlns:ns5="http://www.w3.org/2001/XMLSchema-instance" xmlns:ns6="http://www.w3.org/2001/XMLSchema" ns5:type="ns6:boolean">true</open>
                <address>Sanno Grand Building - 8F 2-14-2 Nagatacho,Tokyo,Tokyo,Japan</address>
                <description>&lt;table style='text-align: left; width: 480px; height: 240px;' border='1' border-color='gray' border-style='solid' cellpadding='2' cellspacing='2'&gt;
&lt;tbody&gt;
    &lt;tr style='font-weight: bold;'&gt;
		&lt;td style='height: 78px; width: 184px;' align='undefined' valign='undefined'&gt;&lt;span style='font-weight: normal;'&gt;&lt;img src='http:\\66.216.18.155\Razient\iconsgi\customer.png'/&gt;&lt;/span&gt;&lt;/td&gt;
		&lt;td colspan='3' rowspan='1' style='height: 78px; width: 291px;' align='undefined' valign='undefined'&gt;Name: M-Japan&amp;nbsp;&lt;br&gt; Address: Sanno Grand Building - 8F 2-14-2 Nagatacho - Tokyo - Tokyo - Japan&amp;nbsp;&lt;br&gt; Phone Number: &amp;nbsp;&lt;br&gt; Email: &amp;nbsp;&lt;br&gt; Primary Contact: &amp;nbsp;&lt;/td&gt;
    &lt;/tr&gt;
    &lt;tr&gt;
	   &lt;td colspan='3' rowspan='1' style='height: 0px; width: 291px;' align='undefined' valign='undefined'&gt;&amp;nbsp;&lt;/td&gt;
    &lt;/tr&gt;
  &lt;/tbody&gt;
&lt;/table&gt;</description>
                <styleUrl>#style0x70000</styleUrl>
                <Point>
                    <extrude xmlns:ns5="http://www.w3.org/2001/XMLSchema-instance" xmlns:ns6="http://www.w3.org/2001/XMLSchema" ns5:type="ns6:boolean">false</extrude>
                    <altitudeMode>clampToGround</altitudeMode>
                    <coordinates>139.751,35.685</coordinates>
                </Point>
            </Placemark>
            <Placemark>
                <name> Incident : Toyotas may be in short supply</name>
                <visibility xmlns:ns5="http://www.w3.org/2001/XMLSchema-instance" xmlns:ns6="http://www.w3.org/2001/XMLSchema" ns5:type="ns6:boolean">true</visibility>
                <open xmlns:ns5="http://www.w3.org/2001/XMLSchema-instance" xmlns:ns6="http://www.w3.org/2001/XMLSchema" ns5:type="ns6:boolean">false</open>
                <description>&lt;table style='text-align: left; width: 480px; height: 240px;' border='1' border-color='gray' border-style='solid' cellpadding='2' cellspacing='2'&gt;
&lt;tbody&gt;
    &lt;tr style='font-weight: bold;'&gt;
		&lt;td style='height: 78px; width: 184px;' align='undefined' valign='undefined'&gt;&lt;span style='font-weight: normal;'&gt;&lt;img src='http:\\66.216.18.155\Razient\iconsgi\suppliers.gif'/&gt;&lt;/span&gt;&lt;/td&gt;
		&lt;td colspan='3' rowspan='1' style='height: 78px; width: 291px;' align='undefined' valign='undefined'&gt;M-Japan&amp;nbsp;
Sanno Grand Building - 8F 2-14-2 Nagatacho&amp;nbsp;&lt;/td&gt;
    &lt;/tr&gt;
    &lt;tr&gt;
      &lt;td style='height: 0px; width: 184px; text-align: left;' valign='undefined'&gt;&lt;span style='font-weight: bold;'&gt;Summary:&lt;/span&gt;&lt;/td&gt;
	   &lt;td colspan='3' rowspan='1' style='height: 0px; width: 291px;' align='undefined' valign='undefined'&gt;Toyotas may be in short supply&amp;nbsp;&lt;/td&gt;
    &lt;/tr&gt;
    &lt;tr&gt;
      &lt;td style='width: 184px; height: 26px; font-weight: bold;' align='undefined' valign='undefined'&gt;Country&lt;/td&gt;
      &lt;td style='width: 292px; height: 26px;' align='undefined' valign='undefined'&gt;Japan&amp;nbsp;&lt;/td&gt;
      &lt;td style='height: 26px; width: 184px; font-weight: bold;' align='undefined' valign='undefined'&gt;Severity	&lt;/td&gt;
      &lt;td style='height: 26px; width: 291px;' align='undefined' valign='undefined'&gt;Medium&amp;nbsp;&lt;/td&gt;
    &lt;/tr&gt;
    &lt;tr&gt;
      &lt;td style='width: 184px; height: 30px; font-weight: bold;' align='undefined' valign='undefined'&gt;State&lt;/td&gt;
      &lt;td style='width: 292px; height: 30px;' align='undefined' valign='undefined'&gt;Tokyo&amp;nbsp;
&lt;/td&gt;
      &lt;td style='height: 30px; width: 184px; font-weight: bold;' align='undefined' valign='undefined'&gt;Type&lt;/td&gt;
      &lt;td style='height: 30px; width: 291px;' align='undefined' valign='undefined'&gt;Earthquake&amp;nbsp;&lt;/td&gt;
    &lt;/tr&gt;
    &lt;tr&gt;
      &lt;td style='width: 184px; height: 24px; font-weight: bold;' align='undefined' valign='undefined'&gt;City&lt;/td&gt;
      &lt;td style='width: 292px; height: 24px;' align='undefined' valign='undefined'&gt;Tokyo&amp;nbsp;
&lt;/td&gt;
      &lt;td style='height: 24px; width: 184px; font-weight: bold;' align='undefined' valign='undefined'&gt;Date&lt;/td&gt;
      &lt;td style='height: 24px; width: 291px;' align='undefined' valign='undefined'&gt;2011-04-12&amp;nbsp;
&lt;/td&gt;
    &lt;/tr&gt;
    &lt;tr&gt;
      &lt;td style='width: 184px; height: 26px; font-weight: bold;' align='undefined' valign='undefined'&gt;Deaths&lt;/td&gt;
      &lt;td style='width: 292px; height: 26px;' align='undefined' valign='undefined'&gt;0&amp;nbsp;
&lt;/td&gt;
      &lt;td style='height: 26px; width: 184px; font-weight: bold;' align='undefined' valign='undefined'&gt;Url&lt;/td&gt;
      &lt;td style='height: 26px; width: 291px;' align='undefined' valign='undefined'&gt;&lt;A href='http://www.chicagotribune.com/classified/automotive/dealers/ct-biz-0412-toyota-production-20110412,0,1827819.story'&gt;Link to News&amp;nbsp;&lt;/A&gt;
&lt;/td&gt;
    &lt;/tr&gt;
    &lt;tr&gt;
      &lt;td style='width: 184px; height: 90px; font-weight: bold;' align='undefined' valign='undefined'&gt;Description&lt;/td&gt;
      &lt;td colspan='3' rowspan='1' style='height: 90px; width: 291px;' align='undefined' valign='undefined'&gt;Japanese plants to reopen but operate at 50% capacity&amp;nbsp;
&lt;/td&gt;
    &lt;/tr&gt;
  &lt;/tbody&gt;
&lt;/table&gt;</description>
                <styleUrl>#style17x93317</styleUrl>
                <Point>
                    <extrude xmlns:ns5="http://www.w3.org/2001/XMLSchema-instance" xmlns:ns6="http://www.w3.org/2001/XMLSchema" ns5:type="ns6:boolean">false</extrude>
                    <altitudeMode>clampToGround</altitudeMode>
                    <coordinates>139.7555,35.685</coordinates>
                </Point>
            </Placemark>
            <Placemark>
                <name>M-Japan</name>
                <visibility xmlns:ns5="http://www.w3.org/2001/XMLSchema-instance" xmlns:ns6="http://www.w3.org/2001/XMLSchema" ns5:type="ns6:boolean">true</visibility>
                <open xmlns:ns5="http://www.w3.org/2001/XMLSchema-instance" xmlns:ns6="http://www.w3.org/2001/XMLSchema" ns5:type="ns6:boolean">true</open>
                <address>Sanno Grand Building - 8F 2-14-2 Nagatacho,tokyo,Tokyo,Japan</address>
                <description>&lt;table style='text-align: left; width: 480px; height: 240px;' border='1' border-color='gray' border-style='solid' cellpadding='2' cellspacing='2'&gt;
&lt;tbody&gt;
    &lt;tr style='font-weight: bold;'&gt;
		&lt;td style='height: 78px; width: 184px;' align='undefined' valign='undefined'&gt;&lt;span style='font-weight: normal;'&gt;&lt;img src='http:\\66.216.18.155\Razient\iconsgi\customer.png'/&gt;&lt;/span&gt;&lt;/td&gt;
		&lt;td colspan='3' rowspan='1' style='height: 78px; width: 291px;' align='undefined' valign='undefined'&gt;Name: M-Japan&amp;nbsp;&lt;br&gt; Address: Sanno Grand Building - 8F 2-14-2 Nagatacho - tokyo - Tokyo - Japan&amp;nbsp;&lt;br&gt; Phone Number: &amp;nbsp;&lt;br&gt; Email: &amp;nbsp;&lt;br&gt; Primary Contact: &amp;nbsp;&lt;/td&gt;
    &lt;/tr&gt;
    &lt;tr&gt;
	   &lt;td colspan='3' rowspan='1' style='height: 0px; width: 291px;' align='undefined' valign='undefined'&gt;&amp;nbsp;&lt;/td&gt;
    &lt;/tr&gt;
  &lt;/tbody&gt;
&lt;/table&gt;</description>
                <styleUrl>#style0x70000</styleUrl>
                <Point>
                    <extrude xmlns:ns5="http://www.w3.org/2001/XMLSchema-instance" xmlns:ns6="http://www.w3.org/2001/XMLSchema" ns5:type="ns6:boolean">false</extrude>
                    <altitudeMode>clampToGround</altitudeMode>
                    <coordinates>139.751,35.685</coordinates>
                </Point>
            </Placemark>
            <Placemark>
                <name> Incident : 7.1 Magnitude Earthquake Strikes Damaged Northeast Japan&#xD;
</name>
                <visibility xmlns:ns5="http://www.w3.org/2001/XMLSchema-instance" xmlns:ns6="http://www.w3.org/2001/XMLSchema" ns5:type="ns6:boolean">true</visibility>
                <open xmlns:ns5="http://www.w3.org/2001/XMLSchema-instance" xmlns:ns6="http://www.w3.org/2001/XMLSchema" ns5:type="ns6:boolean">false</open>
                <description>&lt;table style='text-align: left; width: 480px; height: 240px;' border='1' border-color='gray' border-style='solid' cellpadding='2' cellspacing='2'&gt;
&lt;tbody&gt;
    &lt;tr style='font-weight: bold;'&gt;
		&lt;td style='height: 78px; width: 184px;' align='undefined' valign='undefined'&gt;&lt;span style='font-weight: normal;'&gt;&lt;img src='http:\\66.216.18.155\Razient\iconsgi\suppliers.gif'/&gt;&lt;/span&gt;&lt;/td&gt;
		&lt;td colspan='3' rowspan='1' style='height: 78px; width: 291px;' align='undefined' valign='undefined'&gt;M-Japan&amp;nbsp;
Sanno Grand Building - 8F 2-14-2 Nagatacho&amp;nbsp;&lt;/td&gt;
    &lt;/tr&gt;
    &lt;tr&gt;
      &lt;td style='height: 0px; width: 184px; text-align: left;' valign='undefined'&gt;&lt;span style='font-weight: bold;'&gt;Summary:&lt;/span&gt;&lt;/td&gt;
	   &lt;td colspan='3' rowspan='1' style='height: 0px; width: 291px;' align='undefined' valign='undefined'&gt;7.1 Magnitude Earthquake Strikes Damaged Northeast Japan&#xD;
&amp;nbsp;&lt;/td&gt;
    &lt;/tr&gt;
    &lt;tr&gt;
      &lt;td style='width: 184px; height: 26px; font-weight: bold;' align='undefined' valign='undefined'&gt;Country&lt;/td&gt;
      &lt;td style='width: 292px; height: 26px;' align='undefined' valign='undefined'&gt;Japan&amp;nbsp;&lt;/td&gt;
      &lt;td style='height: 26px; width: 184px; font-weight: bold;' align='undefined' valign='undefined'&gt;Severity	&lt;/td&gt;
      &lt;td style='height: 26px; width: 291px;' align='undefined' valign='undefined'&gt;Medium&amp;nbsp;&lt;/td&gt;
    &lt;/tr&gt;
    &lt;tr&gt;
      &lt;td style='width: 184px; height: 30px; font-weight: bold;' align='undefined' valign='undefined'&gt;State&lt;/td&gt;
      &lt;td style='width: 292px; height: 30px;' align='undefined' valign='undefined'&gt;Tokyo&amp;nbsp;
&lt;/td&gt;
      &lt;td style='height: 30px; width: 184px; font-weight: bold;' align='undefined' valign='undefined'&gt;Type&lt;/td&gt;
      &lt;td style='height: 30px; width: 291px;' align='undefined' valign='undefined'&gt;Earthquake&amp;nbsp;&lt;/td&gt;
    &lt;/tr&gt;
    &lt;tr&gt;
      &lt;td style='width: 184px; height: 24px; font-weight: bold;' align='undefined' valign='undefined'&gt;City&lt;/td&gt;
      &lt;td style='width: 292px; height: 24px;' align='undefined' valign='undefined'&gt;tokyo&amp;nbsp;
&lt;/td&gt;
      &lt;td style='height: 24px; width: 184px; font-weight: bold;' align='undefined' valign='undefined'&gt;Date&lt;/td&gt;
      &lt;td style='height: 24px; width: 291px;' align='undefined' valign='undefined'&gt;2011-04-07&amp;nbsp;
&lt;/td&gt;
    &lt;/tr&gt;
    &lt;tr&gt;
      &lt;td style='width: 184px; height: 26px; font-weight: bold;' align='undefined' valign='undefined'&gt;Deaths&lt;/td&gt;
      &lt;td style='width: 292px; height: 26px;' align='undefined' valign='undefined'&gt;0&amp;nbsp;
&lt;/td&gt;
      &lt;td style='height: 26px; width: 184px; font-weight: bold;' align='undefined' valign='undefined'&gt;Url&lt;/td&gt;
      &lt;td style='height: 26px; width: 291px;' align='undefined' valign='undefined'&gt;&lt;A href='http://abcnews.go.com/International/71-magnitite-earthquake-strikes-damaged-northeast-japan/story?id=13318962'&gt;Link to News&amp;nbsp;&lt;/A&gt;
&lt;/td&gt;
    &lt;/tr&gt;
    &lt;tr&gt;
      &lt;td style='width: 184px; height: 90px; font-weight: bold;' align='undefined' valign='undefined'&gt;Description&lt;/td&gt;
      &lt;td colspan='3' rowspan='1' style='height: 90px; width: 291px;' align='undefined' valign='undefined'&gt;A huge earthquake has again rattled northeast Japan in the same area where a devastating quake struck last month, triggering three-foot tsunami and the immediate evacuation of the coast. &#xD;
&amp;nbsp;
&lt;/td&gt;
    &lt;/tr&gt;
  &lt;/tbody&gt;
&lt;/table&gt;</description>
                <styleUrl>#style17x93317</styleUrl>
                <Point>
                    <extrude xmlns:ns5="http://www.w3.org/2001/XMLSchema-instance" xmlns:ns6="http://www.w3.org/2001/XMLSchema" ns5:type="ns6:boolean">false</extrude>
                    <altitudeMode>clampToGround</altitudeMode>
                    <coordinates>139.7555,35.6805</coordinates>
                </Point>
            </Placemark>
            <Placemark>
                <name>M-Russia</name>
                <visibility xmlns:ns5="http://www.w3.org/2001/XMLSchema-instance" xmlns:ns6="http://www.w3.org/2001/XMLSchema" ns5:type="ns6:boolean">true</visibility>
                <open xmlns:ns5="http://www.w3.org/2001/XMLSchema-instance" xmlns:ns6="http://www.w3.org/2001/XMLSchema" ns5:type="ns6:boolean">true</open>
                <address>Novoslobodskaya Street 23,Moscow,Moscow City,Russian Federation</address>
                <description>&lt;table style='text-align: left; width: 480px; height: 240px;' border='1' border-color='gray' border-style='solid' cellpadding='2' cellspacing='2'&gt;
&lt;tbody&gt;
    &lt;tr style='font-weight: bold;'&gt;
		&lt;td style='height: 78px; width: 184px;' align='undefined' valign='undefined'&gt;&lt;span style='font-weight: normal;'&gt;&lt;img src='http:\\66.216.18.155\Razient\iconsgi\customer.png'/&gt;&lt;/span&gt;&lt;/td&gt;
		&lt;td colspan='3' rowspan='1' style='height: 78px; width: 291px;' align='undefined' valign='undefined'&gt;Name: M-Russia&amp;nbsp;&lt;br&gt; Address: Novoslobodskaya Street 23 - Moscow - Moscow City - Russian Federation&amp;nbsp;&lt;br&gt; Phone Number: &amp;nbsp;&lt;br&gt; Email: &amp;nbsp;&lt;br&gt; Primary Contact: &amp;nbsp;&lt;/td&gt;
    &lt;/tr&gt;
    &lt;tr&gt;
	   &lt;td colspan='3' rowspan='1' style='height: 0px; width: 291px;' align='undefined' valign='undefined'&gt;&amp;nbsp;&lt;/td&gt;
    &lt;/tr&gt;
  &lt;/tbody&gt;
&lt;/table&gt;</description>
                <styleUrl>#style0x70000</styleUrl>
                <Point>
                    <extrude xmlns:ns5="http://www.w3.org/2001/XMLSchema-instance" xmlns:ns6="http://www.w3.org/2001/XMLSchema" ns5:type="ns6:boolean">false</extrude>
                    <altitudeMode>clampToGround</altitudeMode>
                    <coordinates>37.598366,55.781475</coordinates>
                </Point>
            </Placemark>
            <Placemark>
                <name> Incident : Fire at consumer goods warehouse in Moscow claims five lives</name>
                <visibility xmlns:ns5="http://www.w3.org/2001/XMLSchema-instance" xmlns:ns6="http://www.w3.org/2001/XMLSchema" ns5:type="ns6:boolean">true</visibility>
                <open xmlns:ns5="http://www.w3.org/2001/XMLSchema-instance" xmlns:ns6="http://www.w3.org/2001/XMLSchema" ns5:type="ns6:boolean">false</open>
                <description>&lt;table style='text-align: left; width: 480px; height: 240px;' border='1' border-color='gray' border-style='solid' cellpadding='2' cellspacing='2'&gt;
&lt;tbody&gt;
    &lt;tr style='font-weight: bold;'&gt;
		&lt;td style='height: 78px; width: 184px;' align='undefined' valign='undefined'&gt;&lt;span style='font-weight: normal;'&gt;&lt;img src='http:\\66.216.18.155\Razient\iconsgi\suppliers.gif'/&gt;&lt;/span&gt;&lt;/td&gt;
		&lt;td colspan='3' rowspan='1' style='height: 78px; width: 291px;' align='undefined' valign='undefined'&gt;M-Russia&amp;nbsp;
Novoslobodskaya Street 23&amp;nbsp;&lt;/td&gt;
    &lt;/tr&gt;
    &lt;tr&gt;
      &lt;td style='height: 0px; width: 184px; text-align: left;' valign='undefined'&gt;&lt;span style='font-weight: bold;'&gt;Summary:&lt;/span&gt;&lt;/td&gt;
	   &lt;td colspan='3' rowspan='1' style='height: 0px; width: 291px;' align='undefined' valign='undefined'&gt;Fire at consumer goods warehouse in Moscow claims five lives&amp;nbsp;&lt;/td&gt;
    &lt;/tr&gt;
    &lt;tr&gt;
      &lt;td style='width: 184px; height: 26px; font-weight: bold;' align='undefined' valign='undefined'&gt;Country&lt;/td&gt;
      &lt;td style='width: 292px; height: 26px;' align='undefined' valign='undefined'&gt;Russian Federation&amp;nbsp;&lt;/td&gt;
      &lt;td style='height: 26px; width: 184px; font-weight: bold;' align='undefined' valign='undefined'&gt;Severity	&lt;/td&gt;
      &lt;td style='height: 26px; width: 291px;' align='undefined' valign='undefined'&gt;High&amp;nbsp;&lt;/td&gt;
    &lt;/tr&gt;
    &lt;tr&gt;
      &lt;td style='width: 184px; height: 30px; font-weight: bold;' align='undefined' valign='undefined'&gt;State&lt;/td&gt;
      &lt;td style='width: 292px; height: 30px;' align='undefined' valign='undefined'&gt;Moscow City&amp;nbsp;
&lt;/td&gt;
      &lt;td style='height: 30px; width: 184px; font-weight: bold;' align='undefined' valign='undefined'&gt;Type&lt;/td&gt;
      &lt;td style='height: 30px; width: 291px;' align='undefined' valign='undefined'&gt;Fire&amp;nbsp;&lt;/td&gt;
    &lt;/tr&gt;
    &lt;tr&gt;
      &lt;td style='width: 184px; height: 24px; font-weight: bold;' align='undefined' valign='undefined'&gt;City&lt;/td&gt;
      &lt;td style='width: 292px; height: 24px;' align='undefined' valign='undefined'&gt;Moscow&amp;nbsp;
&lt;/td&gt;
      &lt;td style='height: 24px; width: 184px; font-weight: bold;' align='undefined' valign='undefined'&gt;Date&lt;/td&gt;
      &lt;td style='height: 24px; width: 291px;' align='undefined' valign='undefined'&gt;2011-04-07&amp;nbsp;
&lt;/td&gt;
    &lt;/tr&gt;
    &lt;tr&gt;
      &lt;td style='width: 184px; height: 26px; font-weight: bold;' align='undefined' valign='undefined'&gt;Deaths&lt;/td&gt;
      &lt;td style='width: 292px; height: 26px;' align='undefined' valign='undefined'&gt;5&amp;nbsp;
&lt;/td&gt;
      &lt;td style='height: 26px; width: 184px; font-weight: bold;' align='undefined' valign='undefined'&gt;Url&lt;/td&gt;
      &lt;td style='height: 26px; width: 291px;' align='undefined' valign='undefined'&gt;&lt;A href='http://www.itar-tass.com/eng/level2.html?NewsID=16129424&amp;PageNum=0'&gt;Link to News&amp;nbsp;&lt;/A&gt;
&lt;/td&gt;
    &lt;/tr&gt;
    &lt;tr&gt;
      &lt;td style='width: 184px; height: 90px; font-weight: bold;' align='undefined' valign='undefined'&gt;Description&lt;/td&gt;
      &lt;td colspan='3' rowspan='1' style='height: 90px; width: 291px;' align='undefined' valign='undefined'&gt;According to earlier reports, the fire broke out at a warehouse located in Angarskaya street in Moscows eastern suburb overnight to Thursday&amp;nbsp;
&lt;/td&gt;
    &lt;/tr&gt;
  &lt;/tbody&gt;
&lt;/table&gt;</description>
                <styleUrl>#style9x93309</styleUrl>
                <Point>
                    <extrude xmlns:ns5="http://www.w3.org/2001/XMLSchema-instance" xmlns:ns6="http://www.w3.org/2001/XMLSchema" ns5:type="ns6:boolean">false</extrude>
                    <altitudeMode>clampToGround</altitudeMode>
                    <coordinates>37.6111,55.7477</coordinates>
                </Point>
            </Placemark>
            <Placemark>
                <name>M-Japan</name>
                <visibility xmlns:ns5="http://www.w3.org/2001/XMLSchema-instance" xmlns:ns6="http://www.w3.org/2001/XMLSchema" ns5:type="ns6:boolean">true</visibility>
                <open xmlns:ns5="http://www.w3.org/2001/XMLSchema-instance" xmlns:ns6="http://www.w3.org/2001/XMLSchema" ns5:type="ns6:boolean">true</open>
                <address>Sanno Grand Building - 8F 2-14-2 Nagatacho,Tokyo,Tokyo,Japan</address>
                <description>&lt;table style='text-align: left; width: 480px; height: 240px;' border='1' border-color='gray' border-style='solid' cellpadding='2' cellspacing='2'&gt;
&lt;tbody&gt;
    &lt;tr style='font-weight: bold;'&gt;
		&lt;td style='height: 78px; width: 184px;' align='undefined' valign='undefined'&gt;&lt;span style='font-weight: normal;'&gt;&lt;img src='http:\\66.216.18.155\Razient\iconsgi\customer.png'/&gt;&lt;/span&gt;&lt;/td&gt;
		&lt;td colspan='3' rowspan='1' style='height: 78px; width: 291px;' align='undefined' valign='undefined'&gt;Name: M-Japan&amp;nbsp;&lt;br&gt; Address: Sanno Grand Building - 8F 2-14-2 Nagatacho - Tokyo - Tokyo - Japan&amp;nbsp;&lt;br&gt; Phone Number: &amp;nbsp;&lt;br&gt; Email: &amp;nbsp;&lt;br&gt; Primary Contact: &amp;nbsp;&lt;/td&gt;
    &lt;/tr&gt;
    &lt;tr&gt;
	   &lt;td colspan='3' rowspan='1' style='height: 0px; width: 291px;' align='undefined' valign='undefined'&gt;&amp;nbsp;&lt;/td&gt;
    &lt;/tr&gt;
  &lt;/tbody&gt;
&lt;/table&gt;</description>
                <styleUrl>#style0x70000</styleUrl>
                <Point>
                    <extrude xmlns:ns5="http://www.w3.org/2001/XMLSchema-instance" xmlns:ns6="http://www.w3.org/2001/XMLSchema" ns5:type="ns6:boolean">false</extrude>
                    <altitudeMode>clampToGround</altitudeMode>
                    <coordinates>139.751,35.685</coordinates>
                </Point>
            </Placemark>
            <Placemark>
                <name> Incident : Fishing Group Protests Fukushima Radioactive Dump as Tokyo Sales Plummet</name>
                <visibility xmlns:ns5="http://www.w3.org/2001/XMLSchema-instance" xmlns:ns6="http://www.w3.org/2001/XMLSchema" ns5:type="ns6:boolean">true</visibility>
                <open xmlns:ns5="http://www.w3.org/2001/XMLSchema-instance" xmlns:ns6="http://www.w3.org/2001/XMLSchema" ns5:type="ns6:boolean">false</open>
                <description>&lt;table style='text-align: left; width: 480px; height: 240px;' border='1' border-color='gray' border-style='solid' cellpadding='2' cellspacing='2'&gt;
&lt;tbody&gt;
    &lt;tr style='font-weight: bold;'&gt;
		&lt;td style='height: 78px; width: 184px;' align='undefined' valign='undefined'&gt;&lt;span style='font-weight: normal;'&gt;&lt;img src='http:\\66.216.18.155\Razient\iconsgi\suppliers.gif'/&gt;&lt;/span&gt;&lt;/td&gt;
		&lt;td colspan='3' rowspan='1' style='height: 78px; width: 291px;' align='undefined' valign='undefined'&gt;M-Japan&amp;nbsp;
Sanno Grand Building - 8F 2-14-2 Nagatacho&amp;nbsp;&lt;/td&gt;
    &lt;/tr&gt;
    &lt;tr&gt;
      &lt;td style='height: 0px; width: 184px; text-align: left;' valign='undefined'&gt;&lt;span style='font-weight: bold;'&gt;Summary:&lt;/span&gt;&lt;/td&gt;
	   &lt;td colspan='3' rowspan='1' style='height: 0px; width: 291px;' align='undefined' valign='undefined'&gt;Fishing Group Protests Fukushima Radioactive Dump as Tokyo Sales Plummet&amp;nbsp;&lt;/td&gt;
    &lt;/tr&gt;
    &lt;tr&gt;
      &lt;td style='width: 184px; height: 26px; font-weight: bold;' align='undefined' valign='undefined'&gt;Country&lt;/td&gt;
      &lt;td style='width: 292px; height: 26px;' align='undefined' valign='undefined'&gt;Japan&amp;nbsp;&lt;/td&gt;
      &lt;td style='height: 26px; width: 184px; font-weight: bold;' align='undefined' valign='undefined'&gt;Severity	&lt;/td&gt;
      &lt;td style='height: 26px; width: 291px;' align='undefined' valign='undefined'&gt;Medium&amp;nbsp;&lt;/td&gt;
    &lt;/tr&gt;
    &lt;tr&gt;
      &lt;td style='width: 184px; height: 30px; font-weight: bold;' align='undefined' valign='undefined'&gt;State&lt;/td&gt;
      &lt;td style='width: 292px; height: 30px;' align='undefined' valign='undefined'&gt;Tokyo&amp;nbsp;
&lt;/td&gt;
      &lt;td style='height: 30px; width: 184px; font-weight: bold;' align='undefined' valign='undefined'&gt;Type&lt;/td&gt;
      &lt;td style='height: 30px; width: 291px;' align='undefined' valign='undefined'&gt;Protests&amp;nbsp;&lt;/td&gt;
    &lt;/tr&gt;
    &lt;tr&gt;
      &lt;td style='width: 184px; height: 24px; font-weight: bold;' align='undefined' valign='undefined'&gt;City&lt;/td&gt;
      &lt;td style='width: 292px; height: 24px;' align='undefined' valign='undefined'&gt;Tokyo&amp;nbsp;
&lt;/td&gt;
      &lt;td style='height: 24px; width: 184px; font-weight: bold;' align='undefined' valign='undefined'&gt;Date&lt;/td&gt;
      &lt;td style='height: 24px; width: 291px;' align='undefined' valign='undefined'&gt;2011-04-05&amp;nbsp;
&lt;/td&gt;
    &lt;/tr&gt;
    &lt;tr&gt;
      &lt;td style='width: 184px; height: 26px; font-weight: bold;' align='undefined' valign='undefined'&gt;Deaths&lt;/td&gt;
      &lt;td style='width: 292px; height: 26px;' align='undefined' valign='undefined'&gt;0&amp;nbsp;
&lt;/td&gt;
      &lt;td style='height: 26px; width: 184px; font-weight: bold;' align='undefined' valign='undefined'&gt;Url&lt;/td&gt;
      &lt;td style='height: 26px; width: 291px;' align='undefined' valign='undefined'&gt;&lt;A href='http://www.bloomberg.com/news/2011-04-05/fishing-group-protests-fukushima-radioactive-dump-as-tokyo-sales-plummet.html'&gt;Link to News&amp;nbsp;&lt;/A&gt;
&lt;/td&gt;
    &lt;/tr&gt;
    &lt;tr&gt;
      &lt;td style='width: 184px; height: 90px; font-weight: bold;' align='undefined' valign='undefined'&gt;Description&lt;/td&gt;
      &lt;td colspan='3' rowspan='1' style='height: 90px; width: 291px;' align='undefined' valign='undefined'&gt;A fishing industry group in northern Japan protested Tokyo Electric Power Co.s decision to dump radioactive water into the sea in Fukushima, saying it may damage their fishery forever.&amp;nbsp;
&lt;/td&gt;
    &lt;/tr&gt;
  &lt;/tbody&gt;
&lt;/table&gt;</description>
                <styleUrl>#style7x93307</styleUrl>
                <Point>
                    <extrude xmlns:ns5="http://www.w3.org/2001/XMLSchema-instance" xmlns:ns6="http://www.w3.org/2001/XMLSchema" ns5:type="ns6:boolean">false</extrude>
                    <altitudeMode>clampToGround</altitudeMode>
                    <coordinates>139.751,35.6805</coordinates>
                </Point>
            </Placemark>
            <Placemark>
                <name>M-Thailand</name>
                <visibility xmlns:ns5="http://www.w3.org/2001/XMLSchema-instance" xmlns:ns6="http://www.w3.org/2001/XMLSchema" ns5:type="ns6:boolean">true</visibility>
                <open xmlns:ns5="http://www.w3.org/2001/XMLSchema-instance" xmlns:ns6="http://www.w3.org/2001/XMLSchema" ns5:type="ns6:boolean">true</open>
                <address>3195/8 Rama IV Road,bangkok,Krung Thep,Thailand</address>
                <description>&lt;table style='text-align: left; width: 480px; height: 240px;' border='1' border-color='gray' border-style='solid' cellpadding='2' cellspacing='2'&gt;
&lt;tbody&gt;
    &lt;tr style='font-weight: bold;'&gt;
		&lt;td style='height: 78px; width: 184px;' align='undefined' valign='undefined'&gt;&lt;span style='font-weight: normal;'&gt;&lt;img src='http:\\66.216.18.155\Razient\iconsgi\customer.png'/&gt;&lt;/span&gt;&lt;/td&gt;
		&lt;td colspan='3' rowspan='1' style='height: 78px; width: 291px;' align='undefined' valign='undefined'&gt;Name: M-Thailand&amp;nbsp;&lt;br&gt; Address: 3195/8 Rama IV Road - bangkok - Krung Thep - Thailand&amp;nbsp;&lt;br&gt; Phone Number: &amp;nbsp;&lt;br&gt; Email: &amp;nbsp;&lt;br&gt; Primary Contact: &amp;nbsp;&lt;/td&gt;
    &lt;/tr&gt;
    &lt;tr&gt;
	   &lt;td colspan='3' rowspan='1' style='height: 0px; width: 291px;' align='undefined' valign='undefined'&gt;&amp;nbsp;&lt;/td&gt;
    &lt;/tr&gt;
  &lt;/tbody&gt;
&lt;/table&gt;</description>
                <styleUrl>#style0x70000</styleUrl>
                <Point>
                    <extrude xmlns:ns5="http://www.w3.org/2001/XMLSchema-instance" xmlns:ns6="http://www.w3.org/2001/XMLSchema" ns5:type="ns6:boolean">false</extrude>
                    <altitudeMode>clampToGround</altitudeMode>
                    <coordinates>100.5444,13.726336</coordinates>
                </Point>
            </Placemark>
            <Placemark>
                <name> Incident : Flood related deaths rises to 51: Public Health Minister&#xD;
</name>
                <visibility xmlns:ns5="http://www.w3.org/2001/XMLSchema-instance" xmlns:ns6="http://www.w3.org/2001/XMLSchema" ns5:type="ns6:boolean">true</visibility>
                <open xmlns:ns5="http://www.w3.org/2001/XMLSchema-instance" xmlns:ns6="http://www.w3.org/2001/XMLSchema" ns5:type="ns6:boolean">false</open>
                <description>&lt;table style='text-align: left; width: 480px; height: 240px;' border='1' border-color='gray' border-style='solid' cellpadding='2' cellspacing='2'&gt;
&lt;tbody&gt;
    &lt;tr style='font-weight: bold;'&gt;
		&lt;td style='height: 78px; width: 184px;' align='undefined' valign='undefined'&gt;&lt;span style='font-weight: normal;'&gt;&lt;img src='http:\\66.216.18.155\Razient\iconsgi\suppliers.gif'/&gt;&lt;/span&gt;&lt;/td&gt;
		&lt;td colspan='3' rowspan='1' style='height: 78px; width: 291px;' align='undefined' valign='undefined'&gt;M-Thailand&amp;nbsp;
3195/8 Rama IV Road&amp;nbsp;&lt;/td&gt;
    &lt;/tr&gt;
    &lt;tr&gt;
      &lt;td style='height: 0px; width: 184px; text-align: left;' valign='undefined'&gt;&lt;span style='font-weight: bold;'&gt;Summary:&lt;/span&gt;&lt;/td&gt;
	   &lt;td colspan='3' rowspan='1' style='height: 0px; width: 291px;' align='undefined' valign='undefined'&gt;Flood related deaths rises to 51: Public Health Minister&#xD;
&amp;nbsp;&lt;/td&gt;
    &lt;/tr&gt;
    &lt;tr&gt;
      &lt;td style='width: 184px; height: 26px; font-weight: bold;' align='undefined' valign='undefined'&gt;Country&lt;/td&gt;
      &lt;td style='width: 292px; height: 26px;' align='undefined' valign='undefined'&gt;Thailand&amp;nbsp;&lt;/td&gt;
      &lt;td style='height: 26px; width: 184px; font-weight: bold;' align='undefined' valign='undefined'&gt;Severity	&lt;/td&gt;
      &lt;td style='height: 26px; width: 291px;' align='undefined' valign='undefined'&gt;High&amp;nbsp;&lt;/td&gt;
    &lt;/tr&gt;
    &lt;tr&gt;
      &lt;td style='width: 184px; height: 30px; font-weight: bold;' align='undefined' valign='undefined'&gt;State&lt;/td&gt;
      &lt;td style='width: 292px; height: 30px;' align='undefined' valign='undefined'&gt;Krung Thep&amp;nbsp;
&lt;/td&gt;
      &lt;td style='height: 30px; width: 184px; font-weight: bold;' align='undefined' valign='undefined'&gt;Type&lt;/td&gt;
      &lt;td style='height: 30px; width: 291px;' align='undefined' valign='undefined'&gt;Flood&amp;nbsp;&lt;/td&gt;
    &lt;/tr&gt;
    &lt;tr&gt;
      &lt;td style='width: 184px; height: 24px; font-weight: bold;' align='undefined' valign='undefined'&gt;City&lt;/td&gt;
      &lt;td style='width: 292px; height: 24px;' align='undefined' valign='undefined'&gt;bangkok&amp;nbsp;
&lt;/td&gt;
      &lt;td style='height: 24px; width: 184px; font-weight: bold;' align='undefined' valign='undefined'&gt;Date&lt;/td&gt;
      &lt;td style='height: 24px; width: 291px;' align='undefined' valign='undefined'&gt;2011-04-04&amp;nbsp;
&lt;/td&gt;
    &lt;/tr&gt;
    &lt;tr&gt;
      &lt;td style='width: 184px; height: 26px; font-weight: bold;' align='undefined' valign='undefined'&gt;Deaths&lt;/td&gt;
      &lt;td style='width: 292px; height: 26px;' align='undefined' valign='undefined'&gt;51&amp;nbsp;
&lt;/td&gt;
      &lt;td style='height: 26px; width: 184px; font-weight: bold;' align='undefined' valign='undefined'&gt;Url&lt;/td&gt;
      &lt;td style='height: 26px; width: 291px;' align='undefined' valign='undefined'&gt;&lt;A href='http://www.mcot.net/cfcustom/cache_page/190866.html'&gt;Link to News&amp;nbsp;&lt;/A&gt;
&lt;/td&gt;
    &lt;/tr&gt;
    &lt;tr&gt;
      &lt;td style='width: 184px; height: 90px; font-weight: bold;' align='undefined' valign='undefined'&gt;Description&lt;/td&gt;
      &lt;td colspan='3' rowspan='1' style='height: 90px; width: 291px;' align='undefined' valign='undefined'&gt;The death toll from flooding triggered by unseasonal rain in Thailands South rose to 51 on Monday, with almost 30,000 people ill with flood related maladies, according to the Public Health Ministry.&#xD;
&amp;nbsp;
&lt;/td&gt;
    &lt;/tr&gt;
  &lt;/tbody&gt;
&lt;/table&gt;</description>
                <styleUrl>#style8x93308</styleUrl>
                <Point>
                    <extrude xmlns:ns5="http://www.w3.org/2001/XMLSchema-instance" xmlns:ns6="http://www.w3.org/2001/XMLSchema" ns5:type="ns6:boolean">false</extrude>
                    <altitudeMode>clampToGround</altitudeMode>
                    <coordinates>100.52149999999999,13.7545</coordinates>
                </Point>
            </Placemark>
            <Placemark>
                <name>M-Thailand</name>
                <visibility xmlns:ns5="http://www.w3.org/2001/XMLSchema-instance" xmlns:ns6="http://www.w3.org/2001/XMLSchema" ns5:type="ns6:boolean">true</visibility>
                <open xmlns:ns5="http://www.w3.org/2001/XMLSchema-instance" xmlns:ns6="http://www.w3.org/2001/XMLSchema" ns5:type="ns6:boolean">true</open>
                <address>3195/8 Rama IV Road,bangkok,Krung Thep,Thailand</address>
                <description>&lt;table style='text-align: left; width: 480px; height: 240px;' border='1' border-color='gray' border-style='solid' cellpadding='2' cellspacing='2'&gt;
&lt;tbody&gt;
    &lt;tr style='font-weight: bold;'&gt;
		&lt;td style='height: 78px; width: 184px;' align='undefined' valign='undefined'&gt;&lt;span style='font-weight: normal;'&gt;&lt;img src='http:\\66.216.18.155\Razient\iconsgi\customer.png'/&gt;&lt;/span&gt;&lt;/td&gt;
		&lt;td colspan='3' rowspan='1' style='height: 78px; width: 291px;' align='undefined' valign='undefined'&gt;Name: M-Thailand&amp;nbsp;&lt;br&gt; Address: 3195/8 Rama IV Road - bangkok - Krung Thep - Thailand&amp;nbsp;&lt;br&gt; Phone Number: &amp;nbsp;&lt;br&gt; Email: &amp;nbsp;&lt;br&gt; Primary Contact: &amp;nbsp;&lt;/td&gt;
    &lt;/tr&gt;
    &lt;tr&gt;
	   &lt;td colspan='3' rowspan='1' style='height: 0px; width: 291px;' align='undefined' valign='undefined'&gt;&amp;nbsp;&lt;/td&gt;
    &lt;/tr&gt;
  &lt;/tbody&gt;
&lt;/table&gt;</description>
                <styleUrl>#style0x70000</styleUrl>
                <Point>
                    <extrude xmlns:ns5="http://www.w3.org/2001/XMLSchema-instance" xmlns:ns6="http://www.w3.org/2001/XMLSchema" ns5:type="ns6:boolean">false</extrude>
                    <altitudeMode>clampToGround</altitudeMode>
                    <coordinates>100.5444,13.726336</coordinates>
                </Point>
            </Placemark>
            <Placemark>
                <name> Incident : 25 dead in Thai floods</name>
                <visibility xmlns:ns5="http://www.w3.org/2001/XMLSchema-instance" xmlns:ns6="http://www.w3.org/2001/XMLSchema" ns5:type="ns6:boolean">true</visibility>
                <open xmlns:ns5="http://www.w3.org/2001/XMLSchema-instance" xmlns:ns6="http://www.w3.org/2001/XMLSchema" ns5:type="ns6:boolean">false</open>
                <description>&lt;table style='text-align: left; width: 480px; height: 240px;' border='1' border-color='gray' border-style='solid' cellpadding='2' cellspacing='2'&gt;
&lt;tbody&gt;
    &lt;tr style='font-weight: bold;'&gt;
		&lt;td style='height: 78px; width: 184px;' align='undefined' valign='undefined'&gt;&lt;span style='font-weight: normal;'&gt;&lt;img src='http:\\66.216.18.155\Razient\iconsgi\suppliers.gif'/&gt;&lt;/span&gt;&lt;/td&gt;
		&lt;td colspan='3' rowspan='1' style='height: 78px; width: 291px;' align='undefined' valign='undefined'&gt;M-Thailand&amp;nbsp;
3195/8 Rama IV Road&amp;nbsp;&lt;/td&gt;
    &lt;/tr&gt;
    &lt;tr&gt;
      &lt;td style='height: 0px; width: 184px; text-align: left;' valign='undefined'&gt;&lt;span style='font-weight: bold;'&gt;Summary:&lt;/span&gt;&lt;/td&gt;
	   &lt;td colspan='3' rowspan='1' style='height: 0px; width: 291px;' align='undefined' valign='undefined'&gt;25 dead in Thai floods&amp;nbsp;&lt;/td&gt;
    &lt;/tr&gt;
    &lt;tr&gt;
      &lt;td style='width: 184px; height: 26px; font-weight: bold;' align='undefined' valign='undefined'&gt;Country&lt;/td&gt;
      &lt;td style='width: 292px; height: 26px;' align='undefined' valign='undefined'&gt;Thailand&amp;nbsp;&lt;/td&gt;
      &lt;td style='height: 26px; width: 184px; font-weight: bold;' align='undefined' valign='undefined'&gt;Severity	&lt;/td&gt;
      &lt;td style='height: 26px; width: 291px;' align='undefined' valign='undefined'&gt;High&amp;nbsp;&lt;/td&gt;
    &lt;/tr&gt;
    &lt;tr&gt;
      &lt;td style='width: 184px; height: 30px; font-weight: bold;' align='undefined' valign='undefined'&gt;State&lt;/td&gt;
      &lt;td style='width: 292px; height: 30px;' align='undefined' valign='undefined'&gt;Krung Thep&amp;nbsp;
&lt;/td&gt;
      &lt;td style='height: 30px; width: 184px; font-weight: bold;' align='undefined' valign='undefined'&gt;Type&lt;/td&gt;
      &lt;td style='height: 30px; width: 291px;' align='undefined' valign='undefined'&gt;Heavy Rainfall&amp;nbsp;&lt;/td&gt;
    &lt;/tr&gt;
    &lt;tr&gt;
      &lt;td style='width: 184px; height: 24px; font-weight: bold;' align='undefined' valign='undefined'&gt;City&lt;/td&gt;
      &lt;td style='width: 292px; height: 24px;' align='undefined' valign='undefined'&gt;bangkok&amp;nbsp;
&lt;/td&gt;
      &lt;td style='height: 24px; width: 184px; font-weight: bold;' align='undefined' valign='undefined'&gt;Date&lt;/td&gt;
      &lt;td style='height: 24px; width: 291px;' align='undefined' valign='undefined'&gt;2011-04-01&amp;nbsp;
&lt;/td&gt;
    &lt;/tr&gt;
    &lt;tr&gt;
      &lt;td style='width: 184px; height: 26px; font-weight: bold;' align='undefined' valign='undefined'&gt;Deaths&lt;/td&gt;
      &lt;td style='width: 292px; height: 26px;' align='undefined' valign='undefined'&gt;25&amp;nbsp;
&lt;/td&gt;
      &lt;td style='height: 26px; width: 184px; font-weight: bold;' align='undefined' valign='undefined'&gt;Url&lt;/td&gt;
      &lt;td style='height: 26px; width: 291px;' align='undefined' valign='undefined'&gt;&lt;A href='http://seattletimes.nwsource.com/html/nationworld/2014654818_apasthailandfloods.html'&gt;Link to News&amp;nbsp;&lt;/A&gt;
&lt;/td&gt;
    &lt;/tr&gt;
    &lt;tr&gt;
      &lt;td style='width: 184px; height: 90px; font-weight: bold;' align='undefined' valign='undefined'&gt;Description&lt;/td&gt;
      &lt;td colspan='3' rowspan='1' style='height: 90px; width: 291px;' align='undefined' valign='undefined'&gt;Heavy rains have finally eased in southern Thailand, where flooding and mudslides over the past week killed 25 people.&#xD;
&amp;nbsp;
&lt;/td&gt;
    &lt;/tr&gt;
  &lt;/tbody&gt;
&lt;/table&gt;</description>
                <styleUrl>#style12x93312</styleUrl>
                <Point>
                    <extrude xmlns:ns5="http://www.w3.org/2001/XMLSchema-instance" xmlns:ns6="http://www.w3.org/2001/XMLSchema" ns5:type="ns6:boolean">false</extrude>
                    <altitudeMode>clampToGround</altitudeMode>
                    <coordinates>100.52149999999999,13.75</coordinates>
                </Point>
            </Placemark>
            <Placemark>
                <name>M-Thailand</name>
                <visibility xmlns:ns5="http://www.w3.org/2001/XMLSchema-instance" xmlns:ns6="http://www.w3.org/2001/XMLSchema" ns5:type="ns6:boolean">true</visibility>
                <open xmlns:ns5="http://www.w3.org/2001/XMLSchema-instance" xmlns:ns6="http://www.w3.org/2001/XMLSchema" ns5:type="ns6:boolean">true</open>
                <address>3195/8 Rama IV Road,bangkok,Krung Thep,Thailand</address>
                <description>&lt;table style='text-align: left; width: 480px; height: 240px;' border='1' border-color='gray' border-style='solid' cellpadding='2' cellspacing='2'&gt;
&lt;tbody&gt;
    &lt;tr style='font-weight: bold;'&gt;
		&lt;td style='height: 78px; width: 184px;' align='undefined' valign='undefined'&gt;&lt;span style='font-weight: normal;'&gt;&lt;img src='http:\\66.216.18.155\Razient\iconsgi\customer.png'/&gt;&lt;/span&gt;&lt;/td&gt;
		&lt;td colspan='3' rowspan='1' style='height: 78px; width: 291px;' align='undefined' valign='undefined'&gt;Name: M-Thailand&amp;nbsp;&lt;br&gt; Address: 3195/8 Rama IV Road - bangkok - Krung Thep - Thailand&amp;nbsp;&lt;br&gt; Phone Number: &amp;nbsp;&lt;br&gt; Email: &amp;nbsp;&lt;br&gt; Primary Contact: &amp;nbsp;&lt;/td&gt;
    &lt;/tr&gt;
    &lt;tr&gt;
	   &lt;td colspan='3' rowspan='1' style='height: 0px; width: 291px;' align='undefined' valign='undefined'&gt;&amp;nbsp;&lt;/td&gt;
    &lt;/tr&gt;
  &lt;/tbody&gt;
&lt;/table&gt;</description>
                <styleUrl>#style0x70000</styleUrl>
                <Point>
                    <extrude xmlns:ns5="http://www.w3.org/2001/XMLSchema-instance" xmlns:ns6="http://www.w3.org/2001/XMLSchema" ns5:type="ns6:boolean">false</extrude>
                    <altitudeMode>clampToGround</altitudeMode>
                    <coordinates>100.5444,13.726336</coordinates>
                </Point>
            </Placemark>
            <Placemark>
                <name> Incident : Tourists evacuated &#xD;
from flooded Thai &#xD;
holiday islands</name>
                <visibility xmlns:ns5="http://www.w3.org/2001/XMLSchema-instance" xmlns:ns6="http://www.w3.org/2001/XMLSchema" ns5:type="ns6:boolean">true</visibility>
                <open xmlns:ns5="http://www.w3.org/2001/XMLSchema-instance" xmlns:ns6="http://www.w3.org/2001/XMLSchema" ns5:type="ns6:boolean">false</open>
                <description>&lt;table style='text-align: left; width: 480px; height: 240px;' border='1' border-color='gray' border-style='solid' cellpadding='2' cellspacing='2'&gt;
&lt;tbody&gt;
    &lt;tr style='font-weight: bold;'&gt;
		&lt;td style='height: 78px; width: 184px;' align='undefined' valign='undefined'&gt;&lt;span style='font-weight: normal;'&gt;&lt;img src='http:\\66.216.18.155\Razient\iconsgi\suppliers.gif'/&gt;&lt;/span&gt;&lt;/td&gt;
		&lt;td colspan='3' rowspan='1' style='height: 78px; width: 291px;' align='undefined' valign='undefined'&gt;M-Thailand&amp;nbsp;
3195/8 Rama IV Road&amp;nbsp;&lt;/td&gt;
    &lt;/tr&gt;
    &lt;tr&gt;
      &lt;td style='height: 0px; width: 184px; text-align: left;' valign='undefined'&gt;&lt;span style='font-weight: bold;'&gt;Summary:&lt;/span&gt;&lt;/td&gt;
	   &lt;td colspan='3' rowspan='1' style='height: 0px; width: 291px;' align='undefined' valign='undefined'&gt;Tourists evacuated &#xD;
from flooded Thai &#xD;
holiday islands&amp;nbsp;&lt;/td&gt;
    &lt;/tr&gt;
    &lt;tr&gt;
      &lt;td style='width: 184px; height: 26px; font-weight: bold;' align='undefined' valign='undefined'&gt;Country&lt;/td&gt;
      &lt;td style='width: 292px; height: 26px;' align='undefined' valign='undefined'&gt;Thailand&amp;nbsp;&lt;/td&gt;
      &lt;td style='height: 26px; width: 184px; font-weight: bold;' align='undefined' valign='undefined'&gt;Severity	&lt;/td&gt;
      &lt;td style='height: 26px; width: 291px;' align='undefined' valign='undefined'&gt;Medium&amp;nbsp;&lt;/td&gt;
    &lt;/tr&gt;
    &lt;tr&gt;
      &lt;td style='width: 184px; height: 30px; font-weight: bold;' align='undefined' valign='undefined'&gt;State&lt;/td&gt;
      &lt;td style='width: 292px; height: 30px;' align='undefined' valign='undefined'&gt;Krung Thep&amp;nbsp;
&lt;/td&gt;
      &lt;td style='height: 30px; width: 184px; font-weight: bold;' align='undefined' valign='undefined'&gt;Type&lt;/td&gt;
      &lt;td style='height: 30px; width: 291px;' align='undefined' valign='undefined'&gt;Flood&amp;nbsp;&lt;/td&gt;
    &lt;/tr&gt;
    &lt;tr&gt;
      &lt;td style='width: 184px; height: 24px; font-weight: bold;' align='undefined' valign='undefined'&gt;City&lt;/td&gt;
      &lt;td style='width: 292px; height: 24px;' align='undefined' valign='undefined'&gt;bangkok&amp;nbsp;
&lt;/td&gt;
      &lt;td style='height: 24px; width: 184px; font-weight: bold;' align='undefined' valign='undefined'&gt;Date&lt;/td&gt;
      &lt;td style='height: 24px; width: 291px;' align='undefined' valign='undefined'&gt;2011-03-31&amp;nbsp;
&lt;/td&gt;
    &lt;/tr&gt;
    &lt;tr&gt;
      &lt;td style='width: 184px; height: 26px; font-weight: bold;' align='undefined' valign='undefined'&gt;Deaths&lt;/td&gt;
      &lt;td style='width: 292px; height: 26px;' align='undefined' valign='undefined'&gt;0&amp;nbsp;
&lt;/td&gt;
      &lt;td style='height: 26px; width: 184px; font-weight: bold;' align='undefined' valign='undefined'&gt;Url&lt;/td&gt;
      &lt;td style='height: 26px; width: 291px;' align='undefined' valign='undefined'&gt;&lt;A href='http://www.americanbankingnews.com/2011/03/31/tourists-&#xD;
evacuated-from-flooded-thai-holiday-islands/'&gt;Link to News&amp;nbsp;&lt;/A&gt;
&lt;/td&gt;
    &lt;/tr&gt;
    &lt;tr&gt;
      &lt;td style='width: 184px; height: 90px; font-weight: bold;' align='undefined' valign='undefined'&gt;Description&lt;/td&gt;
      &lt;td colspan='3' rowspan='1' style='height: 90px; width: 291px;' align='undefined' valign='undefined'&gt;Thai Navy evacuates tourists from some of Thailands most popular &#xD;
holiday islands hit by fatal floods and mudslides&amp;nbsp;
&lt;/td&gt;
    &lt;/tr&gt;
  &lt;/tbody&gt;
&lt;/table&gt;</description>
                <styleUrl>#style8x93308</styleUrl>
                <Point>
                    <extrude xmlns:ns5="http://www.w3.org/2001/XMLSchema-instance" xmlns:ns6="http://www.w3.org/2001/XMLSchema" ns5:type="ns6:boolean">false</extrude>
                    <altitudeMode>clampToGround</altitudeMode>
                    <coordinates>100.52149999999999,13.7455</coordinates>
                </Point>
            </Placemark>
            <Placemark>
                <name>M-Japan</name>
                <visibility xmlns:ns5="http://www.w3.org/2001/XMLSchema-instance" xmlns:ns6="http://www.w3.org/2001/XMLSchema" ns5:type="ns6:boolean">true</visibility>
                <open xmlns:ns5="http://www.w3.org/2001/XMLSchema-instance" xmlns:ns6="http://www.w3.org/2001/XMLSchema" ns5:type="ns6:boolean">true</open>
                <address>Sanno Grand Building - 8F 2-14-2 Nagatacho,tokyo,Tokyo,Japan</address>
                <description>&lt;table style='text-align: left; width: 480px; height: 240px;' border='1' border-color='gray' border-style='solid' cellpadding='2' cellspacing='2'&gt;
&lt;tbody&gt;
    &lt;tr style='font-weight: bold;'&gt;
		&lt;td style='height: 78px; width: 184px;' align='undefined' valign='undefined'&gt;&lt;span style='font-weight: normal;'&gt;&lt;img src='http:\\66.216.18.155\Razient\iconsgi\customer.png'/&gt;&lt;/span&gt;&lt;/td&gt;
		&lt;td colspan='3' rowspan='1' style='height: 78px; width: 291px;' align='undefined' valign='undefined'&gt;Name: M-Japan&amp;nbsp;&lt;br&gt; Address: Sanno Grand Building - 8F 2-14-2 Nagatacho - tokyo - Tokyo - Japan&amp;nbsp;&lt;br&gt; Phone Number: &amp;nbsp;&lt;br&gt; Email: &amp;nbsp;&lt;br&gt; Primary Contact: &amp;nbsp;&lt;/td&gt;
    &lt;/tr&gt;
    &lt;tr&gt;
	   &lt;td colspan='3' rowspan='1' style='height: 0px; width: 291px;' align='undefined' valign='undefined'&gt;&amp;nbsp;&lt;/td&gt;
    &lt;/tr&gt;
  &lt;/tbody&gt;
&lt;/table&gt;</description>
                <styleUrl>#style0x70000</styleUrl>
                <Point>
                    <extrude xmlns:ns5="http://www.w3.org/2001/XMLSchema-instance" xmlns:ns6="http://www.w3.org/2001/XMLSchema" ns5:type="ns6:boolean">false</extrude>
                    <altitudeMode>clampToGround</altitudeMode>
                    <coordinates>139.751,35.685</coordinates>
                </Point>
            </Placemark>
            <Placemark>
                <name> Incident : 6.2 magnitude quake hits northeast Japan</name>
                <visibility xmlns:ns5="http://www.w3.org/2001/XMLSchema-instance" xmlns:ns6="http://www.w3.org/2001/XMLSchema" ns5:type="ns6:boolean">true</visibility>
                <open xmlns:ns5="http://www.w3.org/2001/XMLSchema-instance" xmlns:ns6="http://www.w3.org/2001/XMLSchema" ns5:type="ns6:boolean">false</open>
                <description>&lt;table style='text-align: left; width: 480px; height: 240px;' border='1' border-color='gray' border-style='solid' cellpadding='2' cellspacing='2'&gt;
&lt;tbody&gt;
    &lt;tr style='font-weight: bold;'&gt;
		&lt;td style='height: 78px; width: 184px;' align='undefined' valign='undefined'&gt;&lt;span style='font-weight: normal;'&gt;&lt;img src='http:\\66.216.18.155\Razient\iconsgi\suppliers.gif'/&gt;&lt;/span&gt;&lt;/td&gt;
		&lt;td colspan='3' rowspan='1' style='height: 78px; width: 291px;' align='undefined' valign='undefined'&gt;M-Japan&amp;nbsp;
Sanno Grand Building - 8F 2-14-2 Nagatacho&amp;nbsp;&lt;/td&gt;
    &lt;/tr&gt;
    &lt;tr&gt;
      &lt;td style='height: 0px; width: 184px; text-align: left;' valign='undefined'&gt;&lt;span style='font-weight: bold;'&gt;Summary:&lt;/span&gt;&lt;/td&gt;
	   &lt;td colspan='3' rowspan='1' style='height: 0px; width: 291px;' align='undefined' valign='undefined'&gt;6.2 magnitude quake hits northeast Japan&amp;nbsp;&lt;/td&gt;
    &lt;/tr&gt;
    &lt;tr&gt;
      &lt;td style='width: 184px; height: 26px; font-weight: bold;' align='undefined' valign='undefined'&gt;Country&lt;/td&gt;
      &lt;td style='width: 292px; height: 26px;' align='undefined' valign='undefined'&gt;Japan&amp;nbsp;&lt;/td&gt;
      &lt;td style='height: 26px; width: 184px; font-weight: bold;' align='undefined' valign='undefined'&gt;Severity	&lt;/td&gt;
      &lt;td style='height: 26px; width: 291px;' align='undefined' valign='undefined'&gt;Medium&amp;nbsp;&lt;/td&gt;
    &lt;/tr&gt;
    &lt;tr&gt;
      &lt;td style='width: 184px; height: 30px; font-weight: bold;' align='undefined' valign='undefined'&gt;State&lt;/td&gt;
      &lt;td style='width: 292px; height: 30px;' align='undefined' valign='undefined'&gt;Tokyo&amp;nbsp;
&lt;/td&gt;
      &lt;td style='height: 30px; width: 184px; font-weight: bold;' align='undefined' valign='undefined'&gt;Type&lt;/td&gt;
      &lt;td style='height: 30px; width: 291px;' align='undefined' valign='undefined'&gt;Earthquake&amp;nbsp;&lt;/td&gt;
    &lt;/tr&gt;
    &lt;tr&gt;
      &lt;td style='width: 184px; height: 24px; font-weight: bold;' align='undefined' valign='undefined'&gt;City&lt;/td&gt;
      &lt;td style='width: 292px; height: 24px;' align='undefined' valign='undefined'&gt;tokyo&amp;nbsp;
&lt;/td&gt;
      &lt;td style='height: 24px; width: 184px; font-weight: bold;' align='undefined' valign='undefined'&gt;Date&lt;/td&gt;
      &lt;td style='height: 24px; width: 291px;' align='undefined' valign='undefined'&gt;2011-03-31&amp;nbsp;
&lt;/td&gt;
    &lt;/tr&gt;
    &lt;tr&gt;
      &lt;td style='width: 184px; height: 26px; font-weight: bold;' align='undefined' valign='undefined'&gt;Deaths&lt;/td&gt;
      &lt;td style='width: 292px; height: 26px;' align='undefined' valign='undefined'&gt;0&amp;nbsp;
&lt;/td&gt;
      &lt;td style='height: 26px; width: 184px; font-weight: bold;' align='undefined' valign='undefined'&gt;Url&lt;/td&gt;
      &lt;td style='height: 26px; width: 291px;' align='undefined' valign='undefined'&gt;&lt;A href='http://www.heraldsun.com.au/news/breaking-news/magnitude-quake-hits-northeast-japan/story-e6frf7jx-1226031585748'&gt;Link to News&amp;nbsp;&lt;/A&gt;
&lt;/td&gt;
    &lt;/tr&gt;
    &lt;tr&gt;
      &lt;td style='width: 184px; height: 90px; font-weight: bold;' align='undefined' valign='undefined'&gt;Description&lt;/td&gt;
      &lt;td colspan='3' rowspan='1' style='height: 90px; width: 291px;' align='undefined' valign='undefined'&gt;The quake struck at 6.15pm AEDT about 417 kilometres northeast of Tokyo, at a depth of 39.6 kilometres, the USGS said.&#xD;
&amp;nbsp;
&lt;/td&gt;
    &lt;/tr&gt;
  &lt;/tbody&gt;
&lt;/table&gt;</description>
                <styleUrl>#style17x93317</styleUrl>
                <Point>
                    <extrude xmlns:ns5="http://www.w3.org/2001/XMLSchema-instance" xmlns:ns6="http://www.w3.org/2001/XMLSchema" ns5:type="ns6:boolean">false</extrude>
                    <altitudeMode>clampToGround</altitudeMode>
                    <coordinates>139.7465,35.6805</coordinates>
                </Point>
            </Placemark>
            <Placemark>
                <name>M-Russia</name>
                <visibility xmlns:ns5="http://www.w3.org/2001/XMLSchema-instance" xmlns:ns6="http://www.w3.org/2001/XMLSchema" ns5:type="ns6:boolean">true</visibility>
                <open xmlns:ns5="http://www.w3.org/2001/XMLSchema-instance" xmlns:ns6="http://www.w3.org/2001/XMLSchema" ns5:type="ns6:boolean">true</open>
                <address>Novoslobodskaya Street 23,Moscow,Moscow City,Russian Federation</address>
                <description>&lt;table style='text-align: left; width: 480px; height: 240px;' border='1' border-color='gray' border-style='solid' cellpadding='2' cellspacing='2'&gt;
&lt;tbody&gt;
    &lt;tr style='font-weight: bold;'&gt;
		&lt;td style='height: 78px; width: 184px;' align='undefined' valign='undefined'&gt;&lt;span style='font-weight: normal;'&gt;&lt;img src='http:\\66.216.18.155\Razient\iconsgi\customer.png'/&gt;&lt;/span&gt;&lt;/td&gt;
		&lt;td colspan='3' rowspan='1' style='height: 78px; width: 291px;' align='undefined' valign='undefined'&gt;Name: M-Russia&amp;nbsp;&lt;br&gt; Address: Novoslobodskaya Street 23 - Moscow - Moscow City - Russian Federation&amp;nbsp;&lt;br&gt; Phone Number: &amp;nbsp;&lt;br&gt; Email: &amp;nbsp;&lt;br&gt; Primary Contact: &amp;nbsp;&lt;/td&gt;
    &lt;/tr&gt;
    &lt;tr&gt;
	   &lt;td colspan='3' rowspan='1' style='height: 0px; width: 291px;' align='undefined' valign='undefined'&gt;&amp;nbsp;&lt;/td&gt;
    &lt;/tr&gt;
  &lt;/tbody&gt;
&lt;/table&gt;</description>
                <styleUrl>#style0x70000</styleUrl>
                <Point>
                    <extrude xmlns:ns5="http://www.w3.org/2001/XMLSchema-instance" xmlns:ns6="http://www.w3.org/2001/XMLSchema" ns5:type="ns6:boolean">false</extrude>
                    <altitudeMode>clampToGround</altitudeMode>
                    <coordinates>37.598366,55.781475</coordinates>
                </Point>
            </Placemark>
            <Placemark>
                <name> Incident : Moscow riot police detain 36 in protest attempt</name>
                <visibility xmlns:ns5="http://www.w3.org/2001/XMLSchema-instance" xmlns:ns6="http://www.w3.org/2001/XMLSchema" ns5:type="ns6:boolean">true</visibility>
                <open xmlns:ns5="http://www.w3.org/2001/XMLSchema-instance" xmlns:ns6="http://www.w3.org/2001/XMLSchema" ns5:type="ns6:boolean">false</open>
                <description>&lt;table style='text-align: left; width: 480px; height: 240px;' border='1' border-color='gray' border-style='solid' cellpadding='2' cellspacing='2'&gt;
&lt;tbody&gt;
    &lt;tr style='font-weight: bold;'&gt;
		&lt;td style='height: 78px; width: 184px;' align='undefined' valign='undefined'&gt;&lt;span style='font-weight: normal;'&gt;&lt;img src='http:\\66.216.18.155\Razient\iconsgi\suppliers.gif'/&gt;&lt;/span&gt;&lt;/td&gt;
		&lt;td colspan='3' rowspan='1' style='height: 78px; width: 291px;' align='undefined' valign='undefined'&gt;M-Russia&amp;nbsp;
Novoslobodskaya Street 23&amp;nbsp;&lt;/td&gt;
    &lt;/tr&gt;
    &lt;tr&gt;
      &lt;td style='height: 0px; width: 184px; text-align: left;' valign='undefined'&gt;&lt;span style='font-weight: bold;'&gt;Summary:&lt;/span&gt;&lt;/td&gt;
	   &lt;td colspan='3' rowspan='1' style='height: 0px; width: 291px;' align='undefined' valign='undefined'&gt;Moscow riot police detain 36 in protest attempt&amp;nbsp;&lt;/td&gt;
    &lt;/tr&gt;
    &lt;tr&gt;
      &lt;td style='width: 184px; height: 26px; font-weight: bold;' align='undefined' valign='undefined'&gt;Country&lt;/td&gt;
      &lt;td style='width: 292px; height: 26px;' align='undefined' valign='undefined'&gt;Russian Federation&amp;nbsp;&lt;/td&gt;
      &lt;td style='height: 26px; width: 184px; font-weight: bold;' align='undefined' valign='undefined'&gt;Severity	&lt;/td&gt;
      &lt;td style='height: 26px; width: 291px;' align='undefined' valign='undefined'&gt;Medium&amp;nbsp;&lt;/td&gt;
    &lt;/tr&gt;
    &lt;tr&gt;
      &lt;td style='width: 184px; height: 30px; font-weight: bold;' align='undefined' valign='undefined'&gt;State&lt;/td&gt;
      &lt;td style='width: 292px; height: 30px;' align='undefined' valign='undefined'&gt;Moscow City&amp;nbsp;
&lt;/td&gt;
      &lt;td style='height: 30px; width: 184px; font-weight: bold;' align='undefined' valign='undefined'&gt;Type&lt;/td&gt;
      &lt;td style='height: 30px; width: 291px;' align='undefined' valign='undefined'&gt;Protests&amp;nbsp;&lt;/td&gt;
    &lt;/tr&gt;
    &lt;tr&gt;
      &lt;td style='width: 184px; height: 24px; font-weight: bold;' align='undefined' valign='undefined'&gt;City&lt;/td&gt;
      &lt;td style='width: 292px; height: 24px;' align='undefined' valign='undefined'&gt;Moscow&amp;nbsp;
&lt;/td&gt;
      &lt;td style='height: 24px; width: 184px; font-weight: bold;' align='undefined' valign='undefined'&gt;Date&lt;/td&gt;
      &lt;td style='height: 24px; width: 291px;' align='undefined' valign='undefined'&gt;2011-03-31&amp;nbsp;
&lt;/td&gt;
    &lt;/tr&gt;
    &lt;tr&gt;
      &lt;td style='width: 184px; height: 26px; font-weight: bold;' align='undefined' valign='undefined'&gt;Deaths&lt;/td&gt;
      &lt;td style='width: 292px; height: 26px;' align='undefined' valign='undefined'&gt;0&amp;nbsp;
&lt;/td&gt;
      &lt;td style='height: 26px; width: 184px; font-weight: bold;' align='undefined' valign='undefined'&gt;Url&lt;/td&gt;
      &lt;td style='height: 26px; width: 291px;' align='undefined' valign='undefined'&gt;&lt;A href='http://www.google.com/hostednews/canadianpress/article/ALeqM5hHMILTrdBPaV9Oy1fu784fSNkcAw?docId=6421471'&gt;Link to News&amp;nbsp;&lt;/A&gt;
&lt;/td&gt;
    &lt;/tr&gt;
    &lt;tr&gt;
      &lt;td style='width: 184px; height: 90px; font-weight: bold;' align='undefined' valign='undefined'&gt;Description&lt;/td&gt;
      &lt;td colspan='3' rowspan='1' style='height: 90px; width: 291px;' align='undefined' valign='undefined'&gt;Russian police arrested 36 people trying to take part in an unauthorized anti-government protest in Moscow on Thursday.&amp;nbsp;
&lt;/td&gt;
    &lt;/tr&gt;
  &lt;/tbody&gt;
&lt;/table&gt;</description>
                <styleUrl>#style7x93307</styleUrl>
                <Point>
                    <extrude xmlns:ns5="http://www.w3.org/2001/XMLSchema-instance" xmlns:ns6="http://www.w3.org/2001/XMLSchema" ns5:type="ns6:boolean">false</extrude>
                    <altitudeMode>clampToGround</altitudeMode>
                    <coordinates>37.6076,55.7522</coordinates>
                </Point>
            </Placemark>
            <Placemark>
                <name>M-Japan</name>
                <visibility xmlns:ns5="http://www.w3.org/2001/XMLSchema-instance" xmlns:ns6="http://www.w3.org/2001/XMLSchema" ns5:type="ns6:boolean">true</visibility>
                <open xmlns:ns5="http://www.w3.org/2001/XMLSchema-instance" xmlns:ns6="http://www.w3.org/2001/XMLSchema" ns5:type="ns6:boolean">true</open>
                <address>Sanno Grand Building - 8F 2-14-2 Nagatacho,Tokyo,Tokyo,Japan</address>
                <description>&lt;table style='text-align: left; width: 480px; height: 240px;' border='1' border-color='gray' border-style='solid' cellpadding='2' cellspacing='2'&gt;
&lt;tbody&gt;
    &lt;tr style='font-weight: bold;'&gt;
		&lt;td style='height: 78px; width: 184px;' align='undefined' valign='undefined'&gt;&lt;span style='font-weight: normal;'&gt;&lt;img src='http:\\66.216.18.155\Razient\iconsgi\customer.png'/&gt;&lt;/span&gt;&lt;/td&gt;
		&lt;td colspan='3' rowspan='1' style='height: 78px; width: 291px;' align='undefined' valign='undefined'&gt;Name: M-Japan&amp;nbsp;&lt;br&gt; Address: Sanno Grand Building - 8F 2-14-2 Nagatacho - Tokyo - Tokyo - Japan&amp;nbsp;&lt;br&gt; Phone Number: &amp;nbsp;&lt;br&gt; Email: &amp;nbsp;&lt;br&gt; Primary Contact: &amp;nbsp;&lt;/td&gt;
    &lt;/tr&gt;
    &lt;tr&gt;
	   &lt;td colspan='3' rowspan='1' style='height: 0px; width: 291px;' align='undefined' valign='undefined'&gt;&amp;nbsp;&lt;/td&gt;
    &lt;/tr&gt;
  &lt;/tbody&gt;
&lt;/table&gt;</description>
                <styleUrl>#style0x70000</styleUrl>
                <Point>
                    <extrude xmlns:ns5="http://www.w3.org/2001/XMLSchema-instance" xmlns:ns6="http://www.w3.org/2001/XMLSchema" ns5:type="ns6:boolean">false</extrude>
                    <altitudeMode>clampToGround</altitudeMode>
                    <coordinates>139.751,35.685</coordinates>
                </Point>
            </Placemark>
            <Placemark>
                <name> Incident : Radioactivity 10,000 times standard at Japan plant</name>
                <visibility xmlns:ns5="http://www.w3.org/2001/XMLSchema-instance" xmlns:ns6="http://www.w3.org/2001/XMLSchema" ns5:type="ns6:boolean">true</visibility>
                <open xmlns:ns5="http://www.w3.org/2001/XMLSchema-instance" xmlns:ns6="http://www.w3.org/2001/XMLSchema" ns5:type="ns6:boolean">false</open>
                <description>&lt;table style='text-align: left; width: 480px; height: 240px;' border='1' border-color='gray' border-style='solid' cellpadding='2' cellspacing='2'&gt;
&lt;tbody&gt;
    &lt;tr style='font-weight: bold;'&gt;
		&lt;td style='height: 78px; width: 184px;' align='undefined' valign='undefined'&gt;&lt;span style='font-weight: normal;'&gt;&lt;img src='http:\\66.216.18.155\Razient\iconsgi\suppliers.gif'/&gt;&lt;/span&gt;&lt;/td&gt;
		&lt;td colspan='3' rowspan='1' style='height: 78px; width: 291px;' align='undefined' valign='undefined'&gt;M-Japan&amp;nbsp;
Sanno Grand Building - 8F 2-14-2 Nagatacho&amp;nbsp;&lt;/td&gt;
    &lt;/tr&gt;
    &lt;tr&gt;
      &lt;td style='height: 0px; width: 184px; text-align: left;' valign='undefined'&gt;&lt;span style='font-weight: bold;'&gt;Summary:&lt;/span&gt;&lt;/td&gt;
	   &lt;td colspan='3' rowspan='1' style='height: 0px; width: 291px;' align='undefined' valign='undefined'&gt;Radioactivity 10,000 times standard at Japan plant&amp;nbsp;&lt;/td&gt;
    &lt;/tr&gt;
    &lt;tr&gt;
      &lt;td style='width: 184px; height: 26px; font-weight: bold;' align='undefined' valign='undefined'&gt;Country&lt;/td&gt;
      &lt;td style='width: 292px; height: 26px;' align='undefined' valign='undefined'&gt;Japan&amp;nbsp;&lt;/td&gt;
      &lt;td style='height: 26px; width: 184px; font-weight: bold;' align='undefined' valign='undefined'&gt;Severity	&lt;/td&gt;
      &lt;td style='height: 26px; width: 291px;' align='undefined' valign='undefined'&gt;High&amp;nbsp;&lt;/td&gt;
    &lt;/tr&gt;
    &lt;tr&gt;
      &lt;td style='width: 184px; height: 30px; font-weight: bold;' align='undefined' valign='undefined'&gt;State&lt;/td&gt;
      &lt;td style='width: 292px; height: 30px;' align='undefined' valign='undefined'&gt;Tokyo&amp;nbsp;
&lt;/td&gt;
      &lt;td style='height: 30px; width: 184px; font-weight: bold;' align='undefined' valign='undefined'&gt;Type&lt;/td&gt;
      &lt;td style='height: 30px; width: 291px;' align='undefined' valign='undefined'&gt;World Health organization&amp;nbsp;&lt;/td&gt;
    &lt;/tr&gt;
    &lt;tr&gt;
      &lt;td style='width: 184px; height: 24px; font-weight: bold;' align='undefined' valign='undefined'&gt;City&lt;/td&gt;
      &lt;td style='width: 292px; height: 24px;' align='undefined' valign='undefined'&gt;Tokyo&amp;nbsp;
&lt;/td&gt;
      &lt;td style='height: 24px; width: 184px; font-weight: bold;' align='undefined' valign='undefined'&gt;Date&lt;/td&gt;
      &lt;td style='height: 24px; width: 291px;' align='undefined' valign='undefined'&gt;2011-03-31&amp;nbsp;
&lt;/td&gt;
    &lt;/tr&gt;
    &lt;tr&gt;
      &lt;td style='width: 184px; height: 26px; font-weight: bold;' align='undefined' valign='undefined'&gt;Deaths&lt;/td&gt;
      &lt;td style='width: 292px; height: 26px;' align='undefined' valign='undefined'&gt;0&amp;nbsp;
&lt;/td&gt;
      &lt;td style='height: 26px; width: 184px; font-weight: bold;' align='undefined' valign='undefined'&gt;Url&lt;/td&gt;
      &lt;td style='height: 26px; width: 291px;' align='undefined' valign='undefined'&gt;&lt;A href='http://www.cbsnews.com/stories/2011/03/31/ap/business/main20049287.shtml'&gt;Link to News&amp;nbsp;&lt;/A&gt;
&lt;/td&gt;
    &lt;/tr&gt;
    &lt;tr&gt;
      &lt;td style='width: 184px; height: 90px; font-weight: bold;' align='undefined' valign='undefined'&gt;Description&lt;/td&gt;
      &lt;td colspan='3' rowspan='1' style='height: 90px; width: 291px;' align='undefined' valign='undefined'&gt;Officials with the company that operates Japans tsunami-stricken nuclear plant say radioactive contamination in groundwater underneath a reactor has been measured at 10,000 times the government health standard&amp;nbsp;
&lt;/td&gt;
    &lt;/tr&gt;
  &lt;/tbody&gt;
&lt;/table&gt;</description>
                <styleUrl>#style24x93324</styleUrl>
                <Point>
                    <extrude xmlns:ns5="http://www.w3.org/2001/XMLSchema-instance" xmlns:ns6="http://www.w3.org/2001/XMLSchema" ns5:type="ns6:boolean">false</extrude>
                    <altitudeMode>clampToGround</altitudeMode>
                    <coordinates>139.743,35.685</coordinates>
                </Point>
            </Placemark>
            <Placemark>
                <name>M-Thailand</name>
                <visibility xmlns:ns5="http://www.w3.org/2001/XMLSchema-instance" xmlns:ns6="http://www.w3.org/2001/XMLSchema" ns5:type="ns6:boolean">true</visibility>
                <open xmlns:ns5="http://www.w3.org/2001/XMLSchema-instance" xmlns:ns6="http://www.w3.org/2001/XMLSchema" ns5:type="ns6:boolean">true</open>
                <address>3195/8 Rama IV Road,bangkok,Krung Thep,Thailand</address>
                <description>&lt;table style='text-align: left; width: 480px; height: 240px;' border='1' border-color='gray' border-style='solid' cellpadding='2' cellspacing='2'&gt;
&lt;tbody&gt;
    &lt;tr style='font-weight: bold;'&gt;
		&lt;td style='height: 78px; width: 184px;' align='undefined' valign='undefined'&gt;&lt;span style='font-weight: normal;'&gt;&lt;img src='http:\\66.216.18.155\Razient\iconsgi\customer.png'/&gt;&lt;/span&gt;&lt;/td&gt;
		&lt;td colspan='3' rowspan='1' style='height: 78px; width: 291px;' align='undefined' valign='undefined'&gt;Name: M-Thailand&amp;nbsp;&lt;br&gt; Address: 3195/8 Rama IV Road - bangkok - Krung Thep - Thailand&amp;nbsp;&lt;br&gt; Phone Number: &amp;nbsp;&lt;br&gt; Email: &amp;nbsp;&lt;br&gt; Primary Contact: &amp;nbsp;&lt;/td&gt;
    &lt;/tr&gt;
    &lt;tr&gt;
	   &lt;td colspan='3' rowspan='1' style='height: 0px; width: 291px;' align='undefined' valign='undefined'&gt;&amp;nbsp;&lt;/td&gt;
    &lt;/tr&gt;
  &lt;/tbody&gt;
&lt;/table&gt;</description>
                <styleUrl>#style0x70000</styleUrl>
                <Point>
                    <extrude xmlns:ns5="http://www.w3.org/2001/XMLSchema-instance" xmlns:ns6="http://www.w3.org/2001/XMLSchema" ns5:type="ns6:boolean">false</extrude>
                    <altitudeMode>clampToGround</altitudeMode>
                    <coordinates>100.5444,13.726336</coordinates>
                </Point>
            </Placemark>
            <Placemark>
                <name> Incident : At least 21 killed in &#xD;
Thailand flooding</name>
                <visibility xmlns:ns5="http://www.w3.org/2001/XMLSchema-instance" xmlns:ns6="http://www.w3.org/2001/XMLSchema" ns5:type="ns6:boolean">true</visibility>
                <open xmlns:ns5="http://www.w3.org/2001/XMLSchema-instance" xmlns:ns6="http://www.w3.org/2001/XMLSchema" ns5:type="ns6:boolean">false</open>
                <description>&lt;table style='text-align: left; width: 480px; height: 240px;' border='1' border-color='gray' border-style='solid' cellpadding='2' cellspacing='2'&gt;
&lt;tbody&gt;
    &lt;tr style='font-weight: bold;'&gt;
		&lt;td style='height: 78px; width: 184px;' align='undefined' valign='undefined'&gt;&lt;span style='font-weight: normal;'&gt;&lt;img src='http:\\66.216.18.155\Razient\iconsgi\suppliers.gif'/&gt;&lt;/span&gt;&lt;/td&gt;
		&lt;td colspan='3' rowspan='1' style='height: 78px; width: 291px;' align='undefined' valign='undefined'&gt;M-Thailand&amp;nbsp;
3195/8 Rama IV Road&amp;nbsp;&lt;/td&gt;
    &lt;/tr&gt;
    &lt;tr&gt;
      &lt;td style='height: 0px; width: 184px; text-align: left;' valign='undefined'&gt;&lt;span style='font-weight: bold;'&gt;Summary:&lt;/span&gt;&lt;/td&gt;
	   &lt;td colspan='3' rowspan='1' style='height: 0px; width: 291px;' align='undefined' valign='undefined'&gt;At least 21 killed in &#xD;
Thailand flooding&amp;nbsp;&lt;/td&gt;
    &lt;/tr&gt;
    &lt;tr&gt;
      &lt;td style='width: 184px; height: 26px; font-weight: bold;' align='undefined' valign='undefined'&gt;Country&lt;/td&gt;
      &lt;td style='width: 292px; height: 26px;' align='undefined' valign='undefined'&gt;Thailand&amp;nbsp;&lt;/td&gt;
      &lt;td style='height: 26px; width: 184px; font-weight: bold;' align='undefined' valign='undefined'&gt;Severity	&lt;/td&gt;
      &lt;td style='height: 26px; width: 291px;' align='undefined' valign='undefined'&gt;Critical&amp;nbsp;&lt;/td&gt;
    &lt;/tr&gt;
    &lt;tr&gt;
      &lt;td style='width: 184px; height: 30px; font-weight: bold;' align='undefined' valign='undefined'&gt;State&lt;/td&gt;
      &lt;td style='width: 292px; height: 30px;' align='undefined' valign='undefined'&gt;Krung Thep&amp;nbsp;
&lt;/td&gt;
      &lt;td style='height: 30px; width: 184px; font-weight: bold;' align='undefined' valign='undefined'&gt;Type&lt;/td&gt;
      &lt;td style='height: 30px; width: 291px;' align='undefined' valign='undefined'&gt;Flood&amp;nbsp;&lt;/td&gt;
    &lt;/tr&gt;
    &lt;tr&gt;
      &lt;td style='width: 184px; height: 24px; font-weight: bold;' align='undefined' valign='undefined'&gt;City&lt;/td&gt;
      &lt;td style='width: 292px; height: 24px;' align='undefined' valign='undefined'&gt;bangkok&amp;nbsp;
&lt;/td&gt;
      &lt;td style='height: 24px; width: 184px; font-weight: bold;' align='undefined' valign='undefined'&gt;Date&lt;/td&gt;
      &lt;td style='height: 24px; width: 291px;' align='undefined' valign='undefined'&gt;2011-03-30&amp;nbsp;
&lt;/td&gt;
    &lt;/tr&gt;
    &lt;tr&gt;
      &lt;td style='width: 184px; height: 26px; font-weight: bold;' align='undefined' valign='undefined'&gt;Deaths&lt;/td&gt;
      &lt;td style='width: 292px; height: 26px;' align='undefined' valign='undefined'&gt;21&amp;nbsp;
&lt;/td&gt;
      &lt;td style='height: 26px; width: 184px; font-weight: bold;' align='undefined' valign='undefined'&gt;Url&lt;/td&gt;
      &lt;td style='height: 26px; width: 291px;' align='undefined' valign='undefined'&gt;&lt;A href='http://edition.cnn.com/2011/WORLD/asiapcf/03/30/thailand.floods/'&gt;Link to News&amp;nbsp;&lt;/A&gt;
&lt;/td&gt;
    &lt;/tr&gt;
    &lt;tr&gt;
      &lt;td style='width: 184px; height: 90px; font-weight: bold;' align='undefined' valign='undefined'&gt;Description&lt;/td&gt;
      &lt;td colspan='3' rowspan='1' style='height: 90px; width: 291px;' align='undefined' valign='undefined'&gt;At least 21 people are dead after flash floods swept through &#xD;
eight provinces in southern Thailand, according to the country's &#xD;
Interior Ministry&amp;nbsp;
&lt;/td&gt;
    &lt;/tr&gt;
  &lt;/tbody&gt;
&lt;/table&gt;</description>
                <styleUrl>#style8x93308</styleUrl>
                <Point>
                    <extrude xmlns:ns5="http://www.w3.org/2001/XMLSchema-instance" xmlns:ns6="http://www.w3.org/2001/XMLSchema" ns5:type="ns6:boolean">false</extrude>
                    <altitudeMode>clampToGround</altitudeMode>
                    <coordinates>100.517,13.7455</coordinates>
                </Point>
            </Placemark>
            <Placemark>
                <name>M-Thailand</name>
                <visibility xmlns:ns5="http://www.w3.org/2001/XMLSchema-instance" xmlns:ns6="http://www.w3.org/2001/XMLSchema" ns5:type="ns6:boolean">true</visibility>
                <open xmlns:ns5="http://www.w3.org/2001/XMLSchema-instance" xmlns:ns6="http://www.w3.org/2001/XMLSchema" ns5:type="ns6:boolean">true</open>
                <address>3195/8 Rama IV Road,bangkok,Krung Thep,Thailand</address>
                <description>&lt;table style='text-align: left; width: 480px; height: 240px;' border='1' border-color='gray' border-style='solid' cellpadding='2' cellspacing='2'&gt;
&lt;tbody&gt;
    &lt;tr style='font-weight: bold;'&gt;
		&lt;td style='height: 78px; width: 184px;' align='undefined' valign='undefined'&gt;&lt;span style='font-weight: normal;'&gt;&lt;img src='http:\\66.216.18.155\Razient\iconsgi\customer.png'/&gt;&lt;/span&gt;&lt;/td&gt;
		&lt;td colspan='3' rowspan='1' style='height: 78px; width: 291px;' align='undefined' valign='undefined'&gt;Name: M-Thailand&amp;nbsp;&lt;br&gt; Address: 3195/8 Rama IV Road - bangkok - Krung Thep - Thailand&amp;nbsp;&lt;br&gt; Phone Number: &amp;nbsp;&lt;br&gt; Email: &amp;nbsp;&lt;br&gt; Primary Contact: &amp;nbsp;&lt;/td&gt;
    &lt;/tr&gt;
    &lt;tr&gt;
	   &lt;td colspan='3' rowspan='1' style='height: 0px; width: 291px;' align='undefined' valign='undefined'&gt;&amp;nbsp;&lt;/td&gt;
    &lt;/tr&gt;
  &lt;/tbody&gt;
&lt;/table&gt;</description>
                <styleUrl>#style0x70000</styleUrl>
                <Point>
                    <extrude xmlns:ns5="http://www.w3.org/2001/XMLSchema-instance" xmlns:ns6="http://www.w3.org/2001/XMLSchema" ns5:type="ns6:boolean">false</extrude>
                    <altitudeMode>clampToGround</altitudeMode>
                    <coordinates>100.5444,13.726336</coordinates>
                </Point>
            </Placemark>
            <Placemark>
                <name> Incident : HEAVY RAINS EXPECTED TO CONTINUE UNTIL TOMORROW; DISASTER ZONES DECLARED &#xD;
</name>
                <visibility xmlns:ns5="http://www.w3.org/2001/XMLSchema-instance" xmlns:ns6="http://www.w3.org/2001/XMLSchema" ns5:type="ns6:boolean">true</visibility>
                <open xmlns:ns5="http://www.w3.org/2001/XMLSchema-instance" xmlns:ns6="http://www.w3.org/2001/XMLSchema" ns5:type="ns6:boolean">false</open>
                <description>&lt;table style='text-align: left; width: 480px; height: 240px;' border='1' border-color='gray' border-style='solid' cellpadding='2' cellspacing='2'&gt;
&lt;tbody&gt;
    &lt;tr style='font-weight: bold;'&gt;
		&lt;td style='height: 78px; width: 184px;' align='undefined' valign='undefined'&gt;&lt;span style='font-weight: normal;'&gt;&lt;img src='http:\\66.216.18.155\Razient\iconsgi\suppliers.gif'/&gt;&lt;/span&gt;&lt;/td&gt;
		&lt;td colspan='3' rowspan='1' style='height: 78px; width: 291px;' align='undefined' valign='undefined'&gt;M-Thailand&amp;nbsp;
3195/8 Rama IV Road&amp;nbsp;&lt;/td&gt;
    &lt;/tr&gt;
    &lt;tr&gt;
      &lt;td style='height: 0px; width: 184px; text-align: left;' valign='undefined'&gt;&lt;span style='font-weight: bold;'&gt;Summary:&lt;/span&gt;&lt;/td&gt;
	   &lt;td colspan='3' rowspan='1' style='height: 0px; width: 291px;' align='undefined' valign='undefined'&gt;HEAVY RAINS EXPECTED TO CONTINUE UNTIL TOMORROW; DISASTER ZONES DECLARED &#xD;
&amp;nbsp;&lt;/td&gt;
    &lt;/tr&gt;
    &lt;tr&gt;
      &lt;td style='width: 184px; height: 26px; font-weight: bold;' align='undefined' valign='undefined'&gt;Country&lt;/td&gt;
      &lt;td style='width: 292px; height: 26px;' align='undefined' valign='undefined'&gt;Thailand&amp;nbsp;&lt;/td&gt;
      &lt;td style='height: 26px; width: 184px; font-weight: bold;' align='undefined' valign='undefined'&gt;Severity	&lt;/td&gt;
      &lt;td style='height: 26px; width: 291px;' align='undefined' valign='undefined'&gt;Medium&amp;nbsp;&lt;/td&gt;
    &lt;/tr&gt;
    &lt;tr&gt;
      &lt;td style='width: 184px; height: 30px; font-weight: bold;' align='undefined' valign='undefined'&gt;State&lt;/td&gt;
      &lt;td style='width: 292px; height: 30px;' align='undefined' valign='undefined'&gt;Krung Thep&amp;nbsp;
&lt;/td&gt;
      &lt;td style='height: 30px; width: 184px; font-weight: bold;' align='undefined' valign='undefined'&gt;Type&lt;/td&gt;
      &lt;td style='height: 30px; width: 291px;' align='undefined' valign='undefined'&gt;Flood&amp;nbsp;&lt;/td&gt;
    &lt;/tr&gt;
    &lt;tr&gt;
      &lt;td style='width: 184px; height: 24px; font-weight: bold;' align='undefined' valign='undefined'&gt;City&lt;/td&gt;
      &lt;td style='width: 292px; height: 24px;' align='undefined' valign='undefined'&gt;bangkok&amp;nbsp;
&lt;/td&gt;
      &lt;td style='height: 24px; width: 184px; font-weight: bold;' align='undefined' valign='undefined'&gt;Date&lt;/td&gt;
      &lt;td style='height: 24px; width: 291px;' align='undefined' valign='undefined'&gt;2011-03-26&amp;nbsp;
&lt;/td&gt;
    &lt;/tr&gt;
    &lt;tr&gt;
      &lt;td style='width: 184px; height: 26px; font-weight: bold;' align='undefined' valign='undefined'&gt;Deaths&lt;/td&gt;
      &lt;td style='width: 292px; height: 26px;' align='undefined' valign='undefined'&gt;0&amp;nbsp;
&lt;/td&gt;
      &lt;td style='height: 26px; width: 184px; font-weight: bold;' align='undefined' valign='undefined'&gt;Url&lt;/td&gt;
      &lt;td style='height: 26px; width: 291px;' align='undefined' valign='undefined'&gt;&lt;A href='http://www.bangkokpost.com/news/local/228789/five-southern-provinces-flooded'&gt;Link to News&amp;nbsp;&lt;/A&gt;
&lt;/td&gt;
    &lt;/tr&gt;
    &lt;tr&gt;
      &lt;td style='width: 184px; height: 90px; font-weight: bold;' align='undefined' valign='undefined'&gt;Description&lt;/td&gt;
      &lt;td colspan='3' rowspan='1' style='height: 90px; width: 291px;' align='undefined' valign='undefined'&gt;Following heavy rainfall in the South, flash floods have already hit Nakhon Si Thammarat, Phatthalung, Surat Thani, Trang and Chumphon.&#xD;
&amp;nbsp;
&lt;/td&gt;
    &lt;/tr&gt;
  &lt;/tbody&gt;
&lt;/table&gt;</description>
                <styleUrl>#style8x93308</styleUrl>
                <Point>
                    <extrude xmlns:ns5="http://www.w3.org/2001/XMLSchema-instance" xmlns:ns6="http://www.w3.org/2001/XMLSchema" ns5:type="ns6:boolean">false</extrude>
                    <altitudeMode>clampToGround</altitudeMode>
                    <coordinates>100.5125,13.7455</coordinates>
                </Point>
            </Placemark>
            <Placemark>
                <name>M-Norway</name>
                <visibility xmlns:ns5="http://www.w3.org/2001/XMLSchema-instance" xmlns:ns6="http://www.w3.org/2001/XMLSchema" ns5:type="ns6:boolean">true</visibility>
                <open xmlns:ns5="http://www.w3.org/2001/XMLSchema-instance" xmlns:ns6="http://www.w3.org/2001/XMLSchema" ns5:type="ns6:boolean">true</open>
                <address>Postboks 462,Oslo,Oslo,Norway</address>
                <description>&lt;table style='text-align: left; width: 480px; height: 240px;' border='1' border-color='gray' border-style='solid' cellpadding='2' cellspacing='2'&gt;
&lt;tbody&gt;
    &lt;tr style='font-weight: bold;'&gt;
		&lt;td style='height: 78px; width: 184px;' align='undefined' valign='undefined'&gt;&lt;span style='font-weight: normal;'&gt;&lt;img src='http:\\66.216.18.155\Razient\iconsgi\customer.png'/&gt;&lt;/span&gt;&lt;/td&gt;
		&lt;td colspan='3' rowspan='1' style='height: 78px; width: 291px;' align='undefined' valign='undefined'&gt;Name: M-Norway&amp;nbsp;&lt;br&gt; Address: Postboks 462 - Oslo - Oslo - Norway&amp;nbsp;&lt;br&gt; Phone Number: &amp;nbsp;&lt;br&gt; Email: &amp;nbsp;&lt;br&gt; Primary Contact: &amp;nbsp;&lt;/td&gt;
    &lt;/tr&gt;
    &lt;tr&gt;
	   &lt;td colspan='3' rowspan='1' style='height: 0px; width: 291px;' align='undefined' valign='undefined'&gt;&amp;nbsp;&lt;/td&gt;
    &lt;/tr&gt;
  &lt;/tbody&gt;
&lt;/table&gt;</description>
                <styleUrl>#style0x70000</styleUrl>
                <Point>
                    <extrude xmlns:ns5="http://www.w3.org/2001/XMLSchema-instance" xmlns:ns6="http://www.w3.org/2001/XMLSchema" ns5:type="ns6:boolean">false</extrude>
                    <altitudeMode>clampToGround</altitudeMode>
                    <coordinates>10.752245,59.913868</coordinates>
                </Point>
            </Placemark>
            <Placemark>
                <name> Incident : Mysterious flight closed airport</name>
                <visibility xmlns:ns5="http://www.w3.org/2001/XMLSchema-instance" xmlns:ns6="http://www.w3.org/2001/XMLSchema" ns5:type="ns6:boolean">true</visibility>
                <open xmlns:ns5="http://www.w3.org/2001/XMLSchema-instance" xmlns:ns6="http://www.w3.org/2001/XMLSchema" ns5:type="ns6:boolean">false</open>
                <description>&lt;table style='text-align: left; width: 480px; height: 240px;' border='1' border-color='gray' border-style='solid' cellpadding='2' cellspacing='2'&gt;
&lt;tbody&gt;
    &lt;tr style='font-weight: bold;'&gt;
		&lt;td style='height: 78px; width: 184px;' align='undefined' valign='undefined'&gt;&lt;span style='font-weight: normal;'&gt;&lt;img src='http:\\66.216.18.155\Razient\iconsgi\suppliers.gif'/&gt;&lt;/span&gt;&lt;/td&gt;
		&lt;td colspan='3' rowspan='1' style='height: 78px; width: 291px;' align='undefined' valign='undefined'&gt;M-Norway&amp;nbsp;
Postboks 462&amp;nbsp;&lt;/td&gt;
    &lt;/tr&gt;
    &lt;tr&gt;
      &lt;td style='height: 0px; width: 184px; text-align: left;' valign='undefined'&gt;&lt;span style='font-weight: bold;'&gt;Summary:&lt;/span&gt;&lt;/td&gt;
	   &lt;td colspan='3' rowspan='1' style='height: 0px; width: 291px;' align='undefined' valign='undefined'&gt;Mysterious flight closed airport&amp;nbsp;&lt;/td&gt;
    &lt;/tr&gt;
    &lt;tr&gt;
      &lt;td style='width: 184px; height: 26px; font-weight: bold;' align='undefined' valign='undefined'&gt;Country&lt;/td&gt;
      &lt;td style='width: 292px; height: 26px;' align='undefined' valign='undefined'&gt;Norway&amp;nbsp;&lt;/td&gt;
      &lt;td style='height: 26px; width: 184px; font-weight: bold;' align='undefined' valign='undefined'&gt;Severity	&lt;/td&gt;
      &lt;td style='height: 26px; width: 291px;' align='undefined' valign='undefined'&gt;Medium&amp;nbsp;&lt;/td&gt;
    &lt;/tr&gt;
    &lt;tr&gt;
      &lt;td style='width: 184px; height: 30px; font-weight: bold;' align='undefined' valign='undefined'&gt;State&lt;/td&gt;
      &lt;td style='width: 292px; height: 30px;' align='undefined' valign='undefined'&gt;Oslo&amp;nbsp;
&lt;/td&gt;
      &lt;td style='height: 30px; width: 184px; font-weight: bold;' align='undefined' valign='undefined'&gt;Type&lt;/td&gt;
      &lt;td style='height: 30px; width: 291px;' align='undefined' valign='undefined'&gt;Aircraft Hijacked&amp;nbsp;&lt;/td&gt;
    &lt;/tr&gt;
    &lt;tr&gt;
      &lt;td style='width: 184px; height: 24px; font-weight: bold;' align='undefined' valign='undefined'&gt;City&lt;/td&gt;
      &lt;td style='width: 292px; height: 24px;' align='undefined' valign='undefined'&gt;Oslo&amp;nbsp;
&lt;/td&gt;
      &lt;td style='height: 24px; width: 184px; font-weight: bold;' align='undefined' valign='undefined'&gt;Date&lt;/td&gt;
      &lt;td style='height: 24px; width: 291px;' align='undefined' valign='undefined'&gt;2011-03-25&amp;nbsp;
&lt;/td&gt;
    &lt;/tr&gt;
    &lt;tr&gt;
      &lt;td style='width: 184px; height: 26px; font-weight: bold;' align='undefined' valign='undefined'&gt;Deaths&lt;/td&gt;
      &lt;td style='width: 292px; height: 26px;' align='undefined' valign='undefined'&gt;0&amp;nbsp;
&lt;/td&gt;
      &lt;td style='height: 26px; width: 184px; font-weight: bold;' align='undefined' valign='undefined'&gt;Url&lt;/td&gt;
      &lt;td style='height: 26px; width: 291px;' align='undefined' valign='undefined'&gt;&lt;A href='http://www.newsinenglish.no/2011/03/25/mysterious-aircraft-halted-osl-traffic/'&gt;Link to News&amp;nbsp;&lt;/A&gt;
&lt;/td&gt;
    &lt;/tr&gt;
    &lt;tr&gt;
      &lt;td style='width: 184px; height: 90px; font-weight: bold;' align='undefined' valign='undefined'&gt;Description&lt;/td&gt;
      &lt;td colspan='3' rowspan='1' style='height: 90px; width: 291px;' align='undefined' valign='undefined'&gt;As many as 15000 passengers had their plans ruined, because their flights were sent off to land at outlying airports like Torp and Rygge, or even as far away as Fagernes and Stockholm&amp;nbsp;
&lt;/td&gt;
    &lt;/tr&gt;
  &lt;/tbody&gt;
&lt;/table&gt;</description>
                <styleUrl>#style0x93300</styleUrl>
                <Point>
                    <extrude xmlns:ns5="http://www.w3.org/2001/XMLSchema-instance" xmlns:ns6="http://www.w3.org/2001/XMLSchema" ns5:type="ns6:boolean">false</extrude>
                    <altitudeMode>clampToGround</altitudeMode>
                    <coordinates>10.7545,59.9167</coordinates>
                </Point>
            </Placemark>
            <Placemark>
                <name>M-Japan</name>
                <visibility xmlns:ns5="http://www.w3.org/2001/XMLSchema-instance" xmlns:ns6="http://www.w3.org/2001/XMLSchema" ns5:type="ns6:boolean">true</visibility>
                <open xmlns:ns5="http://www.w3.org/2001/XMLSchema-instance" xmlns:ns6="http://www.w3.org/2001/XMLSchema" ns5:type="ns6:boolean">true</open>
                <address>Sanno Grand Building - 8F 2-14-2 Nagatacho,Tokyo,Tokyo,Japan</address>
                <description>&lt;table style='text-align: left; width: 480px; height: 240px;' border='1' border-color='gray' border-style='solid' cellpadding='2' cellspacing='2'&gt;
&lt;tbody&gt;
    &lt;tr style='font-weight: bold;'&gt;
		&lt;td style='height: 78px; width: 184px;' align='undefined' valign='undefined'&gt;&lt;span style='font-weight: normal;'&gt;&lt;img src='http:\\66.216.18.155\Razient\iconsgi\customer.png'/&gt;&lt;/span&gt;&lt;/td&gt;
		&lt;td colspan='3' rowspan='1' style='height: 78px; width: 291px;' align='undefined' valign='undefined'&gt;Name: M-Japan&amp;nbsp;&lt;br&gt; Address: Sanno Grand Building - 8F 2-14-2 Nagatacho - Tokyo - Tokyo - Japan&amp;nbsp;&lt;br&gt; Phone Number: &amp;nbsp;&lt;br&gt; Email: &amp;nbsp;&lt;br&gt; Primary Contact: &amp;nbsp;&lt;/td&gt;
    &lt;/tr&gt;
    &lt;tr&gt;
	   &lt;td colspan='3' rowspan='1' style='height: 0px; width: 291px;' align='undefined' valign='undefined'&gt;&amp;nbsp;&lt;/td&gt;
    &lt;/tr&gt;
  &lt;/tbody&gt;
&lt;/table&gt;</description>
                <styleUrl>#style0x70000</styleUrl>
                <Point>
                    <extrude xmlns:ns5="http://www.w3.org/2001/XMLSchema-instance" xmlns:ns6="http://www.w3.org/2001/XMLSchema" ns5:type="ns6:boolean">false</extrude>
                    <altitudeMode>clampToGround</altitudeMode>
                    <coordinates>139.751,35.685</coordinates>
                </Point>
            </Placemark>
            <Placemark>
                <name> Incident : Radiation burns cause power plant evacuation</name>
                <visibility xmlns:ns5="http://www.w3.org/2001/XMLSchema-instance" xmlns:ns6="http://www.w3.org/2001/XMLSchema" ns5:type="ns6:boolean">true</visibility>
                <open xmlns:ns5="http://www.w3.org/2001/XMLSchema-instance" xmlns:ns6="http://www.w3.org/2001/XMLSchema" ns5:type="ns6:boolean">false</open>
                <description>&lt;table style='text-align: left; width: 480px; height: 240px;' border='1' border-color='gray' border-style='solid' cellpadding='2' cellspacing='2'&gt;
&lt;tbody&gt;
    &lt;tr style='font-weight: bold;'&gt;
		&lt;td style='height: 78px; width: 184px;' align='undefined' valign='undefined'&gt;&lt;span style='font-weight: normal;'&gt;&lt;img src='http:\\66.216.18.155\Razient\iconsgi\suppliers.gif'/&gt;&lt;/span&gt;&lt;/td&gt;
		&lt;td colspan='3' rowspan='1' style='height: 78px; width: 291px;' align='undefined' valign='undefined'&gt;M-Japan&amp;nbsp;
Sanno Grand Building - 8F 2-14-2 Nagatacho&amp;nbsp;&lt;/td&gt;
    &lt;/tr&gt;
    &lt;tr&gt;
      &lt;td style='height: 0px; width: 184px; text-align: left;' valign='undefined'&gt;&lt;span style='font-weight: bold;'&gt;Summary:&lt;/span&gt;&lt;/td&gt;
	   &lt;td colspan='3' rowspan='1' style='height: 0px; width: 291px;' align='undefined' valign='undefined'&gt;Radiation burns cause power plant evacuation&amp;nbsp;&lt;/td&gt;
    &lt;/tr&gt;
    &lt;tr&gt;
      &lt;td style='width: 184px; height: 26px; font-weight: bold;' align='undefined' valign='undefined'&gt;Country&lt;/td&gt;
      &lt;td style='width: 292px; height: 26px;' align='undefined' valign='undefined'&gt;Japan&amp;nbsp;&lt;/td&gt;
      &lt;td style='height: 26px; width: 184px; font-weight: bold;' align='undefined' valign='undefined'&gt;Severity	&lt;/td&gt;
      &lt;td style='height: 26px; width: 291px;' align='undefined' valign='undefined'&gt;Medium&amp;nbsp;&lt;/td&gt;
    &lt;/tr&gt;
    &lt;tr&gt;
      &lt;td style='width: 184px; height: 30px; font-weight: bold;' align='undefined' valign='undefined'&gt;State&lt;/td&gt;
      &lt;td style='width: 292px; height: 30px;' align='undefined' valign='undefined'&gt;Tokyo&amp;nbsp;
&lt;/td&gt;
      &lt;td style='height: 30px; width: 184px; font-weight: bold;' align='undefined' valign='undefined'&gt;Type&lt;/td&gt;
      &lt;td style='height: 30px; width: 291px;' align='undefined' valign='undefined'&gt;Chemical Spill&amp;nbsp;&lt;/td&gt;
    &lt;/tr&gt;
    &lt;tr&gt;
      &lt;td style='width: 184px; height: 24px; font-weight: bold;' align='undefined' valign='undefined'&gt;City&lt;/td&gt;
      &lt;td style='width: 292px; height: 24px;' align='undefined' valign='undefined'&gt;Tokyo&amp;nbsp;
&lt;/td&gt;
      &lt;td style='height: 24px; width: 184px; font-weight: bold;' align='undefined' valign='undefined'&gt;Date&lt;/td&gt;
      &lt;td style='height: 24px; width: 291px;' align='undefined' valign='undefined'&gt;2011-03-24&amp;nbsp;
&lt;/td&gt;
    &lt;/tr&gt;
    &lt;tr&gt;
      &lt;td style='width: 184px; height: 26px; font-weight: bold;' align='undefined' valign='undefined'&gt;Deaths&lt;/td&gt;
      &lt;td style='width: 292px; height: 26px;' align='undefined' valign='undefined'&gt;0&amp;nbsp;
&lt;/td&gt;
      &lt;td style='height: 26px; width: 184px; font-weight: bold;' align='undefined' valign='undefined'&gt;Url&lt;/td&gt;
      &lt;td style='height: 26px; width: 291px;' align='undefined' valign='undefined'&gt;&lt;A href='http://www.smh.com.au/world/radiation-burns-cause-power-plant-evacuation-20110324-1c8li.html'&gt;Link to News&amp;nbsp;&lt;/A&gt;
&lt;/td&gt;
    &lt;/tr&gt;
    &lt;tr&gt;
      &lt;td style='width: 184px; height: 90px; font-weight: bold;' align='undefined' valign='undefined'&gt;Description&lt;/td&gt;
      &lt;td colspan='3' rowspan='1' style='height: 90px; width: 291px;' align='undefined' valign='undefined'&gt;Engineers at the Fukushima Daiichi nuclear power plant were evacuated from a reactor after three men suffered radiation burns, the second retreat from the location in as many days.&#xD;
&amp;nbsp;
&lt;/td&gt;
    &lt;/tr&gt;
  &lt;/tbody&gt;
&lt;/table&gt;</description>
                <styleUrl>#style15x93315</styleUrl>
                <Point>
                    <extrude xmlns:ns5="http://www.w3.org/2001/XMLSchema-instance" xmlns:ns6="http://www.w3.org/2001/XMLSchema" ns5:type="ns6:boolean">false</extrude>
                    <altitudeMode>clampToGround</altitudeMode>
                    <coordinates>139.743,35.693000000000005</coordinates>
                </Point>
            </Placemark>
            <Placemark>
                <name>M-Japan</name>
                <visibility xmlns:ns5="http://www.w3.org/2001/XMLSchema-instance" xmlns:ns6="http://www.w3.org/2001/XMLSchema" ns5:type="ns6:boolean">true</visibility>
                <open xmlns:ns5="http://www.w3.org/2001/XMLSchema-instance" xmlns:ns6="http://www.w3.org/2001/XMLSchema" ns5:type="ns6:boolean">true</open>
                <address>Sanno Grand Building - 8F 2-14-2 Nagatacho,tokyo,Tokyo,Japan</address>
                <description>&lt;table style='text-align: left; width: 480px; height: 240px;' border='1' border-color='gray' border-style='solid' cellpadding='2' cellspacing='2'&gt;
&lt;tbody&gt;
    &lt;tr style='font-weight: bold;'&gt;
		&lt;td style='height: 78px; width: 184px;' align='undefined' valign='undefined'&gt;&lt;span style='font-weight: normal;'&gt;&lt;img src='http:\\66.216.18.155\Razient\iconsgi\customer.png'/&gt;&lt;/span&gt;&lt;/td&gt;
		&lt;td colspan='3' rowspan='1' style='height: 78px; width: 291px;' align='undefined' valign='undefined'&gt;Name: M-Japan&amp;nbsp;&lt;br&gt; Address: Sanno Grand Building - 8F 2-14-2 Nagatacho - tokyo - Tokyo - Japan&amp;nbsp;&lt;br&gt; Phone Number: &amp;nbsp;&lt;br&gt; Email: &amp;nbsp;&lt;br&gt; Primary Contact: &amp;nbsp;&lt;/td&gt;
    &lt;/tr&gt;
    &lt;tr&gt;
	   &lt;td colspan='3' rowspan='1' style='height: 0px; width: 291px;' align='undefined' valign='undefined'&gt;&amp;nbsp;&lt;/td&gt;
    &lt;/tr&gt;
  &lt;/tbody&gt;
&lt;/table&gt;</description>
                <styleUrl>#style0x70000</styleUrl>
                <Point>
                    <extrude xmlns:ns5="http://www.w3.org/2001/XMLSchema-instance" xmlns:ns6="http://www.w3.org/2001/XMLSchema" ns5:type="ns6:boolean">false</extrude>
                    <altitudeMode>clampToGround</altitudeMode>
                    <coordinates>139.751,35.685</coordinates>
                </Point>
            </Placemark>
            <Placemark>
                <name> Incident : Japanese earthquake death toll tops 9,300&#xD;
</name>
                <visibility xmlns:ns5="http://www.w3.org/2001/XMLSchema-instance" xmlns:ns6="http://www.w3.org/2001/XMLSchema" ns5:type="ns6:boolean">true</visibility>
                <open xmlns:ns5="http://www.w3.org/2001/XMLSchema-instance" xmlns:ns6="http://www.w3.org/2001/XMLSchema" ns5:type="ns6:boolean">false</open>
                <description>&lt;table style='text-align: left; width: 480px; height: 240px;' border='1' border-color='gray' border-style='solid' cellpadding='2' cellspacing='2'&gt;
&lt;tbody&gt;
    &lt;tr style='font-weight: bold;'&gt;
		&lt;td style='height: 78px; width: 184px;' align='undefined' valign='undefined'&gt;&lt;span style='font-weight: normal;'&gt;&lt;img src='http:\\66.216.18.155\Razient\iconsgi\suppliers.gif'/&gt;&lt;/span&gt;&lt;/td&gt;
		&lt;td colspan='3' rowspan='1' style='height: 78px; width: 291px;' align='undefined' valign='undefined'&gt;M-Japan&amp;nbsp;
Sanno Grand Building - 8F 2-14-2 Nagatacho&amp;nbsp;&lt;/td&gt;
    &lt;/tr&gt;
    &lt;tr&gt;
      &lt;td style='height: 0px; width: 184px; text-align: left;' valign='undefined'&gt;&lt;span style='font-weight: bold;'&gt;Summary:&lt;/span&gt;&lt;/td&gt;
	   &lt;td colspan='3' rowspan='1' style='height: 0px; width: 291px;' align='undefined' valign='undefined'&gt;Japanese earthquake death toll tops 9,300&#xD;
&amp;nbsp;&lt;/td&gt;
    &lt;/tr&gt;
    &lt;tr&gt;
      &lt;td style='width: 184px; height: 26px; font-weight: bold;' align='undefined' valign='undefined'&gt;Country&lt;/td&gt;
      &lt;td style='width: 292px; height: 26px;' align='undefined' valign='undefined'&gt;Japan&amp;nbsp;&lt;/td&gt;
      &lt;td style='height: 26px; width: 184px; font-weight: bold;' align='undefined' valign='undefined'&gt;Severity	&lt;/td&gt;
      &lt;td style='height: 26px; width: 291px;' align='undefined' valign='undefined'&gt;High&amp;nbsp;&lt;/td&gt;
    &lt;/tr&gt;
    &lt;tr&gt;
      &lt;td style='width: 184px; height: 30px; font-weight: bold;' align='undefined' valign='undefined'&gt;State&lt;/td&gt;
      &lt;td style='width: 292px; height: 30px;' align='undefined' valign='undefined'&gt;Tokyo&amp;nbsp;
&lt;/td&gt;
      &lt;td style='height: 30px; width: 184px; font-weight: bold;' align='undefined' valign='undefined'&gt;Type&lt;/td&gt;
      &lt;td style='height: 30px; width: 291px;' align='undefined' valign='undefined'&gt;Earthquake&amp;nbsp;&lt;/td&gt;
    &lt;/tr&gt;
    &lt;tr&gt;
      &lt;td style='width: 184px; height: 24px; font-weight: bold;' align='undefined' valign='undefined'&gt;City&lt;/td&gt;
      &lt;td style='width: 292px; height: 24px;' align='undefined' valign='undefined'&gt;tokyo&amp;nbsp;
&lt;/td&gt;
      &lt;td style='height: 24px; width: 184px; font-weight: bold;' align='undefined' valign='undefined'&gt;Date&lt;/td&gt;
      &lt;td style='height: 24px; width: 291px;' align='undefined' valign='undefined'&gt;2011-03-23&amp;nbsp;
&lt;/td&gt;
    &lt;/tr&gt;
    &lt;tr&gt;
      &lt;td style='width: 184px; height: 26px; font-weight: bold;' align='undefined' valign='undefined'&gt;Deaths&lt;/td&gt;
      &lt;td style='width: 292px; height: 26px;' align='undefined' valign='undefined'&gt;9300&amp;nbsp;
&lt;/td&gt;
      &lt;td style='height: 26px; width: 184px; font-weight: bold;' align='undefined' valign='undefined'&gt;Url&lt;/td&gt;
      &lt;td style='height: 26px; width: 291px;' align='undefined' valign='undefined'&gt;&lt;A href='http://en.rian.ru/world/20110323/163155797.html'&gt;Link to News&amp;nbsp;&lt;/A&gt;
&lt;/td&gt;
    &lt;/tr&gt;
    &lt;tr&gt;
      &lt;td style='width: 184px; height: 90px; font-weight: bold;' align='undefined' valign='undefined'&gt;Description&lt;/td&gt;
      &lt;td colspan='3' rowspan='1' style='height: 90px; width: 291px;' align='undefined' valign='undefined'&gt;The death toll in the Japanese earthquake and tsunami grew to more than 9,300 in the past 24 hours, Xinhua said on Wednesday citing police figures.&#xD;
&amp;nbsp;
&lt;/td&gt;
    &lt;/tr&gt;
  &lt;/tbody&gt;
&lt;/table&gt;</description>
                <styleUrl>#style17x93317</styleUrl>
                <Point>
                    <extrude xmlns:ns5="http://www.w3.org/2001/XMLSchema-instance" xmlns:ns6="http://www.w3.org/2001/XMLSchema" ns5:type="ns6:boolean">false</extrude>
                    <altitudeMode>clampToGround</altitudeMode>
                    <coordinates>139.751,35.693000000000005</coordinates>
                </Point>
            </Placemark>
            <Placemark>
                <name>M-Japan</name>
                <visibility xmlns:ns5="http://www.w3.org/2001/XMLSchema-instance" xmlns:ns6="http://www.w3.org/2001/XMLSchema" ns5:type="ns6:boolean">true</visibility>
                <open xmlns:ns5="http://www.w3.org/2001/XMLSchema-instance" xmlns:ns6="http://www.w3.org/2001/XMLSchema" ns5:type="ns6:boolean">true</open>
                <address>Sanno Grand Building - 8F 2-14-2 Nagatacho,Tokyo,Tokyo,Japan</address>
                <description>&lt;table style='text-align: left; width: 480px; height: 240px;' border='1' border-color='gray' border-style='solid' cellpadding='2' cellspacing='2'&gt;
&lt;tbody&gt;
    &lt;tr style='font-weight: bold;'&gt;
		&lt;td style='height: 78px; width: 184px;' align='undefined' valign='undefined'&gt;&lt;span style='font-weight: normal;'&gt;&lt;img src='http:\\66.216.18.155\Razient\iconsgi\customer.png'/&gt;&lt;/span&gt;&lt;/td&gt;
		&lt;td colspan='3' rowspan='1' style='height: 78px; width: 291px;' align='undefined' valign='undefined'&gt;Name: M-Japan&amp;nbsp;&lt;br&gt; Address: Sanno Grand Building - 8F 2-14-2 Nagatacho - Tokyo - Tokyo - Japan&amp;nbsp;&lt;br&gt; Phone Number: &amp;nbsp;&lt;br&gt; Email: &amp;nbsp;&lt;br&gt; Primary Contact: &amp;nbsp;&lt;/td&gt;
    &lt;/tr&gt;
    &lt;tr&gt;
	   &lt;td colspan='3' rowspan='1' style='height: 0px; width: 291px;' align='undefined' valign='undefined'&gt;&amp;nbsp;&lt;/td&gt;
    &lt;/tr&gt;
  &lt;/tbody&gt;
&lt;/table&gt;</description>
                <styleUrl>#style0x70000</styleUrl>
                <Point>
                    <extrude xmlns:ns5="http://www.w3.org/2001/XMLSchema-instance" xmlns:ns6="http://www.w3.org/2001/XMLSchema" ns5:type="ns6:boolean">false</extrude>
                    <altitudeMode>clampToGround</altitudeMode>
                    <coordinates>139.751,35.685</coordinates>
                </Point>
            </Placemark>
            <Placemark>
                <name> Incident : Japan update death toll tops 9500 new radiation concerns</name>
                <visibility xmlns:ns5="http://www.w3.org/2001/XMLSchema-instance" xmlns:ns6="http://www.w3.org/2001/XMLSchema" ns5:type="ns6:boolean">true</visibility>
                <open xmlns:ns5="http://www.w3.org/2001/XMLSchema-instance" xmlns:ns6="http://www.w3.org/2001/XMLSchema" ns5:type="ns6:boolean">false</open>
                <description>&lt;table style='text-align: left; width: 480px; height: 240px;' border='1' border-color='gray' border-style='solid' cellpadding='2' cellspacing='2'&gt;
&lt;tbody&gt;
    &lt;tr style='font-weight: bold;'&gt;
		&lt;td style='height: 78px; width: 184px;' align='undefined' valign='undefined'&gt;&lt;span style='font-weight: normal;'&gt;&lt;img src='http:\\66.216.18.155\Razient\iconsgi\suppliers.gif'/&gt;&lt;/span&gt;&lt;/td&gt;
		&lt;td colspan='3' rowspan='1' style='height: 78px; width: 291px;' align='undefined' valign='undefined'&gt;M-Japan&amp;nbsp;
Sanno Grand Building - 8F 2-14-2 Nagatacho&amp;nbsp;&lt;/td&gt;
    &lt;/tr&gt;
    &lt;tr&gt;
      &lt;td style='height: 0px; width: 184px; text-align: left;' valign='undefined'&gt;&lt;span style='font-weight: bold;'&gt;Summary:&lt;/span&gt;&lt;/td&gt;
	   &lt;td colspan='3' rowspan='1' style='height: 0px; width: 291px;' align='undefined' valign='undefined'&gt;Japan update death toll tops 9500 new radiation concerns&amp;nbsp;&lt;/td&gt;
    &lt;/tr&gt;
    &lt;tr&gt;
      &lt;td style='width: 184px; height: 26px; font-weight: bold;' align='undefined' valign='undefined'&gt;Country&lt;/td&gt;
      &lt;td style='width: 292px; height: 26px;' align='undefined' valign='undefined'&gt;Japan&amp;nbsp;&lt;/td&gt;
      &lt;td style='height: 26px; width: 184px; font-weight: bold;' align='undefined' valign='undefined'&gt;Severity	&lt;/td&gt;
      &lt;td style='height: 26px; width: 291px;' align='undefined' valign='undefined'&gt;High&amp;nbsp;&lt;/td&gt;
    &lt;/tr&gt;
    &lt;tr&gt;
      &lt;td style='width: 184px; height: 30px; font-weight: bold;' align='undefined' valign='undefined'&gt;State&lt;/td&gt;
      &lt;td style='width: 292px; height: 30px;' align='undefined' valign='undefined'&gt;Tokyo&amp;nbsp;
&lt;/td&gt;
      &lt;td style='height: 30px; width: 184px; font-weight: bold;' align='undefined' valign='undefined'&gt;Type&lt;/td&gt;
      &lt;td style='height: 30px; width: 291px;' align='undefined' valign='undefined'&gt;World Health organization&amp;nbsp;&lt;/td&gt;
    &lt;/tr&gt;
    &lt;tr&gt;
      &lt;td style='width: 184px; height: 24px; font-weight: bold;' align='undefined' valign='undefined'&gt;City&lt;/td&gt;
      &lt;td style='width: 292px; height: 24px;' align='undefined' valign='undefined'&gt;Tokyo&amp;nbsp;
&lt;/td&gt;
      &lt;td style='height: 24px; width: 184px; font-weight: bold;' align='undefined' valign='undefined'&gt;Date&lt;/td&gt;
      &lt;td style='height: 24px; width: 291px;' align='undefined' valign='undefined'&gt;2011-03-23&amp;nbsp;
&lt;/td&gt;
    &lt;/tr&gt;
    &lt;tr&gt;
      &lt;td style='width: 184px; height: 26px; font-weight: bold;' align='undefined' valign='undefined'&gt;Deaths&lt;/td&gt;
      &lt;td style='width: 292px; height: 26px;' align='undefined' valign='undefined'&gt;0&amp;nbsp;
&lt;/td&gt;
      &lt;td style='height: 26px; width: 184px; font-weight: bold;' align='undefined' valign='undefined'&gt;Url&lt;/td&gt;
      &lt;td style='height: 26px; width: 291px;' align='undefined' valign='undefined'&gt;&lt;A href='http://www.kxlh.com/news/japan-update-death-toll-tops-9-500-new-radiation-concerns/'&gt;Link to News&amp;nbsp;&lt;/A&gt;
&lt;/td&gt;
    &lt;/tr&gt;
    &lt;tr&gt;
      &lt;td style='width: 184px; height: 90px; font-weight: bold;' align='undefined' valign='undefined'&gt;Description&lt;/td&gt;
      &lt;td colspan='3' rowspan='1' style='height: 90px; width: 291px;' align='undefined' valign='undefined'&gt;Radiation has seeped into vegetables, raw milk, the water supply and seawater since a magnitude 9 quake and killer tsunami crippled the Fukushima Dai-ichi power plant nearly two weeks ago Broccoli was added to a list of tainted vegetables&amp;nbsp;
&lt;/td&gt;
    &lt;/tr&gt;
  &lt;/tbody&gt;
&lt;/table&gt;</description>
                <styleUrl>#style24x93324</styleUrl>
                <Point>
                    <extrude xmlns:ns5="http://www.w3.org/2001/XMLSchema-instance" xmlns:ns6="http://www.w3.org/2001/XMLSchema" ns5:type="ns6:boolean">false</extrude>
                    <altitudeMode>clampToGround</altitudeMode>
                    <coordinates>139.75900000000001,35.693000000000005</coordinates>
                </Point>
            </Placemark>
            <Placemark>
                <name>M-Japan</name>
                <visibility xmlns:ns5="http://www.w3.org/2001/XMLSchema-instance" xmlns:ns6="http://www.w3.org/2001/XMLSchema" ns5:type="ns6:boolean">true</visibility>
                <open xmlns:ns5="http://www.w3.org/2001/XMLSchema-instance" xmlns:ns6="http://www.w3.org/2001/XMLSchema" ns5:type="ns6:boolean">true</open>
                <address>Sanno Grand Building - 8F 2-14-2 Nagatacho,tokyo,Tokyo,Japan</address>
                <description>&lt;table style='text-align: left; width: 480px; height: 240px;' border='1' border-color='gray' border-style='solid' cellpadding='2' cellspacing='2'&gt;
&lt;tbody&gt;
    &lt;tr style='font-weight: bold;'&gt;
		&lt;td style='height: 78px; width: 184px;' align='undefined' valign='undefined'&gt;&lt;span style='font-weight: normal;'&gt;&lt;img src='http:\\66.216.18.155\Razient\iconsgi\customer.png'/&gt;&lt;/span&gt;&lt;/td&gt;
		&lt;td colspan='3' rowspan='1' style='height: 78px; width: 291px;' align='undefined' valign='undefined'&gt;Name: M-Japan&amp;nbsp;&lt;br&gt; Address: Sanno Grand Building - 8F 2-14-2 Nagatacho - tokyo - Tokyo - Japan&amp;nbsp;&lt;br&gt; Phone Number: &amp;nbsp;&lt;br&gt; Email: &amp;nbsp;&lt;br&gt; Primary Contact: &amp;nbsp;&lt;/td&gt;
    &lt;/tr&gt;
    &lt;tr&gt;
	   &lt;td colspan='3' rowspan='1' style='height: 0px; width: 291px;' align='undefined' valign='undefined'&gt;&amp;nbsp;&lt;/td&gt;
    &lt;/tr&gt;
  &lt;/tbody&gt;
&lt;/table&gt;</description>
                <styleUrl>#style0x70000</styleUrl>
                <Point>
                    <extrude xmlns:ns5="http://www.w3.org/2001/XMLSchema-instance" xmlns:ns6="http://www.w3.org/2001/XMLSchema" ns5:type="ns6:boolean">false</extrude>
                    <altitudeMode>clampToGround</altitudeMode>
                    <coordinates>139.751,35.685</coordinates>
                </Point>
            </Placemark>
            <Placemark>
                <name> Incident : Strong earthquake hits northeastern Japan</name>
                <visibility xmlns:ns5="http://www.w3.org/2001/XMLSchema-instance" xmlns:ns6="http://www.w3.org/2001/XMLSchema" ns5:type="ns6:boolean">true</visibility>
                <open xmlns:ns5="http://www.w3.org/2001/XMLSchema-instance" xmlns:ns6="http://www.w3.org/2001/XMLSchema" ns5:type="ns6:boolean">false</open>
                <description>&lt;table style='text-align: left; width: 480px; height: 240px;' border='1' border-color='gray' border-style='solid' cellpadding='2' cellspacing='2'&gt;
&lt;tbody&gt;
    &lt;tr style='font-weight: bold;'&gt;
		&lt;td style='height: 78px; width: 184px;' align='undefined' valign='undefined'&gt;&lt;span style='font-weight: normal;'&gt;&lt;img src='http:\\66.216.18.155\Razient\iconsgi\suppliers.gif'/&gt;&lt;/span&gt;&lt;/td&gt;
		&lt;td colspan='3' rowspan='1' style='height: 78px; width: 291px;' align='undefined' valign='undefined'&gt;M-Japan&amp;nbsp;
Sanno Grand Building - 8F 2-14-2 Nagatacho&amp;nbsp;&lt;/td&gt;
    &lt;/tr&gt;
    &lt;tr&gt;
      &lt;td style='height: 0px; width: 184px; text-align: left;' valign='undefined'&gt;&lt;span style='font-weight: bold;'&gt;Summary:&lt;/span&gt;&lt;/td&gt;
	   &lt;td colspan='3' rowspan='1' style='height: 0px; width: 291px;' align='undefined' valign='undefined'&gt;Strong earthquake hits northeastern Japan&amp;nbsp;&lt;/td&gt;
    &lt;/tr&gt;
    &lt;tr&gt;
      &lt;td style='width: 184px; height: 26px; font-weight: bold;' align='undefined' valign='undefined'&gt;Country&lt;/td&gt;
      &lt;td style='width: 292px; height: 26px;' align='undefined' valign='undefined'&gt;Japan&amp;nbsp;&lt;/td&gt;
      &lt;td style='height: 26px; width: 184px; font-weight: bold;' align='undefined' valign='undefined'&gt;Severity	&lt;/td&gt;
      &lt;td style='height: 26px; width: 291px;' align='undefined' valign='undefined'&gt;Medium&amp;nbsp;&lt;/td&gt;
    &lt;/tr&gt;
    &lt;tr&gt;
      &lt;td style='width: 184px; height: 30px; font-weight: bold;' align='undefined' valign='undefined'&gt;State&lt;/td&gt;
      &lt;td style='width: 292px; height: 30px;' align='undefined' valign='undefined'&gt;Tokyo&amp;nbsp;
&lt;/td&gt;
      &lt;td style='height: 30px; width: 184px; font-weight: bold;' align='undefined' valign='undefined'&gt;Type&lt;/td&gt;
      &lt;td style='height: 30px; width: 291px;' align='undefined' valign='undefined'&gt;Earthquake&amp;nbsp;&lt;/td&gt;
    &lt;/tr&gt;
    &lt;tr&gt;
      &lt;td style='width: 184px; height: 24px; font-weight: bold;' align='undefined' valign='undefined'&gt;City&lt;/td&gt;
      &lt;td style='width: 292px; height: 24px;' align='undefined' valign='undefined'&gt;tokyo&amp;nbsp;
&lt;/td&gt;
      &lt;td style='height: 24px; width: 184px; font-weight: bold;' align='undefined' valign='undefined'&gt;Date&lt;/td&gt;
      &lt;td style='height: 24px; width: 291px;' align='undefined' valign='undefined'&gt;2011-03-19&amp;nbsp;
&lt;/td&gt;
    &lt;/tr&gt;
    &lt;tr&gt;
      &lt;td style='width: 184px; height: 26px; font-weight: bold;' align='undefined' valign='undefined'&gt;Deaths&lt;/td&gt;
      &lt;td style='width: 292px; height: 26px;' align='undefined' valign='undefined'&gt;0&amp;nbsp;
&lt;/td&gt;
      &lt;td style='height: 26px; width: 184px; font-weight: bold;' align='undefined' valign='undefined'&gt;Url&lt;/td&gt;
      &lt;td style='height: 26px; width: 291px;' align='undefined' valign='undefined'&gt;&lt;A href='http://news.xinhuanet.com/english2010/world/2011-03/19/c_13787765.htm'&gt;Link to News&amp;nbsp;&lt;/A&gt;
&lt;/td&gt;
    &lt;/tr&gt;
    &lt;tr&gt;
      &lt;td style='width: 184px; height: 90px; font-weight: bold;' align='undefined' valign='undefined'&gt;Description&lt;/td&gt;
      &lt;td colspan='3' rowspan='1' style='height: 90px; width: 291px;' align='undefined' valign='undefined'&gt;An earthquake with a preliminary magnitude of 6.1 jolted northeastern Japan on Saturday, the Japan Meteorological Agency said.&#xD;
&amp;nbsp;
&lt;/td&gt;
    &lt;/tr&gt;
  &lt;/tbody&gt;
&lt;/table&gt;</description>
                <styleUrl>#style17x93317</styleUrl>
                <Point>
                    <extrude xmlns:ns5="http://www.w3.org/2001/XMLSchema-instance" xmlns:ns6="http://www.w3.org/2001/XMLSchema" ns5:type="ns6:boolean">false</extrude>
                    <altitudeMode>clampToGround</altitudeMode>
                    <coordinates>139.75900000000001,35.685</coordinates>
                </Point>
            </Placemark>
            <Placemark>
                <name>M-Japan</name>
                <visibility xmlns:ns5="http://www.w3.org/2001/XMLSchema-instance" xmlns:ns6="http://www.w3.org/2001/XMLSchema" ns5:type="ns6:boolean">true</visibility>
                <open xmlns:ns5="http://www.w3.org/2001/XMLSchema-instance" xmlns:ns6="http://www.w3.org/2001/XMLSchema" ns5:type="ns6:boolean">true</open>
                <address>Sanno Grand Building - 8F 2-14-2 Nagatacho,Tokyo,Tokyo,Japan</address>
                <description>&lt;table style='text-align: left; width: 480px; height: 240px;' border='1' border-color='gray' border-style='solid' cellpadding='2' cellspacing='2'&gt;
&lt;tbody&gt;
    &lt;tr style='font-weight: bold;'&gt;
		&lt;td style='height: 78px; width: 184px;' align='undefined' valign='undefined'&gt;&lt;span style='font-weight: normal;'&gt;&lt;img src='http:\\66.216.18.155\Razient\iconsgi\customer.png'/&gt;&lt;/span&gt;&lt;/td&gt;
		&lt;td colspan='3' rowspan='1' style='height: 78px; width: 291px;' align='undefined' valign='undefined'&gt;Name: M-Japan&amp;nbsp;&lt;br&gt; Address: Sanno Grand Building - 8F 2-14-2 Nagatacho - Tokyo - Tokyo - Japan&amp;nbsp;&lt;br&gt; Phone Number: &amp;nbsp;&lt;br&gt; Email: &amp;nbsp;&lt;br&gt; Primary Contact: &amp;nbsp;&lt;/td&gt;
    &lt;/tr&gt;
    &lt;tr&gt;
	   &lt;td colspan='3' rowspan='1' style='height: 0px; width: 291px;' align='undefined' valign='undefined'&gt;&amp;nbsp;&lt;/td&gt;
    &lt;/tr&gt;
  &lt;/tbody&gt;
&lt;/table&gt;</description>
                <styleUrl>#style0x70000</styleUrl>
                <Point>
                    <extrude xmlns:ns5="http://www.w3.org/2001/XMLSchema-instance" xmlns:ns6="http://www.w3.org/2001/XMLSchema" ns5:type="ns6:boolean">false</extrude>
                    <altitudeMode>clampToGround</altitudeMode>
                    <coordinates>139.751,35.685</coordinates>
                </Point>
            </Placemark>
            <Placemark>
                <name> Incident : Tokyo Electric enforces power outages for 3rd day</name>
                <visibility xmlns:ns5="http://www.w3.org/2001/XMLSchema-instance" xmlns:ns6="http://www.w3.org/2001/XMLSchema" ns5:type="ns6:boolean">true</visibility>
                <open xmlns:ns5="http://www.w3.org/2001/XMLSchema-instance" xmlns:ns6="http://www.w3.org/2001/XMLSchema" ns5:type="ns6:boolean">false</open>
                <description>&lt;table style='text-align: left; width: 480px; height: 240px;' border='1' border-color='gray' border-style='solid' cellpadding='2' cellspacing='2'&gt;
&lt;tbody&gt;
    &lt;tr style='font-weight: bold;'&gt;
		&lt;td style='height: 78px; width: 184px;' align='undefined' valign='undefined'&gt;&lt;span style='font-weight: normal;'&gt;&lt;img src='http:\\66.216.18.155\Razient\iconsgi\suppliers.gif'/&gt;&lt;/span&gt;&lt;/td&gt;
		&lt;td colspan='3' rowspan='1' style='height: 78px; width: 291px;' align='undefined' valign='undefined'&gt;M-Japan&amp;nbsp;
Sanno Grand Building - 8F 2-14-2 Nagatacho&amp;nbsp;&lt;/td&gt;
    &lt;/tr&gt;
    &lt;tr&gt;
      &lt;td style='height: 0px; width: 184px; text-align: left;' valign='undefined'&gt;&lt;span style='font-weight: bold;'&gt;Summary:&lt;/span&gt;&lt;/td&gt;
	   &lt;td colspan='3' rowspan='1' style='height: 0px; width: 291px;' align='undefined' valign='undefined'&gt;Tokyo Electric enforces power outages for 3rd day&amp;nbsp;&lt;/td&gt;
    &lt;/tr&gt;
    &lt;tr&gt;
      &lt;td style='width: 184px; height: 26px; font-weight: bold;' align='undefined' valign='undefined'&gt;Country&lt;/td&gt;
      &lt;td style='width: 292px; height: 26px;' align='undefined' valign='undefined'&gt;Japan&amp;nbsp;&lt;/td&gt;
      &lt;td style='height: 26px; width: 184px; font-weight: bold;' align='undefined' valign='undefined'&gt;Severity	&lt;/td&gt;
      &lt;td style='height: 26px; width: 291px;' align='undefined' valign='undefined'&gt;Medium&amp;nbsp;&lt;/td&gt;
    &lt;/tr&gt;
    &lt;tr&gt;
      &lt;td style='width: 184px; height: 30px; font-weight: bold;' align='undefined' valign='undefined'&gt;State&lt;/td&gt;
      &lt;td style='width: 292px; height: 30px;' align='undefined' valign='undefined'&gt;Tokyo&amp;nbsp;
&lt;/td&gt;
      &lt;td style='height: 30px; width: 184px; font-weight: bold;' align='undefined' valign='undefined'&gt;Type&lt;/td&gt;
      &lt;td style='height: 30px; width: 291px;' align='undefined' valign='undefined'&gt;Power Outage&amp;nbsp;&lt;/td&gt;
    &lt;/tr&gt;
    &lt;tr&gt;
      &lt;td style='width: 184px; height: 24px; font-weight: bold;' align='undefined' valign='undefined'&gt;City&lt;/td&gt;
      &lt;td style='width: 292px; height: 24px;' align='undefined' valign='undefined'&gt;Tokyo&amp;nbsp;
&lt;/td&gt;
      &lt;td style='height: 24px; width: 184px; font-weight: bold;' align='undefined' valign='undefined'&gt;Date&lt;/td&gt;
      &lt;td style='height: 24px; width: 291px;' align='undefined' valign='undefined'&gt;2011-03-16&amp;nbsp;
&lt;/td&gt;
    &lt;/tr&gt;
    &lt;tr&gt;
      &lt;td style='width: 184px; height: 26px; font-weight: bold;' align='undefined' valign='undefined'&gt;Deaths&lt;/td&gt;
      &lt;td style='width: 292px; height: 26px;' align='undefined' valign='undefined'&gt;0&amp;nbsp;
&lt;/td&gt;
      &lt;td style='height: 26px; width: 184px; font-weight: bold;' align='undefined' valign='undefined'&gt;Url&lt;/td&gt;
      &lt;td style='height: 26px; width: 291px;' align='undefined' valign='undefined'&gt;&lt;A href='http://news.xinhuanet.com/english2010/world/2011-03/16/c_13781544.htm'&gt;Link to News&amp;nbsp;&lt;/A&gt;
&lt;/td&gt;
    &lt;/tr&gt;
    &lt;tr&gt;
      &lt;td style='width: 184px; height: 90px; font-weight: bold;' align='undefined' valign='undefined'&gt;Description&lt;/td&gt;
      &lt;td colspan='3' rowspan='1' style='height: 90px; width: 291px;' align='undefined' valign='undefined'&gt;Tokyo Electric Power Co. cut power in the greater Tokyo area on Wednesday morning in an effort to conserve electricity and avoid a nationwide power outage.&amp;nbsp;
&lt;/td&gt;
    &lt;/tr&gt;
  &lt;/tbody&gt;
&lt;/table&gt;</description>
                <styleUrl>#style25x93325</styleUrl>
                <Point>
                    <extrude xmlns:ns5="http://www.w3.org/2001/XMLSchema-instance" xmlns:ns6="http://www.w3.org/2001/XMLSchema" ns5:type="ns6:boolean">false</extrude>
                    <altitudeMode>clampToGround</altitudeMode>
                    <coordinates>139.75900000000001,35.677</coordinates>
                </Point>
            </Placemark>
            <Placemark>
                <name>M-Japan</name>
                <visibility xmlns:ns5="http://www.w3.org/2001/XMLSchema-instance" xmlns:ns6="http://www.w3.org/2001/XMLSchema" ns5:type="ns6:boolean">true</visibility>
                <open xmlns:ns5="http://www.w3.org/2001/XMLSchema-instance" xmlns:ns6="http://www.w3.org/2001/XMLSchema" ns5:type="ns6:boolean">true</open>
                <address>Sanno Grand Building - 8F 2-14-2 Nagatacho,Tokyo,Tokyo,Japan</address>
                <description>&lt;table style='text-align: left; width: 480px; height: 240px;' border='1' border-color='gray' border-style='solid' cellpadding='2' cellspacing='2'&gt;
&lt;tbody&gt;
    &lt;tr style='font-weight: bold;'&gt;
		&lt;td style='height: 78px; width: 184px;' align='undefined' valign='undefined'&gt;&lt;span style='font-weight: normal;'&gt;&lt;img src='http:\\66.216.18.155\Razient\iconsgi\customer.png'/&gt;&lt;/span&gt;&lt;/td&gt;
		&lt;td colspan='3' rowspan='1' style='height: 78px; width: 291px;' align='undefined' valign='undefined'&gt;Name: M-Japan&amp;nbsp;&lt;br&gt; Address: Sanno Grand Building - 8F 2-14-2 Nagatacho - Tokyo - Tokyo - Japan&amp;nbsp;&lt;br&gt; Phone Number: &amp;nbsp;&lt;br&gt; Email: &amp;nbsp;&lt;br&gt; Primary Contact: &amp;nbsp;&lt;/td&gt;
    &lt;/tr&gt;
    &lt;tr&gt;
	   &lt;td colspan='3' rowspan='1' style='height: 0px; width: 291px;' align='undefined' valign='undefined'&gt;&amp;nbsp;&lt;/td&gt;
    &lt;/tr&gt;
  &lt;/tbody&gt;
&lt;/table&gt;</description>
                <styleUrl>#style0x70000</styleUrl>
                <Point>
                    <extrude xmlns:ns5="http://www.w3.org/2001/XMLSchema-instance" xmlns:ns6="http://www.w3.org/2001/XMLSchema" ns5:type="ns6:boolean">false</extrude>
                    <altitudeMode>clampToGround</altitudeMode>
                    <coordinates>139.751,35.685</coordinates>
                </Point>
            </Placemark>
            <Placemark>
                <name> Incident : Toyota's Japanese vehicle production delayed; U.S. market may feel supply pinch later</name>
                <visibility xmlns:ns5="http://www.w3.org/2001/XMLSchema-instance" xmlns:ns6="http://www.w3.org/2001/XMLSchema" ns5:type="ns6:boolean">true</visibility>
                <open xmlns:ns5="http://www.w3.org/2001/XMLSchema-instance" xmlns:ns6="http://www.w3.org/2001/XMLSchema" ns5:type="ns6:boolean">false</open>
                <description>&lt;table style='text-align: left; width: 480px; height: 240px;' border='1' border-color='gray' border-style='solid' cellpadding='2' cellspacing='2'&gt;
&lt;tbody&gt;
    &lt;tr style='font-weight: bold;'&gt;
		&lt;td style='height: 78px; width: 184px;' align='undefined' valign='undefined'&gt;&lt;span style='font-weight: normal;'&gt;&lt;img src='http:\\66.216.18.155\Razient\iconsgi\suppliers.gif'/&gt;&lt;/span&gt;&lt;/td&gt;
		&lt;td colspan='3' rowspan='1' style='height: 78px; width: 291px;' align='undefined' valign='undefined'&gt;M-Japan&amp;nbsp;
Sanno Grand Building - 8F 2-14-2 Nagatacho&amp;nbsp;&lt;/td&gt;
    &lt;/tr&gt;
    &lt;tr&gt;
      &lt;td style='height: 0px; width: 184px; text-align: left;' valign='undefined'&gt;&lt;span style='font-weight: bold;'&gt;Summary:&lt;/span&gt;&lt;/td&gt;
	   &lt;td colspan='3' rowspan='1' style='height: 0px; width: 291px;' align='undefined' valign='undefined'&gt;Toyota's Japanese vehicle production delayed; U.S. market may feel supply pinch later&amp;nbsp;&lt;/td&gt;
    &lt;/tr&gt;
    &lt;tr&gt;
      &lt;td style='width: 184px; height: 26px; font-weight: bold;' align='undefined' valign='undefined'&gt;Country&lt;/td&gt;
      &lt;td style='width: 292px; height: 26px;' align='undefined' valign='undefined'&gt;Japan&amp;nbsp;&lt;/td&gt;
      &lt;td style='height: 26px; width: 184px; font-weight: bold;' align='undefined' valign='undefined'&gt;Severity	&lt;/td&gt;
      &lt;td style='height: 26px; width: 291px;' align='undefined' valign='undefined'&gt;Medium&amp;nbsp;&lt;/td&gt;
    &lt;/tr&gt;
    &lt;tr&gt;
      &lt;td style='width: 184px; height: 30px; font-weight: bold;' align='undefined' valign='undefined'&gt;State&lt;/td&gt;
      &lt;td style='width: 292px; height: 30px;' align='undefined' valign='undefined'&gt;Tokyo&amp;nbsp;
&lt;/td&gt;
      &lt;td style='height: 30px; width: 184px; font-weight: bold;' align='undefined' valign='undefined'&gt;Type&lt;/td&gt;
      &lt;td style='height: 30px; width: 291px;' align='undefined' valign='undefined'&gt;Earthquake&amp;nbsp;&lt;/td&gt;
    &lt;/tr&gt;
    &lt;tr&gt;
      &lt;td style='width: 184px; height: 24px; font-weight: bold;' align='undefined' valign='undefined'&gt;City&lt;/td&gt;
      &lt;td style='width: 292px; height: 24px;' align='undefined' valign='undefined'&gt;Tokyo&amp;nbsp;
&lt;/td&gt;
      &lt;td style='height: 24px; width: 184px; font-weight: bold;' align='undefined' valign='undefined'&gt;Date&lt;/td&gt;
      &lt;td style='height: 24px; width: 291px;' align='undefined' valign='undefined'&gt;2011-03-16&amp;nbsp;
&lt;/td&gt;
    &lt;/tr&gt;
    &lt;tr&gt;
      &lt;td style='width: 184px; height: 26px; font-weight: bold;' align='undefined' valign='undefined'&gt;Deaths&lt;/td&gt;
      &lt;td style='width: 292px; height: 26px;' align='undefined' valign='undefined'&gt;0&amp;nbsp;
&lt;/td&gt;
      &lt;td style='height: 26px; width: 184px; font-weight: bold;' align='undefined' valign='undefined'&gt;Url&lt;/td&gt;
      &lt;td style='height: 26px; width: 291px;' align='undefined' valign='undefined'&gt;&lt;A href='http://www.freep.com/article/20110316/BUSINESS01/110316023/Toyota-s-Japanese-vehicle-production-delayed-U-S-market-may-feel-supply-pinch-later'&gt;Link to News&amp;nbsp;&lt;/A&gt;
&lt;/td&gt;
    &lt;/tr&gt;
    &lt;tr&gt;
      &lt;td style='width: 184px; height: 90px; font-weight: bold;' align='undefined' valign='undefined'&gt;Description&lt;/td&gt;
      &lt;td colspan='3' rowspan='1' style='height: 90px; width: 291px;' align='undefined' valign='undefined'&gt;Amid cascading uncertainty surrounding Japanâ??s leaky Fukushima nuclear plant, Toyotaâ??s Japanese factories will not make vehicles through March 22&amp;nbsp;
&lt;/td&gt;
    &lt;/tr&gt;
  &lt;/tbody&gt;
&lt;/table&gt;</description>
                <styleUrl>#style17x93317</styleUrl>
                <Point>
                    <extrude xmlns:ns5="http://www.w3.org/2001/XMLSchema-instance" xmlns:ns6="http://www.w3.org/2001/XMLSchema" ns5:type="ns6:boolean">false</extrude>
                    <altitudeMode>clampToGround</altitudeMode>
                    <coordinates>139.751,35.677</coordinates>
                </Point>
            </Placemark>
            <Placemark>
                <name>M-Japan</name>
                <visibility xmlns:ns5="http://www.w3.org/2001/XMLSchema-instance" xmlns:ns6="http://www.w3.org/2001/XMLSchema" ns5:type="ns6:boolean">true</visibility>
                <open xmlns:ns5="http://www.w3.org/2001/XMLSchema-instance" xmlns:ns6="http://www.w3.org/2001/XMLSchema" ns5:type="ns6:boolean">true</open>
                <address>Sanno Grand Building - 8F 2-14-2 Nagatacho,Tokyo,Tokyo,Japan</address>
                <description>&lt;table style='text-align: left; width: 480px; height: 240px;' border='1' border-color='gray' border-style='solid' cellpadding='2' cellspacing='2'&gt;
&lt;tbody&gt;
    &lt;tr style='font-weight: bold;'&gt;
		&lt;td style='height: 78px; width: 184px;' align='undefined' valign='undefined'&gt;&lt;span style='font-weight: normal;'&gt;&lt;img src='http:\\66.216.18.155\Razient\iconsgi\customer.png'/&gt;&lt;/span&gt;&lt;/td&gt;
		&lt;td colspan='3' rowspan='1' style='height: 78px; width: 291px;' align='undefined' valign='undefined'&gt;Name: M-Japan&amp;nbsp;&lt;br&gt; Address: Sanno Grand Building - 8F 2-14-2 Nagatacho - Tokyo - Tokyo - Japan&amp;nbsp;&lt;br&gt; Phone Number: &amp;nbsp;&lt;br&gt; Email: &amp;nbsp;&lt;br&gt; Primary Contact: &amp;nbsp;&lt;/td&gt;
    &lt;/tr&gt;
    &lt;tr&gt;
	   &lt;td colspan='3' rowspan='1' style='height: 0px; width: 291px;' align='undefined' valign='undefined'&gt;&amp;nbsp;&lt;/td&gt;
    &lt;/tr&gt;
  &lt;/tbody&gt;
&lt;/table&gt;</description>
                <styleUrl>#style0x70000</styleUrl>
                <Point>
                    <extrude xmlns:ns5="http://www.w3.org/2001/XMLSchema-instance" xmlns:ns6="http://www.w3.org/2001/XMLSchema" ns5:type="ns6:boolean">false</extrude>
                    <altitudeMode>clampToGround</altitudeMode>
                    <coordinates>139.751,35.685</coordinates>
                </Point>
            </Placemark>
            <Placemark>
                <name> Incident : Fearing worst, countries &amp; cos begin evacuation from Japan</name>
                <visibility xmlns:ns5="http://www.w3.org/2001/XMLSchema-instance" xmlns:ns6="http://www.w3.org/2001/XMLSchema" ns5:type="ns6:boolean">true</visibility>
                <open xmlns:ns5="http://www.w3.org/2001/XMLSchema-instance" xmlns:ns6="http://www.w3.org/2001/XMLSchema" ns5:type="ns6:boolean">false</open>
                <description>&lt;table style='text-align: left; width: 480px; height: 240px;' border='1' border-color='gray' border-style='solid' cellpadding='2' cellspacing='2'&gt;
&lt;tbody&gt;
    &lt;tr style='font-weight: bold;'&gt;
		&lt;td style='height: 78px; width: 184px;' align='undefined' valign='undefined'&gt;&lt;span style='font-weight: normal;'&gt;&lt;img src='http:\\66.216.18.155\Razient\iconsgi\suppliers.gif'/&gt;&lt;/span&gt;&lt;/td&gt;
		&lt;td colspan='3' rowspan='1' style='height: 78px; width: 291px;' align='undefined' valign='undefined'&gt;M-Japan&amp;nbsp;
Sanno Grand Building - 8F 2-14-2 Nagatacho&amp;nbsp;&lt;/td&gt;
    &lt;/tr&gt;
    &lt;tr&gt;
      &lt;td style='height: 0px; width: 184px; text-align: left;' valign='undefined'&gt;&lt;span style='font-weight: bold;'&gt;Summary:&lt;/span&gt;&lt;/td&gt;
	   &lt;td colspan='3' rowspan='1' style='height: 0px; width: 291px;' align='undefined' valign='undefined'&gt;Fearing worst, countries &amp; cos begin evacuation from Japan&amp;nbsp;&lt;/td&gt;
    &lt;/tr&gt;
    &lt;tr&gt;
      &lt;td style='width: 184px; height: 26px; font-weight: bold;' align='undefined' valign='undefined'&gt;Country&lt;/td&gt;
      &lt;td style='width: 292px; height: 26px;' align='undefined' valign='undefined'&gt;Japan&amp;nbsp;&lt;/td&gt;
      &lt;td style='height: 26px; width: 184px; font-weight: bold;' align='undefined' valign='undefined'&gt;Severity	&lt;/td&gt;
      &lt;td style='height: 26px; width: 291px;' align='undefined' valign='undefined'&gt;High&amp;nbsp;&lt;/td&gt;
    &lt;/tr&gt;
    &lt;tr&gt;
      &lt;td style='width: 184px; height: 30px; font-weight: bold;' align='undefined' valign='undefined'&gt;State&lt;/td&gt;
      &lt;td style='width: 292px; height: 30px;' align='undefined' valign='undefined'&gt;Tokyo&amp;nbsp;
&lt;/td&gt;
      &lt;td style='height: 30px; width: 184px; font-weight: bold;' align='undefined' valign='undefined'&gt;Type&lt;/td&gt;
      &lt;td style='height: 30px; width: 291px;' align='undefined' valign='undefined'&gt;World Health organization&amp;nbsp;&lt;/td&gt;
    &lt;/tr&gt;
    &lt;tr&gt;
      &lt;td style='width: 184px; height: 24px; font-weight: bold;' align='undefined' valign='undefined'&gt;City&lt;/td&gt;
      &lt;td style='width: 292px; height: 24px;' align='undefined' valign='undefined'&gt;Tokyo&amp;nbsp;
&lt;/td&gt;
      &lt;td style='height: 24px; width: 184px; font-weight: bold;' align='undefined' valign='undefined'&gt;Date&lt;/td&gt;
      &lt;td style='height: 24px; width: 291px;' align='undefined' valign='undefined'&gt;2011-03-16&amp;nbsp;
&lt;/td&gt;
    &lt;/tr&gt;
    &lt;tr&gt;
      &lt;td style='width: 184px; height: 26px; font-weight: bold;' align='undefined' valign='undefined'&gt;Deaths&lt;/td&gt;
      &lt;td style='width: 292px; height: 26px;' align='undefined' valign='undefined'&gt;0&amp;nbsp;
&lt;/td&gt;
      &lt;td style='height: 26px; width: 184px; font-weight: bold;' align='undefined' valign='undefined'&gt;Url&lt;/td&gt;
      &lt;td style='height: 26px; width: 291px;' align='undefined' valign='undefined'&gt;&lt;A href='http://timesofindia.indiatimes.com/world/rest-of-world/Fearing-worst-countries-cos-begin-evacuation-from-Japan/articleshow/7723654.cms'&gt;Link to News&amp;nbsp;&lt;/A&gt;
&lt;/td&gt;
    &lt;/tr&gt;
    &lt;tr&gt;
      &lt;td style='width: 184px; height: 90px; font-weight: bold;' align='undefined' valign='undefined'&gt;Description&lt;/td&gt;
      &lt;td colspan='3' rowspan='1' style='height: 90px; width: 291px;' align='undefined' valign='undefined'&gt;As multinational corporations readied evacuation plans and China and India began special flights to bring back nationals who wished to return, France forcefully urged its nationals in Tokyo to leave the country or head to southern Japan to escape risk of radiation.&amp;nbsp;
&lt;/td&gt;
    &lt;/tr&gt;
  &lt;/tbody&gt;
&lt;/table&gt;</description>
                <styleUrl>#style24x93324</styleUrl>
                <Point>
                    <extrude xmlns:ns5="http://www.w3.org/2001/XMLSchema-instance" xmlns:ns6="http://www.w3.org/2001/XMLSchema" ns5:type="ns6:boolean">false</extrude>
                    <altitudeMode>clampToGround</altitudeMode>
                    <coordinates>139.743,35.677</coordinates>
                </Point>
            </Placemark>
            <Placemark>
                <name>M-Japan</name>
                <visibility xmlns:ns5="http://www.w3.org/2001/XMLSchema-instance" xmlns:ns6="http://www.w3.org/2001/XMLSchema" ns5:type="ns6:boolean">true</visibility>
                <open xmlns:ns5="http://www.w3.org/2001/XMLSchema-instance" xmlns:ns6="http://www.w3.org/2001/XMLSchema" ns5:type="ns6:boolean">true</open>
                <address>Sanno Grand Building - 8F 2-14-2 Nagatacho,tokyo,Tokyo,Japan</address>
                <description>&lt;table style='text-align: left; width: 480px; height: 240px;' border='1' border-color='gray' border-style='solid' cellpadding='2' cellspacing='2'&gt;
&lt;tbody&gt;
    &lt;tr style='font-weight: bold;'&gt;
		&lt;td style='height: 78px; width: 184px;' align='undefined' valign='undefined'&gt;&lt;span style='font-weight: normal;'&gt;&lt;img src='http:\\66.216.18.155\Razient\iconsgi\customer.png'/&gt;&lt;/span&gt;&lt;/td&gt;
		&lt;td colspan='3' rowspan='1' style='height: 78px; width: 291px;' align='undefined' valign='undefined'&gt;Name: M-Japan&amp;nbsp;&lt;br&gt; Address: Sanno Grand Building - 8F 2-14-2 Nagatacho - tokyo - Tokyo - Japan&amp;nbsp;&lt;br&gt; Phone Number: &amp;nbsp;&lt;br&gt; Email: &amp;nbsp;&lt;br&gt; Primary Contact: &amp;nbsp;&lt;/td&gt;
    &lt;/tr&gt;
    &lt;tr&gt;
	   &lt;td colspan='3' rowspan='1' style='height: 0px; width: 291px;' align='undefined' valign='undefined'&gt;&amp;nbsp;&lt;/td&gt;
    &lt;/tr&gt;
  &lt;/tbody&gt;
&lt;/table&gt;</description>
                <styleUrl>#style0x70000</styleUrl>
                <Point>
                    <extrude xmlns:ns5="http://www.w3.org/2001/XMLSchema-instance" xmlns:ns6="http://www.w3.org/2001/XMLSchema" ns5:type="ns6:boolean">false</extrude>
                    <altitudeMode>clampToGround</altitudeMode>
                    <coordinates>139.751,35.685</coordinates>
                </Point>
            </Placemark>
            <Placemark>
                <name> Incident : Japan earthquake: 100,000 children displaced, says charity</name>
                <visibility xmlns:ns5="http://www.w3.org/2001/XMLSchema-instance" xmlns:ns6="http://www.w3.org/2001/XMLSchema" ns5:type="ns6:boolean">true</visibility>
                <open xmlns:ns5="http://www.w3.org/2001/XMLSchema-instance" xmlns:ns6="http://www.w3.org/2001/XMLSchema" ns5:type="ns6:boolean">false</open>
                <description>&lt;table style='text-align: left; width: 480px; height: 240px;' border='1' border-color='gray' border-style='solid' cellpadding='2' cellspacing='2'&gt;
&lt;tbody&gt;
    &lt;tr style='font-weight: bold;'&gt;
		&lt;td style='height: 78px; width: 184px;' align='undefined' valign='undefined'&gt;&lt;span style='font-weight: normal;'&gt;&lt;img src='http:\\66.216.18.155\Razient\iconsgi\suppliers.gif'/&gt;&lt;/span&gt;&lt;/td&gt;
		&lt;td colspan='3' rowspan='1' style='height: 78px; width: 291px;' align='undefined' valign='undefined'&gt;M-Japan&amp;nbsp;
Sanno Grand Building - 8F 2-14-2 Nagatacho&amp;nbsp;&lt;/td&gt;
    &lt;/tr&gt;
    &lt;tr&gt;
      &lt;td style='height: 0px; width: 184px; text-align: left;' valign='undefined'&gt;&lt;span style='font-weight: bold;'&gt;Summary:&lt;/span&gt;&lt;/td&gt;
	   &lt;td colspan='3' rowspan='1' style='height: 0px; width: 291px;' align='undefined' valign='undefined'&gt;Japan earthquake: 100,000 children displaced, says charity&amp;nbsp;&lt;/td&gt;
    &lt;/tr&gt;
    &lt;tr&gt;
      &lt;td style='width: 184px; height: 26px; font-weight: bold;' align='undefined' valign='undefined'&gt;Country&lt;/td&gt;
      &lt;td style='width: 292px; height: 26px;' align='undefined' valign='undefined'&gt;Japan&amp;nbsp;&lt;/td&gt;
      &lt;td style='height: 26px; width: 184px; font-weight: bold;' align='undefined' valign='undefined'&gt;Severity	&lt;/td&gt;
      &lt;td style='height: 26px; width: 291px;' align='undefined' valign='undefined'&gt;High&amp;nbsp;&lt;/td&gt;
    &lt;/tr&gt;
    &lt;tr&gt;
      &lt;td style='width: 184px; height: 30px; font-weight: bold;' align='undefined' valign='undefined'&gt;State&lt;/td&gt;
      &lt;td style='width: 292px; height: 30px;' align='undefined' valign='undefined'&gt;Tokyo&amp;nbsp;
&lt;/td&gt;
      &lt;td style='height: 30px; width: 184px; font-weight: bold;' align='undefined' valign='undefined'&gt;Type&lt;/td&gt;
      &lt;td style='height: 30px; width: 291px;' align='undefined' valign='undefined'&gt;Earthquake&amp;nbsp;&lt;/td&gt;
    &lt;/tr&gt;
    &lt;tr&gt;
      &lt;td style='width: 184px; height: 24px; font-weight: bold;' align='undefined' valign='undefined'&gt;City&lt;/td&gt;
      &lt;td style='width: 292px; height: 24px;' align='undefined' valign='undefined'&gt;tokyo&amp;nbsp;
&lt;/td&gt;
      &lt;td style='height: 24px; width: 184px; font-weight: bold;' align='undefined' valign='undefined'&gt;Date&lt;/td&gt;
      &lt;td style='height: 24px; width: 291px;' align='undefined' valign='undefined'&gt;2011-03-15&amp;nbsp;
&lt;/td&gt;
    &lt;/tr&gt;
    &lt;tr&gt;
      &lt;td style='width: 184px; height: 26px; font-weight: bold;' align='undefined' valign='undefined'&gt;Deaths&lt;/td&gt;
      &lt;td style='width: 292px; height: 26px;' align='undefined' valign='undefined'&gt;0&amp;nbsp;
&lt;/td&gt;
      &lt;td style='height: 26px; width: 184px; font-weight: bold;' align='undefined' valign='undefined'&gt;Url&lt;/td&gt;
      &lt;td style='height: 26px; width: 291px;' align='undefined' valign='undefined'&gt;&lt;A href='http://www.guardian.co.uk/world/2011/mar/15/japan-earthquake-children-displaced-charity'&gt;Link to News&amp;nbsp;&lt;/A&gt;
&lt;/td&gt;
    &lt;/tr&gt;
    &lt;tr&gt;
      &lt;td style='width: 184px; height: 90px; font-weight: bold;' align='undefined' valign='undefined'&gt;Description&lt;/td&gt;
      &lt;td colspan='3' rowspan='1' style='height: 90px; width: 291px;' align='undefined' valign='undefined'&gt;As many as 100,000 children may have been displaced by the earthquake and tsunami that devastated Japan's north-west coast last Friday, Save the Children has warned.&#xD;
&amp;nbsp;
&lt;/td&gt;
    &lt;/tr&gt;
  &lt;/tbody&gt;
&lt;/table&gt;</description>
                <styleUrl>#style17x93317</styleUrl>
                <Point>
                    <extrude xmlns:ns5="http://www.w3.org/2001/XMLSchema-instance" xmlns:ns6="http://www.w3.org/2001/XMLSchema" ns5:type="ns6:boolean">false</extrude>
                    <altitudeMode>clampToGround</altitudeMode>
                    <coordinates>139.751,35.685</coordinates>
                </Point>
            </Placemark>
            <Placemark>
                <name>M-Japan</name>
                <visibility xmlns:ns5="http://www.w3.org/2001/XMLSchema-instance" xmlns:ns6="http://www.w3.org/2001/XMLSchema" ns5:type="ns6:boolean">true</visibility>
                <open xmlns:ns5="http://www.w3.org/2001/XMLSchema-instance" xmlns:ns6="http://www.w3.org/2001/XMLSchema" ns5:type="ns6:boolean">true</open>
                <address>Sanno Grand Building - 8F 2-14-2 Nagatacho,Tokyo,Tokyo,Japan</address>
                <description>&lt;table style='text-align: left; width: 480px; height: 240px;' border='1' border-color='gray' border-style='solid' cellpadding='2' cellspacing='2'&gt;
&lt;tbody&gt;
    &lt;tr style='font-weight: bold;'&gt;
		&lt;td style='height: 78px; width: 184px;' align='undefined' valign='undefined'&gt;&lt;span style='font-weight: normal;'&gt;&lt;img src='http:\\66.216.18.155\Razient\iconsgi\customer.png'/&gt;&lt;/span&gt;&lt;/td&gt;
		&lt;td colspan='3' rowspan='1' style='height: 78px; width: 291px;' align='undefined' valign='undefined'&gt;Name: M-Japan&amp;nbsp;&lt;br&gt; Address: Sanno Grand Building - 8F 2-14-2 Nagatacho - Tokyo - Tokyo - Japan&amp;nbsp;&lt;br&gt; Phone Number: &amp;nbsp;&lt;br&gt; Email: &amp;nbsp;&lt;br&gt; Primary Contact: &amp;nbsp;&lt;/td&gt;
    &lt;/tr&gt;
    &lt;tr&gt;
	   &lt;td colspan='3' rowspan='1' style='height: 0px; width: 291px;' align='undefined' valign='undefined'&gt;&amp;nbsp;&lt;/td&gt;
    &lt;/tr&gt;
  &lt;/tbody&gt;
&lt;/table&gt;</description>
                <styleUrl>#style0x70000</styleUrl>
                <Point>
                    <extrude xmlns:ns5="http://www.w3.org/2001/XMLSchema-instance" xmlns:ns6="http://www.w3.org/2001/XMLSchema" ns5:type="ns6:boolean">false</extrude>
                    <altitudeMode>clampToGround</altitudeMode>
                    <coordinates>139.751,35.685</coordinates>
                </Point>
            </Placemark>
            <Placemark>
                <name> Incident : Further rolling power outages in Japan</name>
                <visibility xmlns:ns5="http://www.w3.org/2001/XMLSchema-instance" xmlns:ns6="http://www.w3.org/2001/XMLSchema" ns5:type="ns6:boolean">true</visibility>
                <open xmlns:ns5="http://www.w3.org/2001/XMLSchema-instance" xmlns:ns6="http://www.w3.org/2001/XMLSchema" ns5:type="ns6:boolean">false</open>
                <description>&lt;table style='text-align: left; width: 480px; height: 240px;' border='1' border-color='gray' border-style='solid' cellpadding='2' cellspacing='2'&gt;
&lt;tbody&gt;
    &lt;tr style='font-weight: bold;'&gt;
		&lt;td style='height: 78px; width: 184px;' align='undefined' valign='undefined'&gt;&lt;span style='font-weight: normal;'&gt;&lt;img src='http:\\66.216.18.155\Razient\iconsgi\suppliers.gif'/&gt;&lt;/span&gt;&lt;/td&gt;
		&lt;td colspan='3' rowspan='1' style='height: 78px; width: 291px;' align='undefined' valign='undefined'&gt;M-Japan&amp;nbsp;
Sanno Grand Building - 8F 2-14-2 Nagatacho&amp;nbsp;&lt;/td&gt;
    &lt;/tr&gt;
    &lt;tr&gt;
      &lt;td style='height: 0px; width: 184px; text-align: left;' valign='undefined'&gt;&lt;span style='font-weight: bold;'&gt;Summary:&lt;/span&gt;&lt;/td&gt;
	   &lt;td colspan='3' rowspan='1' style='height: 0px; width: 291px;' align='undefined' valign='undefined'&gt;Further rolling power outages in Japan&amp;nbsp;&lt;/td&gt;
    &lt;/tr&gt;
    &lt;tr&gt;
      &lt;td style='width: 184px; height: 26px; font-weight: bold;' align='undefined' valign='undefined'&gt;Country&lt;/td&gt;
      &lt;td style='width: 292px; height: 26px;' align='undefined' valign='undefined'&gt;Japan&amp;nbsp;&lt;/td&gt;
      &lt;td style='height: 26px; width: 184px; font-weight: bold;' align='undefined' valign='undefined'&gt;Severity	&lt;/td&gt;
      &lt;td style='height: 26px; width: 291px;' align='undefined' valign='undefined'&gt;High&amp;nbsp;&lt;/td&gt;
    &lt;/tr&gt;
    &lt;tr&gt;
      &lt;td style='width: 184px; height: 30px; font-weight: bold;' align='undefined' valign='undefined'&gt;State&lt;/td&gt;
      &lt;td style='width: 292px; height: 30px;' align='undefined' valign='undefined'&gt;Tokyo&amp;nbsp;
&lt;/td&gt;
      &lt;td style='height: 30px; width: 184px; font-weight: bold;' align='undefined' valign='undefined'&gt;Type&lt;/td&gt;
      &lt;td style='height: 30px; width: 291px;' align='undefined' valign='undefined'&gt;Power Outage&amp;nbsp;&lt;/td&gt;
    &lt;/tr&gt;
    &lt;tr&gt;
      &lt;td style='width: 184px; height: 24px; font-weight: bold;' align='undefined' valign='undefined'&gt;City&lt;/td&gt;
      &lt;td style='width: 292px; height: 24px;' align='undefined' valign='undefined'&gt;Tokyo&amp;nbsp;
&lt;/td&gt;
      &lt;td style='height: 24px; width: 184px; font-weight: bold;' align='undefined' valign='undefined'&gt;Date&lt;/td&gt;
      &lt;td style='height: 24px; width: 291px;' align='undefined' valign='undefined'&gt;2011-03-15&amp;nbsp;
&lt;/td&gt;
    &lt;/tr&gt;
    &lt;tr&gt;
      &lt;td style='width: 184px; height: 26px; font-weight: bold;' align='undefined' valign='undefined'&gt;Deaths&lt;/td&gt;
      &lt;td style='width: 292px; height: 26px;' align='undefined' valign='undefined'&gt;0&amp;nbsp;
&lt;/td&gt;
      &lt;td style='height: 26px; width: 184px; font-weight: bold;' align='undefined' valign='undefined'&gt;Url&lt;/td&gt;
      &lt;td style='height: 26px; width: 291px;' align='undefined' valign='undefined'&gt;&lt;A href='http://www.straitstimes.com/BreakingNews/Asia/Story/STIStory_645416.html'&gt;Link to News&amp;nbsp;&lt;/A&gt;
&lt;/td&gt;
    &lt;/tr&gt;
    &lt;tr&gt;
      &lt;td style='width: 184px; height: 90px; font-weight: bold;' align='undefined' valign='undefined'&gt;Description&lt;/td&gt;
      &lt;td colspan='3' rowspan='1' style='height: 90px; width: 291px;' align='undefined' valign='undefined'&gt;TOKYO Electric Power on Tuesday imposed further power outages affecting around five million Japanese households, including in parts of the capital, following last week's massive earthquake.&amp;nbsp;
&lt;/td&gt;
    &lt;/tr&gt;
  &lt;/tbody&gt;
&lt;/table&gt;</description>
                <styleUrl>#style25x93325</styleUrl>
                <Point>
                    <extrude xmlns:ns5="http://www.w3.org/2001/XMLSchema-instance" xmlns:ns6="http://www.w3.org/2001/XMLSchema" ns5:type="ns6:boolean">false</extrude>
                    <altitudeMode>clampToGround</altitudeMode>
                    <coordinates>139.751,35.685</coordinates>
                </Point>
            </Placemark>
            <Placemark>
                <name>M-Japan</name>
                <visibility xmlns:ns5="http://www.w3.org/2001/XMLSchema-instance" xmlns:ns6="http://www.w3.org/2001/XMLSchema" ns5:type="ns6:boolean">true</visibility>
                <open xmlns:ns5="http://www.w3.org/2001/XMLSchema-instance" xmlns:ns6="http://www.w3.org/2001/XMLSchema" ns5:type="ns6:boolean">true</open>
                <address>Sanno Grand Building - 8F 2-14-2 Nagatacho,tokyo,Tokyo,Japan</address>
                <description>&lt;table style='text-align: left; width: 480px; height: 240px;' border='1' border-color='gray' border-style='solid' cellpadding='2' cellspacing='2'&gt;
&lt;tbody&gt;
    &lt;tr style='font-weight: bold;'&gt;
		&lt;td style='height: 78px; width: 184px;' align='undefined' valign='undefined'&gt;&lt;span style='font-weight: normal;'&gt;&lt;img src='http:\\66.216.18.155\Razient\iconsgi\customer.png'/&gt;&lt;/span&gt;&lt;/td&gt;
		&lt;td colspan='3' rowspan='1' style='height: 78px; width: 291px;' align='undefined' valign='undefined'&gt;Name: M-Japan&amp;nbsp;&lt;br&gt; Address: Sanno Grand Building - 8F 2-14-2 Nagatacho - tokyo - Tokyo - Japan&amp;nbsp;&lt;br&gt; Phone Number: &amp;nbsp;&lt;br&gt; Email: &amp;nbsp;&lt;br&gt; Primary Contact: &amp;nbsp;&lt;/td&gt;
    &lt;/tr&gt;
    &lt;tr&gt;
	   &lt;td colspan='3' rowspan='1' style='height: 0px; width: 291px;' align='undefined' valign='undefined'&gt;&amp;nbsp;&lt;/td&gt;
    &lt;/tr&gt;
  &lt;/tbody&gt;
&lt;/table&gt;</description>
                <styleUrl>#style0x70000</styleUrl>
                <Point>
                    <extrude xmlns:ns5="http://www.w3.org/2001/XMLSchema-instance" xmlns:ns6="http://www.w3.org/2001/XMLSchema" ns5:type="ns6:boolean">false</extrude>
                    <altitudeMode>clampToGround</altitudeMode>
                    <coordinates>139.751,35.685</coordinates>
                </Point>
            </Placemark>
            <Placemark>
                <name> Incident : Second Explosion at Reactor as Technicians Try to Contain Damage</name>
                <visibility xmlns:ns5="http://www.w3.org/2001/XMLSchema-instance" xmlns:ns6="http://www.w3.org/2001/XMLSchema" ns5:type="ns6:boolean">true</visibility>
                <open xmlns:ns5="http://www.w3.org/2001/XMLSchema-instance" xmlns:ns6="http://www.w3.org/2001/XMLSchema" ns5:type="ns6:boolean">false</open>
                <description>&lt;table style='text-align: left; width: 480px; height: 240px;' border='1' border-color='gray' border-style='solid' cellpadding='2' cellspacing='2'&gt;
&lt;tbody&gt;
    &lt;tr style='font-weight: bold;'&gt;
		&lt;td style='height: 78px; width: 184px;' align='undefined' valign='undefined'&gt;&lt;span style='font-weight: normal;'&gt;&lt;img src='http:\\66.216.18.155\Razient\iconsgi\suppliers.gif'/&gt;&lt;/span&gt;&lt;/td&gt;
		&lt;td colspan='3' rowspan='1' style='height: 78px; width: 291px;' align='undefined' valign='undefined'&gt;M-Japan&amp;nbsp;
Sanno Grand Building - 8F 2-14-2 Nagatacho&amp;nbsp;&lt;/td&gt;
    &lt;/tr&gt;
    &lt;tr&gt;
      &lt;td style='height: 0px; width: 184px; text-align: left;' valign='undefined'&gt;&lt;span style='font-weight: bold;'&gt;Summary:&lt;/span&gt;&lt;/td&gt;
	   &lt;td colspan='3' rowspan='1' style='height: 0px; width: 291px;' align='undefined' valign='undefined'&gt;Second Explosion at Reactor as Technicians Try to Contain Damage&amp;nbsp;&lt;/td&gt;
    &lt;/tr&gt;
    &lt;tr&gt;
      &lt;td style='width: 184px; height: 26px; font-weight: bold;' align='undefined' valign='undefined'&gt;Country&lt;/td&gt;
      &lt;td style='width: 292px; height: 26px;' align='undefined' valign='undefined'&gt;Japan&amp;nbsp;&lt;/td&gt;
      &lt;td style='height: 26px; width: 184px; font-weight: bold;' align='undefined' valign='undefined'&gt;Severity	&lt;/td&gt;
      &lt;td style='height: 26px; width: 291px;' align='undefined' valign='undefined'&gt;High&amp;nbsp;&lt;/td&gt;
    &lt;/tr&gt;
    &lt;tr&gt;
      &lt;td style='width: 184px; height: 30px; font-weight: bold;' align='undefined' valign='undefined'&gt;State&lt;/td&gt;
      &lt;td style='width: 292px; height: 30px;' align='undefined' valign='undefined'&gt;Tokyo&amp;nbsp;
&lt;/td&gt;
      &lt;td style='height: 30px; width: 184px; font-weight: bold;' align='undefined' valign='undefined'&gt;Type&lt;/td&gt;
      &lt;td style='height: 30px; width: 291px;' align='undefined' valign='undefined'&gt;Explosion&amp;nbsp;&lt;/td&gt;
    &lt;/tr&gt;
    &lt;tr&gt;
      &lt;td style='width: 184px; height: 24px; font-weight: bold;' align='undefined' valign='undefined'&gt;City&lt;/td&gt;
      &lt;td style='width: 292px; height: 24px;' align='undefined' valign='undefined'&gt;tokyo&amp;nbsp;
&lt;/td&gt;
      &lt;td style='height: 24px; width: 184px; font-weight: bold;' align='undefined' valign='undefined'&gt;Date&lt;/td&gt;
      &lt;td style='height: 24px; width: 291px;' align='undefined' valign='undefined'&gt;2011-03-14&amp;nbsp;
&lt;/td&gt;
    &lt;/tr&gt;
    &lt;tr&gt;
      &lt;td style='width: 184px; height: 26px; font-weight: bold;' align='undefined' valign='undefined'&gt;Deaths&lt;/td&gt;
      &lt;td style='width: 292px; height: 26px;' align='undefined' valign='undefined'&gt;0&amp;nbsp;
&lt;/td&gt;
      &lt;td style='height: 26px; width: 184px; font-weight: bold;' align='undefined' valign='undefined'&gt;Url&lt;/td&gt;
      &lt;td style='height: 26px; width: 291px;' align='undefined' valign='undefined'&gt;&lt;A href='http://www.nytimes.com/2011/03/15/world/asia/15nuclear.html'&gt;Link to News&amp;nbsp;&lt;/A&gt;
&lt;/td&gt;
    &lt;/tr&gt;
    &lt;tr&gt;
      &lt;td style='width: 184px; height: 90px; font-weight: bold;' align='undefined' valign='undefined'&gt;Description&lt;/td&gt;
      &lt;td colspan='3' rowspan='1' style='height: 90px; width: 291px;' align='undefined' valign='undefined'&gt;The risk of partial meltdown at a stricken nuclear power plant in Japan increased on Monday as cooling systems failed at a third reactor, possibly exposing its fuel rods, only hours after a second explosion at a separate reactor blew the roof off a containment building&amp;nbsp;
&lt;/td&gt;
    &lt;/tr&gt;
  &lt;/tbody&gt;
&lt;/table&gt;</description>
                <styleUrl>#style2x93302</styleUrl>
                <Point>
                    <extrude xmlns:ns5="http://www.w3.org/2001/XMLSchema-instance" xmlns:ns6="http://www.w3.org/2001/XMLSchema" ns5:type="ns6:boolean">false</extrude>
                    <altitudeMode>clampToGround</altitudeMode>
                    <coordinates>139.751,35.685</coordinates>
                </Point>
            </Placemark>
            <Placemark>
                <name>M-Japan</name>
                <visibility xmlns:ns5="http://www.w3.org/2001/XMLSchema-instance" xmlns:ns6="http://www.w3.org/2001/XMLSchema" ns5:type="ns6:boolean">true</visibility>
                <open xmlns:ns5="http://www.w3.org/2001/XMLSchema-instance" xmlns:ns6="http://www.w3.org/2001/XMLSchema" ns5:type="ns6:boolean">true</open>
                <address>Sanno Grand Building - 8F 2-14-2 Nagatacho,Tokyo,Tokyo,Japan</address>
                <description>&lt;table style='text-align: left; width: 480px; height: 240px;' border='1' border-color='gray' border-style='solid' cellpadding='2' cellspacing='2'&gt;
&lt;tbody&gt;
    &lt;tr style='font-weight: bold;'&gt;
		&lt;td style='height: 78px; width: 184px;' align='undefined' valign='undefined'&gt;&lt;span style='font-weight: normal;'&gt;&lt;img src='http:\\66.216.18.155\Razient\iconsgi\customer.png'/&gt;&lt;/span&gt;&lt;/td&gt;
		&lt;td colspan='3' rowspan='1' style='height: 78px; width: 291px;' align='undefined' valign='undefined'&gt;Name: M-Japan&amp;nbsp;&lt;br&gt; Address: Sanno Grand Building - 8F 2-14-2 Nagatacho - Tokyo - Tokyo - Japan&amp;nbsp;&lt;br&gt; Phone Number: &amp;nbsp;&lt;br&gt; Email: &amp;nbsp;&lt;br&gt; Primary Contact: &amp;nbsp;&lt;/td&gt;
    &lt;/tr&gt;
    &lt;tr&gt;
	   &lt;td colspan='3' rowspan='1' style='height: 0px; width: 291px;' align='undefined' valign='undefined'&gt;&amp;nbsp;&lt;/td&gt;
    &lt;/tr&gt;
  &lt;/tbody&gt;
&lt;/table&gt;</description>
                <styleUrl>#style0x70000</styleUrl>
                <Point>
                    <extrude xmlns:ns5="http://www.w3.org/2001/XMLSchema-instance" xmlns:ns6="http://www.w3.org/2001/XMLSchema" ns5:type="ns6:boolean">false</extrude>
                    <altitudeMode>clampToGround</altitudeMode>
                    <coordinates>139.751,35.685</coordinates>
                </Point>
            </Placemark>
            <Placemark>
                <name> Incident : Workers in Japan try to stop a third nuclear plant explosion &#xD;
</name>
                <visibility xmlns:ns5="http://www.w3.org/2001/XMLSchema-instance" xmlns:ns6="http://www.w3.org/2001/XMLSchema" ns5:type="ns6:boolean">true</visibility>
                <open xmlns:ns5="http://www.w3.org/2001/XMLSchema-instance" xmlns:ns6="http://www.w3.org/2001/XMLSchema" ns5:type="ns6:boolean">false</open>
                <description>&lt;table style='text-align: left; width: 480px; height: 240px;' border='1' border-color='gray' border-style='solid' cellpadding='2' cellspacing='2'&gt;
&lt;tbody&gt;
    &lt;tr style='font-weight: bold;'&gt;
		&lt;td style='height: 78px; width: 184px;' align='undefined' valign='undefined'&gt;&lt;span style='font-weight: normal;'&gt;&lt;img src='http:\\66.216.18.155\Razient\iconsgi\suppliers.gif'/&gt;&lt;/span&gt;&lt;/td&gt;
		&lt;td colspan='3' rowspan='1' style='height: 78px; width: 291px;' align='undefined' valign='undefined'&gt;M-Japan&amp;nbsp;
Sanno Grand Building - 8F 2-14-2 Nagatacho&amp;nbsp;&lt;/td&gt;
    &lt;/tr&gt;
    &lt;tr&gt;
      &lt;td style='height: 0px; width: 184px; text-align: left;' valign='undefined'&gt;&lt;span style='font-weight: bold;'&gt;Summary:&lt;/span&gt;&lt;/td&gt;
	   &lt;td colspan='3' rowspan='1' style='height: 0px; width: 291px;' align='undefined' valign='undefined'&gt;Workers in Japan try to stop a third nuclear plant explosion &#xD;
&amp;nbsp;&lt;/td&gt;
    &lt;/tr&gt;
    &lt;tr&gt;
      &lt;td style='width: 184px; height: 26px; font-weight: bold;' align='undefined' valign='undefined'&gt;Country&lt;/td&gt;
      &lt;td style='width: 292px; height: 26px;' align='undefined' valign='undefined'&gt;Japan&amp;nbsp;&lt;/td&gt;
      &lt;td style='height: 26px; width: 184px; font-weight: bold;' align='undefined' valign='undefined'&gt;Severity	&lt;/td&gt;
      &lt;td style='height: 26px; width: 291px;' align='undefined' valign='undefined'&gt;High&amp;nbsp;&lt;/td&gt;
    &lt;/tr&gt;
    &lt;tr&gt;
      &lt;td style='width: 184px; height: 30px; font-weight: bold;' align='undefined' valign='undefined'&gt;State&lt;/td&gt;
      &lt;td style='width: 292px; height: 30px;' align='undefined' valign='undefined'&gt;Tokyo&amp;nbsp;
&lt;/td&gt;
      &lt;td style='height: 30px; width: 184px; font-weight: bold;' align='undefined' valign='undefined'&gt;Type&lt;/td&gt;
      &lt;td style='height: 30px; width: 291px;' align='undefined' valign='undefined'&gt;Explosion&amp;nbsp;&lt;/td&gt;
    &lt;/tr&gt;
    &lt;tr&gt;
      &lt;td style='width: 184px; height: 24px; font-weight: bold;' align='undefined' valign='undefined'&gt;City&lt;/td&gt;
      &lt;td style='width: 292px; height: 24px;' align='undefined' valign='undefined'&gt;Tokyo&amp;nbsp;
&lt;/td&gt;
      &lt;td style='height: 24px; width: 184px; font-weight: bold;' align='undefined' valign='undefined'&gt;Date&lt;/td&gt;
      &lt;td style='height: 24px; width: 291px;' align='undefined' valign='undefined'&gt;2011-03-14&amp;nbsp;
&lt;/td&gt;
    &lt;/tr&gt;
    &lt;tr&gt;
      &lt;td style='width: 184px; height: 26px; font-weight: bold;' align='undefined' valign='undefined'&gt;Deaths&lt;/td&gt;
      &lt;td style='width: 292px; height: 26px;' align='undefined' valign='undefined'&gt;0&amp;nbsp;
&lt;/td&gt;
      &lt;td style='height: 26px; width: 184px; font-weight: bold;' align='undefined' valign='undefined'&gt;Url&lt;/td&gt;
      &lt;td style='height: 26px; width: 291px;' align='undefined' valign='undefined'&gt;&lt;A href='http://www.wzzm13.com/news/article/157442/280/Workers-in-Japan-try-to-stop-a-third-nuclear-plant-explosion-'&gt;Link to News&amp;nbsp;&lt;/A&gt;
&lt;/td&gt;
    &lt;/tr&gt;
    &lt;tr&gt;
      &lt;td style='width: 184px; height: 90px; font-weight: bold;' align='undefined' valign='undefined'&gt;Description&lt;/td&gt;
      &lt;td colspan='3' rowspan='1' style='height: 90px; width: 291px;' align='undefined' valign='undefined'&gt;There are fears of a third potential explosion at a nuclear plant in northeast Japan following Friday's earthquake and tsunami. &#xD;
&amp;nbsp;
&lt;/td&gt;
    &lt;/tr&gt;
  &lt;/tbody&gt;
&lt;/table&gt;</description>
                <styleUrl>#style2x93302</styleUrl>
                <Point>
                    <extrude xmlns:ns5="http://www.w3.org/2001/XMLSchema-instance" xmlns:ns6="http://www.w3.org/2001/XMLSchema" ns5:type="ns6:boolean">false</extrude>
                    <altitudeMode>clampToGround</altitudeMode>
                    <coordinates>139.751,35.685</coordinates>
                </Point>
            </Placemark>
            <Placemark>
                <name>M-Thailand</name>
                <visibility xmlns:ns5="http://www.w3.org/2001/XMLSchema-instance" xmlns:ns6="http://www.w3.org/2001/XMLSchema" ns5:type="ns6:boolean">true</visibility>
                <open xmlns:ns5="http://www.w3.org/2001/XMLSchema-instance" xmlns:ns6="http://www.w3.org/2001/XMLSchema" ns5:type="ns6:boolean">true</open>
                <address>3195/8 Rama IV Road,Bangkok,Krung Thep,Thailand</address>
                <description>&lt;table style='text-align: left; width: 480px; height: 240px;' border='1' border-color='gray' border-style='solid' cellpadding='2' cellspacing='2'&gt;
&lt;tbody&gt;
    &lt;tr style='font-weight: bold;'&gt;
		&lt;td style='height: 78px; width: 184px;' align='undefined' valign='undefined'&gt;&lt;span style='font-weight: normal;'&gt;&lt;img src='http:\\66.216.18.155\Razient\iconsgi\customer.png'/&gt;&lt;/span&gt;&lt;/td&gt;
		&lt;td colspan='3' rowspan='1' style='height: 78px; width: 291px;' align='undefined' valign='undefined'&gt;Name: M-Thailand&amp;nbsp;&lt;br&gt; Address: 3195/8 Rama IV Road - Bangkok - Krung Thep - Thailand&amp;nbsp;&lt;br&gt; Phone Number: &amp;nbsp;&lt;br&gt; Email: &amp;nbsp;&lt;br&gt; Primary Contact: &amp;nbsp;&lt;/td&gt;
    &lt;/tr&gt;
    &lt;tr&gt;
	   &lt;td colspan='3' rowspan='1' style='height: 0px; width: 291px;' align='undefined' valign='undefined'&gt;&amp;nbsp;&lt;/td&gt;
    &lt;/tr&gt;
  &lt;/tbody&gt;
&lt;/table&gt;</description>
                <styleUrl>#style0x70000</styleUrl>
                <Point>
                    <extrude xmlns:ns5="http://www.w3.org/2001/XMLSchema-instance" xmlns:ns6="http://www.w3.org/2001/XMLSchema" ns5:type="ns6:boolean">false</extrude>
                    <altitudeMode>clampToGround</altitudeMode>
                    <coordinates>100.5444,13.726336</coordinates>
                </Point>
            </Placemark>
            <Placemark>
                <name> Incident : Sixteen Junta troops die in guerilla ambush, says KNLA</name>
                <visibility xmlns:ns5="http://www.w3.org/2001/XMLSchema-instance" xmlns:ns6="http://www.w3.org/2001/XMLSchema" ns5:type="ns6:boolean">true</visibility>
                <open xmlns:ns5="http://www.w3.org/2001/XMLSchema-instance" xmlns:ns6="http://www.w3.org/2001/XMLSchema" ns5:type="ns6:boolean">false</open>
                <description>&lt;table style='text-align: left; width: 480px; height: 240px;' border='1' border-color='gray' border-style='solid' cellpadding='2' cellspacing='2'&gt;
&lt;tbody&gt;
    &lt;tr style='font-weight: bold;'&gt;
		&lt;td style='height: 78px; width: 184px;' align='undefined' valign='undefined'&gt;&lt;span style='font-weight: normal;'&gt;&lt;img src='http:\\66.216.18.155\Razient\iconsgi\suppliers.gif'/&gt;&lt;/span&gt;&lt;/td&gt;
		&lt;td colspan='3' rowspan='1' style='height: 78px; width: 291px;' align='undefined' valign='undefined'&gt;M-Thailand&amp;nbsp;
3195/8 Rama IV Road&amp;nbsp;&lt;/td&gt;
    &lt;/tr&gt;
    &lt;tr&gt;
      &lt;td style='height: 0px; width: 184px; text-align: left;' valign='undefined'&gt;&lt;span style='font-weight: bold;'&gt;Summary:&lt;/span&gt;&lt;/td&gt;
	   &lt;td colspan='3' rowspan='1' style='height: 0px; width: 291px;' align='undefined' valign='undefined'&gt;Sixteen Junta troops die in guerilla ambush, says KNLA&amp;nbsp;&lt;/td&gt;
    &lt;/tr&gt;
    &lt;tr&gt;
      &lt;td style='width: 184px; height: 26px; font-weight: bold;' align='undefined' valign='undefined'&gt;Country&lt;/td&gt;
      &lt;td style='width: 292px; height: 26px;' align='undefined' valign='undefined'&gt;Thailand&amp;nbsp;&lt;/td&gt;
      &lt;td style='height: 26px; width: 184px; font-weight: bold;' align='undefined' valign='undefined'&gt;Severity	&lt;/td&gt;
      &lt;td style='height: 26px; width: 291px;' align='undefined' valign='undefined'&gt;Medium&amp;nbsp;&lt;/td&gt;
    &lt;/tr&gt;
    &lt;tr&gt;
      &lt;td style='width: 184px; height: 30px; font-weight: bold;' align='undefined' valign='undefined'&gt;State&lt;/td&gt;
      &lt;td style='width: 292px; height: 30px;' align='undefined' valign='undefined'&gt;Krung Thep&amp;nbsp;
&lt;/td&gt;
      &lt;td style='height: 30px; width: 184px; font-weight: bold;' align='undefined' valign='undefined'&gt;Type&lt;/td&gt;
      &lt;td style='height: 30px; width: 291px;' align='undefined' valign='undefined'&gt;Shooting&amp;nbsp;&lt;/td&gt;
    &lt;/tr&gt;
    &lt;tr&gt;
      &lt;td style='width: 184px; height: 24px; font-weight: bold;' align='undefined' valign='undefined'&gt;City&lt;/td&gt;
      &lt;td style='width: 292px; height: 24px;' align='undefined' valign='undefined'&gt;Bangkok&amp;nbsp;
&lt;/td&gt;
      &lt;td style='height: 24px; width: 184px; font-weight: bold;' align='undefined' valign='undefined'&gt;Date&lt;/td&gt;
      &lt;td style='height: 24px; width: 291px;' align='undefined' valign='undefined'&gt;2011-03-11&amp;nbsp;
&lt;/td&gt;
    &lt;/tr&gt;
    &lt;tr&gt;
      &lt;td style='width: 184px; height: 26px; font-weight: bold;' align='undefined' valign='undefined'&gt;Deaths&lt;/td&gt;
      &lt;td style='width: 292px; height: 26px;' align='undefined' valign='undefined'&gt;0&amp;nbsp;
&lt;/td&gt;
      &lt;td style='height: 26px; width: 184px; font-weight: bold;' align='undefined' valign='undefined'&gt;Url&lt;/td&gt;
      &lt;td style='height: 26px; width: 291px;' align='undefined' valign='undefined'&gt;&lt;A href='http://www.mizzima.com/news/inside-burma/4997-sixteen-junta-troops-die-in-guerilla-ambush-says-knla.html'&gt;Link to News&amp;nbsp;&lt;/A&gt;
&lt;/td&gt;
    &lt;/tr&gt;
    &lt;tr&gt;
      &lt;td style='width: 184px; height: 90px; font-weight: bold;' align='undefined' valign='undefined'&gt;Description&lt;/td&gt;
      &lt;td colspan='3' rowspan='1' style='height: 90px; width: 291px;' align='undefined' valign='undefined'&gt;The Karen National Liberation Army (KNLA) ambushed a junta convoy transporting rations, arms and personnel on Thursday, killing 16 soldiers and wounding 17, according to KNLA sources. &#xD;
&amp;nbsp;
&lt;/td&gt;
    &lt;/tr&gt;
  &lt;/tbody&gt;
&lt;/table&gt;</description>
                <styleUrl>#style1x93301</styleUrl>
                <Point>
                    <extrude xmlns:ns5="http://www.w3.org/2001/XMLSchema-instance" xmlns:ns6="http://www.w3.org/2001/XMLSchema" ns5:type="ns6:boolean">false</extrude>
                    <altitudeMode>clampToGround</altitudeMode>
                    <coordinates>100.509,13.75</coordinates>
                </Point>
            </Placemark>
            <Placemark>
                <name>M-Japan</name>
                <visibility xmlns:ns5="http://www.w3.org/2001/XMLSchema-instance" xmlns:ns6="http://www.w3.org/2001/XMLSchema" ns5:type="ns6:boolean">true</visibility>
                <open xmlns:ns5="http://www.w3.org/2001/XMLSchema-instance" xmlns:ns6="http://www.w3.org/2001/XMLSchema" ns5:type="ns6:boolean">true</open>
                <address>Sanno Grand Building - 8F 2-14-2 Nagatacho,Tokyo,Tokyo,Japan</address>
                <description>&lt;table style='text-align: left; width: 480px; height: 240px;' border='1' border-color='gray' border-style='solid' cellpadding='2' cellspacing='2'&gt;
&lt;tbody&gt;
    &lt;tr style='font-weight: bold;'&gt;
		&lt;td style='height: 78px; width: 184px;' align='undefined' valign='undefined'&gt;&lt;span style='font-weight: normal;'&gt;&lt;img src='http:\\66.216.18.155\Razient\iconsgi\customer.png'/&gt;&lt;/span&gt;&lt;/td&gt;
		&lt;td colspan='3' rowspan='1' style='height: 78px; width: 291px;' align='undefined' valign='undefined'&gt;Name: M-Japan&amp;nbsp;&lt;br&gt; Address: Sanno Grand Building - 8F 2-14-2 Nagatacho - Tokyo - Tokyo - Japan&amp;nbsp;&lt;br&gt; Phone Number: &amp;nbsp;&lt;br&gt; Email: &amp;nbsp;&lt;br&gt; Primary Contact: &amp;nbsp;&lt;/td&gt;
    &lt;/tr&gt;
    &lt;tr&gt;
	   &lt;td colspan='3' rowspan='1' style='height: 0px; width: 291px;' align='undefined' valign='undefined'&gt;&amp;nbsp;&lt;/td&gt;
    &lt;/tr&gt;
  &lt;/tbody&gt;
&lt;/table&gt;</description>
                <styleUrl>#style0x70000</styleUrl>
                <Point>
                    <extrude xmlns:ns5="http://www.w3.org/2001/XMLSchema-instance" xmlns:ns6="http://www.w3.org/2001/XMLSchema" ns5:type="ns6:boolean">false</extrude>
                    <altitudeMode>clampToGround</altitudeMode>
                    <coordinates>139.751,35.685</coordinates>
                </Point>
            </Placemark>
            <Placemark>
                <name> Incident : Nuke plant trouble after Japan quake; 3K evacuated</name>
                <visibility xmlns:ns5="http://www.w3.org/2001/XMLSchema-instance" xmlns:ns6="http://www.w3.org/2001/XMLSchema" ns5:type="ns6:boolean">true</visibility>
                <open xmlns:ns5="http://www.w3.org/2001/XMLSchema-instance" xmlns:ns6="http://www.w3.org/2001/XMLSchema" ns5:type="ns6:boolean">false</open>
                <description>&lt;table style='text-align: left; width: 480px; height: 240px;' border='1' border-color='gray' border-style='solid' cellpadding='2' cellspacing='2'&gt;
&lt;tbody&gt;
    &lt;tr style='font-weight: bold;'&gt;
		&lt;td style='height: 78px; width: 184px;' align='undefined' valign='undefined'&gt;&lt;span style='font-weight: normal;'&gt;&lt;img src='http:\\66.216.18.155\Razient\iconsgi\suppliers.gif'/&gt;&lt;/span&gt;&lt;/td&gt;
		&lt;td colspan='3' rowspan='1' style='height: 78px; width: 291px;' align='undefined' valign='undefined'&gt;M-Japan&amp;nbsp;
Sanno Grand Building - 8F 2-14-2 Nagatacho&amp;nbsp;&lt;/td&gt;
    &lt;/tr&gt;
    &lt;tr&gt;
      &lt;td style='height: 0px; width: 184px; text-align: left;' valign='undefined'&gt;&lt;span style='font-weight: bold;'&gt;Summary:&lt;/span&gt;&lt;/td&gt;
	   &lt;td colspan='3' rowspan='1' style='height: 0px; width: 291px;' align='undefined' valign='undefined'&gt;Nuke plant trouble after Japan quake; 3K evacuated&amp;nbsp;&lt;/td&gt;
    &lt;/tr&gt;
    &lt;tr&gt;
      &lt;td style='width: 184px; height: 26px; font-weight: bold;' align='undefined' valign='undefined'&gt;Country&lt;/td&gt;
      &lt;td style='width: 292px; height: 26px;' align='undefined' valign='undefined'&gt;Japan&amp;nbsp;&lt;/td&gt;
      &lt;td style='height: 26px; width: 184px; font-weight: bold;' align='undefined' valign='undefined'&gt;Severity	&lt;/td&gt;
      &lt;td style='height: 26px; width: 291px;' align='undefined' valign='undefined'&gt;High&amp;nbsp;&lt;/td&gt;
    &lt;/tr&gt;
    &lt;tr&gt;
      &lt;td style='width: 184px; height: 30px; font-weight: bold;' align='undefined' valign='undefined'&gt;State&lt;/td&gt;
      &lt;td style='width: 292px; height: 30px;' align='undefined' valign='undefined'&gt;Tokyo&amp;nbsp;
&lt;/td&gt;
      &lt;td style='height: 30px; width: 184px; font-weight: bold;' align='undefined' valign='undefined'&gt;Type&lt;/td&gt;
      &lt;td style='height: 30px; width: 291px;' align='undefined' valign='undefined'&gt;Power Outage&amp;nbsp;&lt;/td&gt;
    &lt;/tr&gt;
    &lt;tr&gt;
      &lt;td style='width: 184px; height: 24px; font-weight: bold;' align='undefined' valign='undefined'&gt;City&lt;/td&gt;
      &lt;td style='width: 292px; height: 24px;' align='undefined' valign='undefined'&gt;Tokyo&amp;nbsp;
&lt;/td&gt;
      &lt;td style='height: 24px; width: 184px; font-weight: bold;' align='undefined' valign='undefined'&gt;Date&lt;/td&gt;
      &lt;td style='height: 24px; width: 291px;' align='undefined' valign='undefined'&gt;2011-03-11&amp;nbsp;
&lt;/td&gt;
    &lt;/tr&gt;
    &lt;tr&gt;
      &lt;td style='width: 184px; height: 26px; font-weight: bold;' align='undefined' valign='undefined'&gt;Deaths&lt;/td&gt;
      &lt;td style='width: 292px; height: 26px;' align='undefined' valign='undefined'&gt;0&amp;nbsp;
&lt;/td&gt;
      &lt;td style='height: 26px; width: 184px; font-weight: bold;' align='undefined' valign='undefined'&gt;Url&lt;/td&gt;
      &lt;td style='height: 26px; width: 291px;' align='undefined' valign='undefined'&gt;&lt;A href='http://www.forbes.com/feeds/ap/2011/03/11/general-as-japan-quake-power-plant_8351545.html'&gt;Link to News&amp;nbsp;&lt;/A&gt;
&lt;/td&gt;
    &lt;/tr&gt;
    &lt;tr&gt;
      &lt;td style='width: 184px; height: 90px; font-weight: bold;' align='undefined' valign='undefined'&gt;Description&lt;/td&gt;
      &lt;td colspan='3' rowspan='1' style='height: 90px; width: 291px;' align='undefined' valign='undefined'&gt;Japan's massive earthquake caused a power outage that disabled a nuclear reactor's cooling system, triggering evacuation orders for about 3,000 residents as the government declared its first-ever state of emergency at a nuclear plant.&amp;nbsp;
&lt;/td&gt;
    &lt;/tr&gt;
  &lt;/tbody&gt;
&lt;/table&gt;</description>
                <styleUrl>#style25x93325</styleUrl>
                <Point>
                    <extrude xmlns:ns5="http://www.w3.org/2001/XMLSchema-instance" xmlns:ns6="http://www.w3.org/2001/XMLSchema" ns5:type="ns6:boolean">false</extrude>
                    <altitudeMode>clampToGround</altitudeMode>
                    <coordinates>139.751,35.685</coordinates>
                </Point>
            </Placemark>
            <Placemark>
                <name>M-Japan</name>
                <visibility xmlns:ns5="http://www.w3.org/2001/XMLSchema-instance" xmlns:ns6="http://www.w3.org/2001/XMLSchema" ns5:type="ns6:boolean">true</visibility>
                <open xmlns:ns5="http://www.w3.org/2001/XMLSchema-instance" xmlns:ns6="http://www.w3.org/2001/XMLSchema" ns5:type="ns6:boolean">true</open>
                <address>Sanno Grand Building - 8F 2-14-2 Nagatacho,tokyo,Tokyo,Japan</address>
                <description>&lt;table style='text-align: left; width: 480px; height: 240px;' border='1' border-color='gray' border-style='solid' cellpadding='2' cellspacing='2'&gt;
&lt;tbody&gt;
    &lt;tr style='font-weight: bold;'&gt;
		&lt;td style='height: 78px; width: 184px;' align='undefined' valign='undefined'&gt;&lt;span style='font-weight: normal;'&gt;&lt;img src='http:\\66.216.18.155\Razient\iconsgi\customer.png'/&gt;&lt;/span&gt;&lt;/td&gt;
		&lt;td colspan='3' rowspan='1' style='height: 78px; width: 291px;' align='undefined' valign='undefined'&gt;Name: M-Japan&amp;nbsp;&lt;br&gt; Address: Sanno Grand Building - 8F 2-14-2 Nagatacho - tokyo - Tokyo - Japan&amp;nbsp;&lt;br&gt; Phone Number: &amp;nbsp;&lt;br&gt; Email: &amp;nbsp;&lt;br&gt; Primary Contact: &amp;nbsp;&lt;/td&gt;
    &lt;/tr&gt;
    &lt;tr&gt;
	   &lt;td colspan='3' rowspan='1' style='height: 0px; width: 291px;' align='undefined' valign='undefined'&gt;&amp;nbsp;&lt;/td&gt;
    &lt;/tr&gt;
  &lt;/tbody&gt;
&lt;/table&gt;</description>
                <styleUrl>#style0x70000</styleUrl>
                <Point>
                    <extrude xmlns:ns5="http://www.w3.org/2001/XMLSchema-instance" xmlns:ns6="http://www.w3.org/2001/XMLSchema" ns5:type="ns6:boolean">false</extrude>
                    <altitudeMode>clampToGround</altitudeMode>
                    <coordinates>139.751,35.685</coordinates>
                </Point>
            </Placemark>
            <Placemark>
                <name> Incident : Death toll in Japan exceeds 10,000&#xD;
</name>
                <visibility xmlns:ns5="http://www.w3.org/2001/XMLSchema-instance" xmlns:ns6="http://www.w3.org/2001/XMLSchema" ns5:type="ns6:boolean">true</visibility>
                <open xmlns:ns5="http://www.w3.org/2001/XMLSchema-instance" xmlns:ns6="http://www.w3.org/2001/XMLSchema" ns5:type="ns6:boolean">false</open>
                <description>&lt;table style='text-align: left; width: 480px; height: 240px;' border='1' border-color='gray' border-style='solid' cellpadding='2' cellspacing='2'&gt;
&lt;tbody&gt;
    &lt;tr style='font-weight: bold;'&gt;
		&lt;td style='height: 78px; width: 184px;' align='undefined' valign='undefined'&gt;&lt;span style='font-weight: normal;'&gt;&lt;img src='http:\\66.216.18.155\Razient\iconsgi\suppliers.gif'/&gt;&lt;/span&gt;&lt;/td&gt;
		&lt;td colspan='3' rowspan='1' style='height: 78px; width: 291px;' align='undefined' valign='undefined'&gt;M-Japan&amp;nbsp;
Sanno Grand Building - 8F 2-14-2 Nagatacho&amp;nbsp;&lt;/td&gt;
    &lt;/tr&gt;
    &lt;tr&gt;
      &lt;td style='height: 0px; width: 184px; text-align: left;' valign='undefined'&gt;&lt;span style='font-weight: bold;'&gt;Summary:&lt;/span&gt;&lt;/td&gt;
	   &lt;td colspan='3' rowspan='1' style='height: 0px; width: 291px;' align='undefined' valign='undefined'&gt;Death toll in Japan exceeds 10,000&#xD;
&amp;nbsp;&lt;/td&gt;
    &lt;/tr&gt;
    &lt;tr&gt;
      &lt;td style='width: 184px; height: 26px; font-weight: bold;' align='undefined' valign='undefined'&gt;Country&lt;/td&gt;
      &lt;td style='width: 292px; height: 26px;' align='undefined' valign='undefined'&gt;Japan&amp;nbsp;&lt;/td&gt;
      &lt;td style='height: 26px; width: 184px; font-weight: bold;' align='undefined' valign='undefined'&gt;Severity	&lt;/td&gt;
      &lt;td style='height: 26px; width: 291px;' align='undefined' valign='undefined'&gt;High&amp;nbsp;&lt;/td&gt;
    &lt;/tr&gt;
    &lt;tr&gt;
      &lt;td style='width: 184px; height: 30px; font-weight: bold;' align='undefined' valign='undefined'&gt;State&lt;/td&gt;
      &lt;td style='width: 292px; height: 30px;' align='undefined' valign='undefined'&gt;Tokyo&amp;nbsp;
&lt;/td&gt;
      &lt;td style='height: 30px; width: 184px; font-weight: bold;' align='undefined' valign='undefined'&gt;Type&lt;/td&gt;
      &lt;td style='height: 30px; width: 291px;' align='undefined' valign='undefined'&gt;Earthquake&amp;nbsp;&lt;/td&gt;
    &lt;/tr&gt;
    &lt;tr&gt;
      &lt;td style='width: 184px; height: 24px; font-weight: bold;' align='undefined' valign='undefined'&gt;City&lt;/td&gt;
      &lt;td style='width: 292px; height: 24px;' align='undefined' valign='undefined'&gt;tokyo&amp;nbsp;
&lt;/td&gt;
      &lt;td style='height: 24px; width: 184px; font-weight: bold;' align='undefined' valign='undefined'&gt;Date&lt;/td&gt;
      &lt;td style='height: 24px; width: 291px;' align='undefined' valign='undefined'&gt;2011-03-11&amp;nbsp;
&lt;/td&gt;
    &lt;/tr&gt;
    &lt;tr&gt;
      &lt;td style='width: 184px; height: 26px; font-weight: bold;' align='undefined' valign='undefined'&gt;Deaths&lt;/td&gt;
      &lt;td style='width: 292px; height: 26px;' align='undefined' valign='undefined'&gt;10000&amp;nbsp;
&lt;/td&gt;
      &lt;td style='height: 26px; width: 184px; font-weight: bold;' align='undefined' valign='undefined'&gt;Url&lt;/td&gt;
      &lt;td style='height: 26px; width: 291px;' align='undefined' valign='undefined'&gt;&lt;A href='http://www.hindustantimes.com/Death-toll-in-Japan-exceeds-10-000/Article1-677596.aspx'&gt;Link to News&amp;nbsp;&lt;/A&gt;
&lt;/td&gt;
    &lt;/tr&gt;
    &lt;tr&gt;
      &lt;td style='width: 184px; height: 90px; font-weight: bold;' align='undefined' valign='undefined'&gt;Description&lt;/td&gt;
      &lt;td colspan='3' rowspan='1' style='height: 90px; width: 291px;' align='undefined' valign='undefined'&gt;The confirmed toll in Japan's earthquake and tsunami surpassed 10,000 on Friday as a magnitude-6.2 aftershock jolted the battered northeast. The number of dead in the March 11 disaster stood at 10,066 while 17,443 people were listed as missing, the National Police Agency said. Northeastern J apan has been jolted by a record number of aftershocks since the initial magnitude-9 quake, the strongest ever recorded in Japan.&amp;nbsp;
&lt;/td&gt;
    &lt;/tr&gt;
  &lt;/tbody&gt;
&lt;/table&gt;</description>
                <styleUrl>#style17x93317</styleUrl>
                <Point>
                    <extrude xmlns:ns5="http://www.w3.org/2001/XMLSchema-instance" xmlns:ns6="http://www.w3.org/2001/XMLSchema" ns5:type="ns6:boolean">false</extrude>
                    <altitudeMode>clampToGround</altitudeMode>
                    <coordinates>139.751,35.685</coordinates>
                </Point>
            </Placemark>
            <Placemark>
                <name>M-Japan</name>
                <visibility xmlns:ns5="http://www.w3.org/2001/XMLSchema-instance" xmlns:ns6="http://www.w3.org/2001/XMLSchema" ns5:type="ns6:boolean">true</visibility>
                <open xmlns:ns5="http://www.w3.org/2001/XMLSchema-instance" xmlns:ns6="http://www.w3.org/2001/XMLSchema" ns5:type="ns6:boolean">true</open>
                <address>Sanno Grand Building - 8F 2-14-2 Nagatacho,tokyo,Tokyo,Japan</address>
                <description>&lt;table style='text-align: left; width: 480px; height: 240px;' border='1' border-color='gray' border-style='solid' cellpadding='2' cellspacing='2'&gt;
&lt;tbody&gt;
    &lt;tr style='font-weight: bold;'&gt;
		&lt;td style='height: 78px; width: 184px;' align='undefined' valign='undefined'&gt;&lt;span style='font-weight: normal;'&gt;&lt;img src='http:\\66.216.18.155\Razient\iconsgi\customer.png'/&gt;&lt;/span&gt;&lt;/td&gt;
		&lt;td colspan='3' rowspan='1' style='height: 78px; width: 291px;' align='undefined' valign='undefined'&gt;Name: M-Japan&amp;nbsp;&lt;br&gt; Address: Sanno Grand Building - 8F 2-14-2 Nagatacho - tokyo - Tokyo - Japan&amp;nbsp;&lt;br&gt; Phone Number: &amp;nbsp;&lt;br&gt; Email: &amp;nbsp;&lt;br&gt; Primary Contact: &amp;nbsp;&lt;/td&gt;
    &lt;/tr&gt;
    &lt;tr&gt;
	   &lt;td colspan='3' rowspan='1' style='height: 0px; width: 291px;' align='undefined' valign='undefined'&gt;&amp;nbsp;&lt;/td&gt;
    &lt;/tr&gt;
  &lt;/tbody&gt;
&lt;/table&gt;</description>
                <styleUrl>#style0x70000</styleUrl>
                <Point>
                    <extrude xmlns:ns5="http://www.w3.org/2001/XMLSchema-instance" xmlns:ns6="http://www.w3.org/2001/XMLSchema" ns5:type="ns6:boolean">false</extrude>
                    <altitudeMode>clampToGround</altitudeMode>
                    <coordinates>139.751,35.685</coordinates>
                </Point>
            </Placemark>
            <Placemark>
                <name> Incident : Japan See Another Earthquake That Reaches a Magnitude Above 6&#xD;
</name>
                <visibility xmlns:ns5="http://www.w3.org/2001/XMLSchema-instance" xmlns:ns6="http://www.w3.org/2001/XMLSchema" ns5:type="ns6:boolean">true</visibility>
                <open xmlns:ns5="http://www.w3.org/2001/XMLSchema-instance" xmlns:ns6="http://www.w3.org/2001/XMLSchema" ns5:type="ns6:boolean">false</open>
                <description>&lt;table style='text-align: left; width: 480px; height: 240px;' border='1' border-color='gray' border-style='solid' cellpadding='2' cellspacing='2'&gt;
&lt;tbody&gt;
    &lt;tr style='font-weight: bold;'&gt;
		&lt;td style='height: 78px; width: 184px;' align='undefined' valign='undefined'&gt;&lt;span style='font-weight: normal;'&gt;&lt;img src='http:\\66.216.18.155\Razient\iconsgi\suppliers.gif'/&gt;&lt;/span&gt;&lt;/td&gt;
		&lt;td colspan='3' rowspan='1' style='height: 78px; width: 291px;' align='undefined' valign='undefined'&gt;M-Japan&amp;nbsp;
Sanno Grand Building - 8F 2-14-2 Nagatacho&amp;nbsp;&lt;/td&gt;
    &lt;/tr&gt;
    &lt;tr&gt;
      &lt;td style='height: 0px; width: 184px; text-align: left;' valign='undefined'&gt;&lt;span style='font-weight: bold;'&gt;Summary:&lt;/span&gt;&lt;/td&gt;
	   &lt;td colspan='3' rowspan='1' style='height: 0px; width: 291px;' align='undefined' valign='undefined'&gt;Japan See Another Earthquake That Reaches a Magnitude Above 6&#xD;
&amp;nbsp;&lt;/td&gt;
    &lt;/tr&gt;
    &lt;tr&gt;
      &lt;td style='width: 184px; height: 26px; font-weight: bold;' align='undefined' valign='undefined'&gt;Country&lt;/td&gt;
      &lt;td style='width: 292px; height: 26px;' align='undefined' valign='undefined'&gt;Japan&amp;nbsp;&lt;/td&gt;
      &lt;td style='height: 26px; width: 184px; font-weight: bold;' align='undefined' valign='undefined'&gt;Severity	&lt;/td&gt;
      &lt;td style='height: 26px; width: 291px;' align='undefined' valign='undefined'&gt;Medium&amp;nbsp;&lt;/td&gt;
    &lt;/tr&gt;
    &lt;tr&gt;
      &lt;td style='width: 184px; height: 30px; font-weight: bold;' align='undefined' valign='undefined'&gt;State&lt;/td&gt;
      &lt;td style='width: 292px; height: 30px;' align='undefined' valign='undefined'&gt;Tokyo&amp;nbsp;
&lt;/td&gt;
      &lt;td style='height: 30px; width: 184px; font-weight: bold;' align='undefined' valign='undefined'&gt;Type&lt;/td&gt;
      &lt;td style='height: 30px; width: 291px;' align='undefined' valign='undefined'&gt;Earthquake&amp;nbsp;&lt;/td&gt;
    &lt;/tr&gt;
    &lt;tr&gt;
      &lt;td style='width: 184px; height: 24px; font-weight: bold;' align='undefined' valign='undefined'&gt;City&lt;/td&gt;
      &lt;td style='width: 292px; height: 24px;' align='undefined' valign='undefined'&gt;tokyo&amp;nbsp;
&lt;/td&gt;
      &lt;td style='height: 24px; width: 184px; font-weight: bold;' align='undefined' valign='undefined'&gt;Date&lt;/td&gt;
      &lt;td style='height: 24px; width: 291px;' align='undefined' valign='undefined'&gt;2011-03-10&amp;nbsp;
&lt;/td&gt;
    &lt;/tr&gt;
    &lt;tr&gt;
      &lt;td style='width: 184px; height: 26px; font-weight: bold;' align='undefined' valign='undefined'&gt;Deaths&lt;/td&gt;
      &lt;td style='width: 292px; height: 26px;' align='undefined' valign='undefined'&gt;0&amp;nbsp;
&lt;/td&gt;
      &lt;td style='height: 26px; width: 184px; font-weight: bold;' align='undefined' valign='undefined'&gt;Url&lt;/td&gt;
      &lt;td style='height: 26px; width: 291px;' align='undefined' valign='undefined'&gt;&lt;A href='http://www.newsi.es/japan-see-another-earthquake-that-reaches-a-magnitude-above-6/882636/'&gt;Link to News&amp;nbsp;&lt;/A&gt;
&lt;/td&gt;
    &lt;/tr&gt;
    &lt;tr&gt;
      &lt;td style='width: 184px; height: 90px; font-weight: bold;' align='undefined' valign='undefined'&gt;Description&lt;/td&gt;
      &lt;td colspan='3' rowspan='1' style='height: 90px; width: 291px;' align='undefined' valign='undefined'&gt;According to the Japan Meteorological Agency, northeastern Japan has been hit with back to back Earthquakes over the past two days. An earthquake with a magnitude of 6.8 slammed through northeastern Japan Thursday morning, and the previous day a 7.3 magnitude Earthquake rocked the same region.&#xD;
&amp;nbsp;
&lt;/td&gt;
    &lt;/tr&gt;
  &lt;/tbody&gt;
&lt;/table&gt;</description>
                <styleUrl>#style17x93317</styleUrl>
                <Point>
                    <extrude xmlns:ns5="http://www.w3.org/2001/XMLSchema-instance" xmlns:ns6="http://www.w3.org/2001/XMLSchema" ns5:type="ns6:boolean">false</extrude>
                    <altitudeMode>clampToGround</altitudeMode>
                    <coordinates>139.751,35.685</coordinates>
                </Point>
            </Placemark>
            <Placemark>
                <name>M-Japan</name>
                <visibility xmlns:ns5="http://www.w3.org/2001/XMLSchema-instance" xmlns:ns6="http://www.w3.org/2001/XMLSchema" ns5:type="ns6:boolean">true</visibility>
                <open xmlns:ns5="http://www.w3.org/2001/XMLSchema-instance" xmlns:ns6="http://www.w3.org/2001/XMLSchema" ns5:type="ns6:boolean">true</open>
                <address>Sanno Grand Building - 8F 2-14-2 Nagatacho,tokyo,Tokyo,Japan</address>
                <description>&lt;table style='text-align: left; width: 480px; height: 240px;' border='1' border-color='gray' border-style='solid' cellpadding='2' cellspacing='2'&gt;
&lt;tbody&gt;
    &lt;tr style='font-weight: bold;'&gt;
		&lt;td style='height: 78px; width: 184px;' align='undefined' valign='undefined'&gt;&lt;span style='font-weight: normal;'&gt;&lt;img src='http:\\66.216.18.155\Razient\iconsgi\customer.png'/&gt;&lt;/span&gt;&lt;/td&gt;
		&lt;td colspan='3' rowspan='1' style='height: 78px; width: 291px;' align='undefined' valign='undefined'&gt;Name: M-Japan&amp;nbsp;&lt;br&gt; Address: Sanno Grand Building - 8F 2-14-2 Nagatacho - tokyo - Tokyo - Japan&amp;nbsp;&lt;br&gt; Phone Number: &amp;nbsp;&lt;br&gt; Email: &amp;nbsp;&lt;br&gt; Primary Contact: &amp;nbsp;&lt;/td&gt;
    &lt;/tr&gt;
    &lt;tr&gt;
	   &lt;td colspan='3' rowspan='1' style='height: 0px; width: 291px;' align='undefined' valign='undefined'&gt;&amp;nbsp;&lt;/td&gt;
    &lt;/tr&gt;
  &lt;/tbody&gt;
&lt;/table&gt;</description>
                <styleUrl>#style0x70000</styleUrl>
                <Point>
                    <extrude xmlns:ns5="http://www.w3.org/2001/XMLSchema-instance" xmlns:ns6="http://www.w3.org/2001/XMLSchema" ns5:type="ns6:boolean">false</extrude>
                    <altitudeMode>clampToGround</altitudeMode>
                    <coordinates>139.751,35.685</coordinates>
                </Point>
            </Placemark>
            <Placemark>
                <name> Incident : Japan earthquake: &#xD;
7.2 tremor shakes &#xD;
Tokyo buildings</name>
                <visibility xmlns:ns5="http://www.w3.org/2001/XMLSchema-instance" xmlns:ns6="http://www.w3.org/2001/XMLSchema" ns5:type="ns6:boolean">true</visibility>
                <open xmlns:ns5="http://www.w3.org/2001/XMLSchema-instance" xmlns:ns6="http://www.w3.org/2001/XMLSchema" ns5:type="ns6:boolean">false</open>
                <description>&lt;table style='text-align: left; width: 480px; height: 240px;' border='1' border-color='gray' border-style='solid' cellpadding='2' cellspacing='2'&gt;
&lt;tbody&gt;
    &lt;tr style='font-weight: bold;'&gt;
		&lt;td style='height: 78px; width: 184px;' align='undefined' valign='undefined'&gt;&lt;span style='font-weight: normal;'&gt;&lt;img src='http:\\66.216.18.155\Razient\iconsgi\suppliers.gif'/&gt;&lt;/span&gt;&lt;/td&gt;
		&lt;td colspan='3' rowspan='1' style='height: 78px; width: 291px;' align='undefined' valign='undefined'&gt;M-Japan&amp;nbsp;
Sanno Grand Building - 8F 2-14-2 Nagatacho&amp;nbsp;&lt;/td&gt;
    &lt;/tr&gt;
    &lt;tr&gt;
      &lt;td style='height: 0px; width: 184px; text-align: left;' valign='undefined'&gt;&lt;span style='font-weight: bold;'&gt;Summary:&lt;/span&gt;&lt;/td&gt;
	   &lt;td colspan='3' rowspan='1' style='height: 0px; width: 291px;' align='undefined' valign='undefined'&gt;Japan earthquake: &#xD;
7.2 tremor shakes &#xD;
Tokyo buildings&amp;nbsp;&lt;/td&gt;
    &lt;/tr&gt;
    &lt;tr&gt;
      &lt;td style='width: 184px; height: 26px; font-weight: bold;' align='undefined' valign='undefined'&gt;Country&lt;/td&gt;
      &lt;td style='width: 292px; height: 26px;' align='undefined' valign='undefined'&gt;Japan&amp;nbsp;&lt;/td&gt;
      &lt;td style='height: 26px; width: 184px; font-weight: bold;' align='undefined' valign='undefined'&gt;Severity	&lt;/td&gt;
      &lt;td style='height: 26px; width: 291px;' align='undefined' valign='undefined'&gt;Low&amp;nbsp;&lt;/td&gt;
    &lt;/tr&gt;
    &lt;tr&gt;
      &lt;td style='width: 184px; height: 30px; font-weight: bold;' align='undefined' valign='undefined'&gt;State&lt;/td&gt;
      &lt;td style='width: 292px; height: 30px;' align='undefined' valign='undefined'&gt;Tokyo&amp;nbsp;
&lt;/td&gt;
      &lt;td style='height: 30px; width: 184px; font-weight: bold;' align='undefined' valign='undefined'&gt;Type&lt;/td&gt;
      &lt;td style='height: 30px; width: 291px;' align='undefined' valign='undefined'&gt;Earthquake&amp;nbsp;&lt;/td&gt;
    &lt;/tr&gt;
    &lt;tr&gt;
      &lt;td style='width: 184px; height: 24px; font-weight: bold;' align='undefined' valign='undefined'&gt;City&lt;/td&gt;
      &lt;td style='width: 292px; height: 24px;' align='undefined' valign='undefined'&gt;tokyo&amp;nbsp;
&lt;/td&gt;
      &lt;td style='height: 24px; width: 184px; font-weight: bold;' align='undefined' valign='undefined'&gt;Date&lt;/td&gt;
      &lt;td style='height: 24px; width: 291px;' align='undefined' valign='undefined'&gt;2011-03-09&amp;nbsp;
&lt;/td&gt;
    &lt;/tr&gt;
    &lt;tr&gt;
      &lt;td style='width: 184px; height: 26px; font-weight: bold;' align='undefined' valign='undefined'&gt;Deaths&lt;/td&gt;
      &lt;td style='width: 292px; height: 26px;' align='undefined' valign='undefined'&gt;0&amp;nbsp;
&lt;/td&gt;
      &lt;td style='height: 26px; width: 184px; font-weight: bold;' align='undefined' valign='undefined'&gt;Url&lt;/td&gt;
      &lt;td style='height: 26px; width: 291px;' align='undefined' valign='undefined'&gt;&lt;A href='http://www.bbc.co.uk/news/world-asia-pacific-12684585'&gt;Link to News&amp;nbsp;&lt;/A&gt;
&lt;/td&gt;
    &lt;/tr&gt;
    &lt;tr&gt;
      &lt;td style='width: 184px; height: 90px; font-weight: bold;' align='undefined' valign='undefined'&gt;Description&lt;/td&gt;
      &lt;td colspan='3' rowspan='1' style='height: 90px; width: 291px;' align='undefined' valign='undefined'&gt;An earthquake of 7.2 magnitude has struck off the coast of &#xD;
Japan, shaking buildings in the capital, Tokyo, and triggering a &#xD;
small tsunami&amp;nbsp;
&lt;/td&gt;
    &lt;/tr&gt;
  &lt;/tbody&gt;
&lt;/table&gt;</description>
                <styleUrl>#style17x93317</styleUrl>
                <Point>
                    <extrude xmlns:ns5="http://www.w3.org/2001/XMLSchema-instance" xmlns:ns6="http://www.w3.org/2001/XMLSchema" ns5:type="ns6:boolean">false</extrude>
                    <altitudeMode>clampToGround</altitudeMode>
                    <coordinates>139.751,35.685</coordinates>
                </Point>
            </Placemark>
            <Placemark>
                <name>M-Russia</name>
                <visibility xmlns:ns5="http://www.w3.org/2001/XMLSchema-instance" xmlns:ns6="http://www.w3.org/2001/XMLSchema" ns5:type="ns6:boolean">true</visibility>
                <open xmlns:ns5="http://www.w3.org/2001/XMLSchema-instance" xmlns:ns6="http://www.w3.org/2001/XMLSchema" ns5:type="ns6:boolean">true</open>
                <address>Novoslobodskaya Street 23,Moscow,Moscow City,Russian Federation</address>
                <description>&lt;table style='text-align: left; width: 480px; height: 240px;' border='1' border-color='gray' border-style='solid' cellpadding='2' cellspacing='2'&gt;
&lt;tbody&gt;
    &lt;tr style='font-weight: bold;'&gt;
		&lt;td style='height: 78px; width: 184px;' align='undefined' valign='undefined'&gt;&lt;span style='font-weight: normal;'&gt;&lt;img src='http:\\66.216.18.155\Razient\iconsgi\customer.png'/&gt;&lt;/span&gt;&lt;/td&gt;
		&lt;td colspan='3' rowspan='1' style='height: 78px; width: 291px;' align='undefined' valign='undefined'&gt;Name: M-Russia&amp;nbsp;&lt;br&gt; Address: Novoslobodskaya Street 23 - Moscow - Moscow City - Russian Federation&amp;nbsp;&lt;br&gt; Phone Number: &amp;nbsp;&lt;br&gt; Email: &amp;nbsp;&lt;br&gt; Primary Contact: &amp;nbsp;&lt;/td&gt;
    &lt;/tr&gt;
    &lt;tr&gt;
	   &lt;td colspan='3' rowspan='1' style='height: 0px; width: 291px;' align='undefined' valign='undefined'&gt;&amp;nbsp;&lt;/td&gt;
    &lt;/tr&gt;
  &lt;/tbody&gt;
&lt;/table&gt;</description>
                <styleUrl>#style0x70000</styleUrl>
                <Point>
                    <extrude xmlns:ns5="http://www.w3.org/2001/XMLSchema-instance" xmlns:ns6="http://www.w3.org/2001/XMLSchema" ns5:type="ns6:boolean">false</extrude>
                    <altitudeMode>clampToGround</altitudeMode>
                    <coordinates>37.598366,55.781475</coordinates>
                </Point>
            </Placemark>
            <Placemark>
                <name> Incident : One person injured in shopping moll roof section collapse near Moscow</name>
                <visibility xmlns:ns5="http://www.w3.org/2001/XMLSchema-instance" xmlns:ns6="http://www.w3.org/2001/XMLSchema" ns5:type="ns6:boolean">true</visibility>
                <open xmlns:ns5="http://www.w3.org/2001/XMLSchema-instance" xmlns:ns6="http://www.w3.org/2001/XMLSchema" ns5:type="ns6:boolean">false</open>
                <description>&lt;table style='text-align: left; width: 480px; height: 240px;' border='1' border-color='gray' border-style='solid' cellpadding='2' cellspacing='2'&gt;
&lt;tbody&gt;
    &lt;tr style='font-weight: bold;'&gt;
		&lt;td style='height: 78px; width: 184px;' align='undefined' valign='undefined'&gt;&lt;span style='font-weight: normal;'&gt;&lt;img src='http:\\66.216.18.155\Razient\iconsgi\suppliers.gif'/&gt;&lt;/span&gt;&lt;/td&gt;
		&lt;td colspan='3' rowspan='1' style='height: 78px; width: 291px;' align='undefined' valign='undefined'&gt;M-Russia&amp;nbsp;
Novoslobodskaya Street 23&amp;nbsp;&lt;/td&gt;
    &lt;/tr&gt;
    &lt;tr&gt;
      &lt;td style='height: 0px; width: 184px; text-align: left;' valign='undefined'&gt;&lt;span style='font-weight: bold;'&gt;Summary:&lt;/span&gt;&lt;/td&gt;
	   &lt;td colspan='3' rowspan='1' style='height: 0px; width: 291px;' align='undefined' valign='undefined'&gt;One person injured in shopping moll roof section collapse near Moscow&amp;nbsp;&lt;/td&gt;
    &lt;/tr&gt;
    &lt;tr&gt;
      &lt;td style='width: 184px; height: 26px; font-weight: bold;' align='undefined' valign='undefined'&gt;Country&lt;/td&gt;
      &lt;td style='width: 292px; height: 26px;' align='undefined' valign='undefined'&gt;Russian Federation&amp;nbsp;&lt;/td&gt;
      &lt;td style='height: 26px; width: 184px; font-weight: bold;' align='undefined' valign='undefined'&gt;Severity	&lt;/td&gt;
      &lt;td style='height: 26px; width: 291px;' align='undefined' valign='undefined'&gt;Low&amp;nbsp;&lt;/td&gt;
    &lt;/tr&gt;
    &lt;tr&gt;
      &lt;td style='width: 184px; height: 30px; font-weight: bold;' align='undefined' valign='undefined'&gt;State&lt;/td&gt;
      &lt;td style='width: 292px; height: 30px;' align='undefined' valign='undefined'&gt;Moscow City&amp;nbsp;
&lt;/td&gt;
      &lt;td style='height: 30px; width: 184px; font-weight: bold;' align='undefined' valign='undefined'&gt;Type&lt;/td&gt;
      &lt;td style='height: 30px; width: 291px;' align='undefined' valign='undefined'&gt;Roof Collapse&amp;nbsp;&lt;/td&gt;
    &lt;/tr&gt;
    &lt;tr&gt;
      &lt;td style='width: 184px; height: 24px; font-weight: bold;' align='undefined' valign='undefined'&gt;City&lt;/td&gt;
      &lt;td style='width: 292px; height: 24px;' align='undefined' valign='undefined'&gt;Moscow&amp;nbsp;
&lt;/td&gt;
      &lt;td style='height: 24px; width: 184px; font-weight: bold;' align='undefined' valign='undefined'&gt;Date&lt;/td&gt;
      &lt;td style='height: 24px; width: 291px;' align='undefined' valign='undefined'&gt;2011-03-09&amp;nbsp;
&lt;/td&gt;
    &lt;/tr&gt;
    &lt;tr&gt;
      &lt;td style='width: 184px; height: 26px; font-weight: bold;' align='undefined' valign='undefined'&gt;Deaths&lt;/td&gt;
      &lt;td style='width: 292px; height: 26px;' align='undefined' valign='undefined'&gt;0&amp;nbsp;
&lt;/td&gt;
      &lt;td style='height: 26px; width: 184px; font-weight: bold;' align='undefined' valign='undefined'&gt;Url&lt;/td&gt;
      &lt;td style='height: 26px; width: 291px;' align='undefined' valign='undefined'&gt;&lt;A href='http://www.itar-tass.com/eng/level2.html?NewsID=16023189&amp;PageNum=0'&gt;Link to News&amp;nbsp;&lt;/A&gt;
&lt;/td&gt;
    &lt;/tr&gt;
    &lt;tr&gt;
      &lt;td style='width: 184px; height: 90px; font-weight: bold;' align='undefined' valign='undefined'&gt;Description&lt;/td&gt;
      &lt;td colspan='3' rowspan='1' style='height: 90px; width: 291px;' align='undefined' valign='undefined'&gt;One person was injured as a shopping moll roof section collapsed in the town of Balashikha outside Moscow, a spokesman for the Central region emergencies administration told Itar-Tass on Wednesday.&amp;nbsp;
&lt;/td&gt;
    &lt;/tr&gt;
  &lt;/tbody&gt;
&lt;/table&gt;</description>
                <styleUrl>#style13x93313</styleUrl>
                <Point>
                    <extrude xmlns:ns5="http://www.w3.org/2001/XMLSchema-instance" xmlns:ns6="http://www.w3.org/2001/XMLSchema" ns5:type="ns6:boolean">false</extrude>
                    <altitudeMode>clampToGround</altitudeMode>
                    <coordinates>37.6076,55.760200000000005</coordinates>
                </Point>
            </Placemark>
        </Folder>
    </Document>
</kml>
