<?xml version="1.0" encoding="UTF-8" standalone="yes"?>
<kml xmlns="http://www.opengis.net/kml/2.2" xmlns:gx="http://www.google.com/kml/ext/2.2" xmlns:atom="http://www.w3.org/2005/Atom" xmlns:xal="urn:oasis:names:tc:ciq:xsdschema:xAL:2.0">
    <Document>
        <Style id="style0x70000">
            <IconStyle>
                <scale>2.0</scale>
                <heading>0.0</heading>
                <Icon>
                    <href>http://www.razient.com/Razient/iconsgi/customer.gif</href>
                    <refreshInterval>0.0</refreshInterval>
                    <viewRefreshTime>0.0</viewRefreshTime>
                    <viewBoundScale>0.0</viewBoundScale>
                </Icon>
            </IconStyle>
        </Style>
        <Style id="style0x80000">
            <IconStyle>
                <scale>2.0</scale>
                <heading>0.0</heading>
                <Icon>
                    <href>http://www.razient.com/Razient/iconsgi/supplier.gif</href>
                    <refreshInterval>0.0</refreshInterval>
                    <viewRefreshTime>0.0</viewRefreshTime>
                    <viewBoundScale>0.0</viewBoundScale>
                </Icon>
            </IconStyle>
        </Style>
        <Style id="style0x83300">
            <IconStyle>
                <scale>1.0</scale>
                <heading>0.0</heading>
                <Icon>
                    <href>http://www.razient.com/Razient/iconsgi/airplane-accident.gif</href>
                    <refreshInterval>0.0</refreshInterval>
                    <viewRefreshTime>0.0</viewRefreshTime>
                    <viewBoundScale>0.0</viewBoundScale>
                </Icon>
            </IconStyle>
        </Style>
        <Style id="style0x93300">
            <IconStyle>
                <scale>1.0</scale>
                <heading>0.0</heading>
                <Icon>
                    <href>http://www.razient.com/Razient/iconsgi/airplane-accident-min.gif</href>
                    <refreshInterval>0.0</refreshInterval>
                    <viewRefreshTime>0.0</viewRefreshTime>
                    <viewBoundScale>0.0</viewBoundScale>
                </Icon>
            </IconStyle>
        </Style>
        <Style id="style1x83301">
            <IconStyle>
                <scale>1.0</scale>
                <heading>0.0</heading>
                <Icon>
                    <href>http://www.razient.com/Razient/iconsgi/gun.gif</href>
                    <refreshInterval>0.0</refreshInterval>
                    <viewRefreshTime>0.0</viewRefreshTime>
                    <viewBoundScale>0.0</viewBoundScale>
                </Icon>
            </IconStyle>
        </Style>
        <Style id="style1x93301">
            <IconStyle>
                <scale>1.0</scale>
                <heading>0.0</heading>
                <Icon>
                    <href>http://www.razient.com/Razient/iconsgi/gun-min.gif</href>
                    <refreshInterval>0.0</refreshInterval>
                    <viewRefreshTime>0.0</viewRefreshTime>
                    <viewBoundScale>0.0</viewBoundScale>
                </Icon>
            </IconStyle>
        </Style>
        <Style id="style2x83302">
            <IconStyle>
                <scale>1.0</scale>
                <heading>0.0</heading>
                <Icon>
                    <href>http://www.razient.com/Razient/iconsgi/bomb.gif</href>
                    <refreshInterval>0.0</refreshInterval>
                    <viewRefreshTime>0.0</viewRefreshTime>
                    <viewBoundScale>0.0</viewBoundScale>
                </Icon>
            </IconStyle>
        </Style>
        <Style id="style2x93302">
            <IconStyle>
                <scale>1.0</scale>
                <heading>0.0</heading>
                <Icon>
                    <href>http://www.razient.com/Razient/iconsgi/bomb-min.gif</href>
                    <refreshInterval>0.0</refreshInterval>
                    <viewRefreshTime>0.0</viewRefreshTime>
                    <viewBoundScale>0.0</viewBoundScale>
                </Icon>
            </IconStyle>
        </Style>
        <Style id="style3x83303">
            <IconStyle>
                <scale>1.0</scale>
                <heading>0.0</heading>
                <Icon>
                    <href>http://www.razient.com/Razient/iconsgi/explosion.gif</href>
                    <refreshInterval>0.0</refreshInterval>
                    <viewRefreshTime>0.0</viewRefreshTime>
                    <viewBoundScale>0.0</viewBoundScale>
                </Icon>
            </IconStyle>
        </Style>
        <Style id="style4x83304">
            <IconStyle>
                <scale>1.0</scale>
                <heading>0.0</heading>
                <Icon>
                    <href>http://www.razient.com/Razient/iconsgi/train.gif</href>
                    <refreshInterval>0.0</refreshInterval>
                    <viewRefreshTime>0.0</viewRefreshTime>
                    <viewBoundScale>0.0</viewBoundScale>
                </Icon>
            </IconStyle>
        </Style>
        <Style id="style4x93304">
            <IconStyle>
                <scale>1.0</scale>
                <heading>0.0</heading>
                <Icon>
                    <href>http://www.razient.com/Razient/iconsgi/train-min.gif</href>
                    <refreshInterval>0.0</refreshInterval>
                    <viewRefreshTime>0.0</viewRefreshTime>
                    <viewBoundScale>0.0</viewBoundScale>
                </Icon>
            </IconStyle>
        </Style>
        <Style id="style5x83305">
            <IconStyle>
                <scale>1.0</scale>
                <heading>0.0</heading>
                <Icon>
                    <href>http://www.razient.com/Razient/iconsgi/political.gif</href>
                    <refreshInterval>0.0</refreshInterval>
                    <viewRefreshTime>0.0</viewRefreshTime>
                    <viewBoundScale>0.0</viewBoundScale>
                </Icon>
            </IconStyle>
        </Style>
        <Style id="style5x93305">
            <IconStyle>
                <scale>1.0</scale>
                <heading>0.0</heading>
                <Icon>
                    <href>http://www.razient.com/Razient/iconsgi/political-min.gif</href>
                    <refreshInterval>0.0</refreshInterval>
                    <viewRefreshTime>0.0</viewRefreshTime>
                    <viewBoundScale>0.0</viewBoundScale>
                </Icon>
            </IconStyle>
        </Style>
        <Style id="style6x83306">
            <IconStyle>
                <scale>1.0</scale>
                <heading>0.0</heading>
                <Icon>
                    <href>http://www.razient.com/Razient/iconsgi/torn.gif</href>
                    <refreshInterval>0.0</refreshInterval>
                    <viewRefreshTime>0.0</viewRefreshTime>
                    <viewBoundScale>0.0</viewBoundScale>
                </Icon>
            </IconStyle>
        </Style>
        <Style id="style6x93306">
            <IconStyle>
                <scale>1.0</scale>
                <heading>0.0</heading>
                <Icon>
                    <href>http://www.razient.com/Razient/iconsgi/torn-min.gif</href>
                    <refreshInterval>0.0</refreshInterval>
                    <viewRefreshTime>0.0</viewRefreshTime>
                    <viewBoundScale>0.0</viewBoundScale>
                </Icon>
            </IconStyle>
        </Style>
        <Style id="style7x83307">
            <IconStyle>
                <scale>1.0</scale>
                <heading>0.0</heading>
                <Icon>
                    <href>http://www.razient.com/Razient/iconsgi/protest.gif</href>
                    <refreshInterval>0.0</refreshInterval>
                    <viewRefreshTime>0.0</viewRefreshTime>
                    <viewBoundScale>0.0</viewBoundScale>
                </Icon>
            </IconStyle>
        </Style>
        <Style id="style7x93307">
            <IconStyle>
                <scale>1.0</scale>
                <heading>0.0</heading>
                <Icon>
                    <href>http://www.razient.com/Razient/iconsgi/protest-min.gif</href>
                    <refreshInterval>0.0</refreshInterval>
                    <viewRefreshTime>0.0</viewRefreshTime>
                    <viewBoundScale>0.0</viewBoundScale>
                </Icon>
            </IconStyle>
        </Style>
        <Style id="style8x83308">
            <IconStyle>
                <scale>1.0</scale>
                <heading>0.0</heading>
                <Icon>
                    <href>http://www.razient.com/Razient/iconsgi/flood.gif</href>
                    <refreshInterval>0.0</refreshInterval>
                    <viewRefreshTime>0.0</viewRefreshTime>
                    <viewBoundScale>0.0</viewBoundScale>
                </Icon>
            </IconStyle>
        </Style>
        <Style id="style8x93308">
            <IconStyle>
                <scale>1.0</scale>
                <heading>0.0</heading>
                <Icon>
                    <href>http://www.razient.com/Razient/iconsgi/flood-min.gif</href>
                    <refreshInterval>0.0</refreshInterval>
                    <viewRefreshTime>0.0</viewRefreshTime>
                    <viewBoundScale>0.0</viewBoundScale>
                </Icon>
            </IconStyle>
        </Style>
        <Style id="style9x83309">
            <IconStyle>
                <scale>1.0</scale>
                <heading>0.0</heading>
                <Icon>
                    <href>http://www.razient.com/Razient/iconsgi/fire.gif</href>
                    <refreshInterval>0.0</refreshInterval>
                    <viewRefreshTime>0.0</viewRefreshTime>
                    <viewBoundScale>0.0</viewBoundScale>
                </Icon>
            </IconStyle>
        </Style>
        <Style id="style9x93309">
            <IconStyle>
                <scale>1.0</scale>
                <heading>0.0</heading>
                <Icon>
                    <href>http://www.razient.com/Razient/iconsgi/fire-min.gif</href>
                    <refreshInterval>0.0</refreshInterval>
                    <viewRefreshTime>0.0</viewRefreshTime>
                    <viewBoundScale>0.0</viewBoundScale>
                </Icon>
            </IconStyle>
        </Style>
        <Style id="style10x83310">
            <IconStyle>
                <scale>1.0</scale>
                <heading>0.0</heading>
                <Icon>
                    <href>http://www.razient.com/Razient/iconsgi/ship.gif</href>
                    <refreshInterval>0.0</refreshInterval>
                    <viewRefreshTime>0.0</viewRefreshTime>
                    <viewBoundScale>0.0</viewBoundScale>
                </Icon>
            </IconStyle>
        </Style>
        <Style id="style10x93310">
            <IconStyle>
                <scale>1.0</scale>
                <heading>0.0</heading>
                <Icon>
                    <href>http://www.razient.com/Razient/iconsgi/ship.gif</href>
                    <refreshInterval>0.0</refreshInterval>
                    <viewRefreshTime>0.0</viewRefreshTime>
                    <viewBoundScale>0.0</viewBoundScale>
                </Icon>
            </IconStyle>
        </Style>
        <Style id="style11x83311">
            <IconStyle>
                <scale>1.0</scale>
                <heading>0.0</heading>
                <Icon>
                    <href>http://www.razient.com/Razient/iconsgi/freeze.gif</href>
                    <refreshInterval>0.0</refreshInterval>
                    <viewRefreshTime>0.0</viewRefreshTime>
                    <viewBoundScale>0.0</viewBoundScale>
                </Icon>
            </IconStyle>
        </Style>
        <Style id="style11x93311">
            <IconStyle>
                <scale>1.0</scale>
                <heading>0.0</heading>
                <Icon>
                    <href>http://www.razient.com/Razient/iconsgi/freeze-min.gif</href>
                    <refreshInterval>0.0</refreshInterval>
                    <viewRefreshTime>0.0</viewRefreshTime>
                    <viewBoundScale>0.0</viewBoundScale>
                </Icon>
            </IconStyle>
        </Style>
        <Style id="style12x83312">
            <IconStyle>
                <scale>1.0</scale>
                <heading>0.0</heading>
                <Icon>
                    <href>http://www.razient.com/Razient/iconsgi/storm.gif</href>
                    <refreshInterval>0.0</refreshInterval>
                    <viewRefreshTime>0.0</viewRefreshTime>
                    <viewBoundScale>0.0</viewBoundScale>
                </Icon>
            </IconStyle>
        </Style>
        <Style id="style12x93312">
            <IconStyle>
                <scale>1.0</scale>
                <heading>0.0</heading>
                <Icon>
                    <href>http://www.razient.com/Razient/iconsgi/storm-min.gif</href>
                    <refreshInterval>0.0</refreshInterval>
                    <viewRefreshTime>0.0</viewRefreshTime>
                    <viewBoundScale>0.0</viewBoundScale>
                </Icon>
            </IconStyle>
        </Style>
        <Style id="style13x83313">
            <IconStyle>
                <scale>1.0</scale>
                <heading>0.0</heading>
                <Icon>
                    <href>http://www.razient.com/Razient/iconsgi/buildingcollapse.gif</href>
                    <refreshInterval>0.0</refreshInterval>
                    <viewRefreshTime>0.0</viewRefreshTime>
                    <viewBoundScale>0.0</viewBoundScale>
                </Icon>
            </IconStyle>
        </Style>
        <Style id="style13x93313">
            <IconStyle>
                <scale>1.0</scale>
                <heading>0.0</heading>
                <Icon>
                    <href>http://www.razient.com/Razient/iconsgi/buildingcollapse-min.gif</href>
                    <refreshInterval>0.0</refreshInterval>
                    <viewRefreshTime>0.0</viewRefreshTime>
                    <viewBoundScale>0.0</viewBoundScale>
                </Icon>
            </IconStyle>
        </Style>
        <Style id="style14x83314">
            <IconStyle>
                <scale>1.0</scale>
                <heading>0.0</heading>
                <Icon>
                    <href>http://www.razient.com/Razient/iconsgi/buildingfire.gif</href>
                    <refreshInterval>0.0</refreshInterval>
                    <viewRefreshTime>0.0</viewRefreshTime>
                    <viewBoundScale>0.0</viewBoundScale>
                </Icon>
            </IconStyle>
        </Style>
        <Style id="style14x93314">
            <IconStyle>
                <scale>1.0</scale>
                <heading>0.0</heading>
                <Icon>
                    <href>http://www.razient.com/Razient/iconsgi/buildingfire-min.gif</href>
                    <refreshInterval>0.0</refreshInterval>
                    <viewRefreshTime>0.0</viewRefreshTime>
                    <viewBoundScale>0.0</viewBoundScale>
                </Icon>
            </IconStyle>
        </Style>
        <Style id="style15x83315">
            <IconStyle>
                <scale>1.0</scale>
                <heading>0.0</heading>
                <Icon>
                    <href>http://www.razient.com/Razient/iconsgi/chemical.gif</href>
                    <refreshInterval>0.0</refreshInterval>
                    <viewRefreshTime>0.0</viewRefreshTime>
                    <viewBoundScale>0.0</viewBoundScale>
                </Icon>
            </IconStyle>
        </Style>
        <Style id="style15x93315">
            <IconStyle>
                <scale>1.0</scale>
                <heading>0.0</heading>
                <Icon>
                    <href>http://www.razient.com/Razient/iconsgi/chemical-min.gif</href>
                    <refreshInterval>0.0</refreshInterval>
                    <viewRefreshTime>0.0</viewRefreshTime>
                    <viewBoundScale>0.0</viewBoundScale>
                </Icon>
            </IconStyle>
        </Style>
        <Style id="style16x83316">
            <IconStyle>
                <scale>1.0</scale>
                <heading>0.0</heading>
                <Icon>
                    <href>http://www.razient.com/Razient/iconsgi/airplane-closed.gif</href>
                    <refreshInterval>0.0</refreshInterval>
                    <viewRefreshTime>0.0</viewRefreshTime>
                    <viewBoundScale>0.0</viewBoundScale>
                </Icon>
            </IconStyle>
        </Style>
        <Style id="style16x93316">
            <IconStyle>
                <scale>1.0</scale>
                <heading>0.0</heading>
                <Icon>
                    <href>http://www.razient.com/Razient/iconsgi/airplane-closed-min.gif</href>
                    <refreshInterval>0.0</refreshInterval>
                    <viewRefreshTime>0.0</viewRefreshTime>
                    <viewBoundScale>0.0</viewBoundScale>
                </Icon>
            </IconStyle>
        </Style>
        <Style id="style17x83317">
            <IconStyle>
                <scale>5.0</scale>
                <heading>0.0</heading>
                <Icon>
                    <href>http://www.razient.com/Razient/iconsgi/earthquake.gif</href>
                    <refreshInterval>0.0</refreshInterval>
                    <viewRefreshTime>0.0</viewRefreshTime>
                    <viewBoundScale>0.0</viewBoundScale>
                </Icon>
            </IconStyle>
        </Style>
        <Style id="style17x93317">
            <IconStyle>
                <scale>5.0</scale>
                <heading>0.0</heading>
                <Icon>
                    <href>http://www.razient.com/Razient/iconsgi/earthquake-min.gif</href>
                    <refreshInterval>0.0</refreshInterval>
                    <viewRefreshTime>0.0</viewRefreshTime>
                    <viewBoundScale>0.0</viewBoundScale>
                </Icon>
            </IconStyle>
        </Style>
        <Style id="style18x83318">
            <IconStyle>
                <scale>1.0</scale>
                <heading>0.0</heading>
                <Icon>
                    <href>http://www.razient.com/Razient/iconsgi/evacuated.gif</href>
                    <refreshInterval>0.0</refreshInterval>
                    <viewRefreshTime>0.0</viewRefreshTime>
                    <viewBoundScale>0.0</viewBoundScale>
                </Icon>
            </IconStyle>
        </Style>
        <Style id="style18x93318">
            <IconStyle>
                <scale>1.0</scale>
                <heading>0.0</heading>
                <Icon>
                    <href>http://www.razient.com/Razient/iconsgi/evacuated-min.gif</href>
                    <refreshInterval>0.0</refreshInterval>
                    <viewRefreshTime>0.0</viewRefreshTime>
                    <viewBoundScale>0.0</viewBoundScale>
                </Icon>
            </IconStyle>
        </Style>
        <Style id="style19x83319">
            <IconStyle>
                <scale>1.0</scale>
                <heading>0.0</heading>
                <Icon>
                    <href>http://www.razient.com/Razient/iconsgi/hazardous.gif</href>
                    <refreshInterval>0.0</refreshInterval>
                    <viewRefreshTime>0.0</viewRefreshTime>
                    <viewBoundScale>0.0</viewBoundScale>
                </Icon>
            </IconStyle>
        </Style>
        <Style id="style19x93319">
            <IconStyle>
                <scale>1.0</scale>
                <heading>0.0</heading>
                <Icon>
                    <href>http://www.razient.com/Razient/iconsgi/hazardous-min.gif</href>
                    <refreshInterval>0.0</refreshInterval>
                    <viewRefreshTime>0.0</viewRefreshTime>
                    <viewBoundScale>0.0</viewBoundScale>
                </Icon>
            </IconStyle>
        </Style>
        <Style id="style20x83320">
            <IconStyle>
                <scale>1.0</scale>
                <heading>0.0</heading>
                <Icon>
                    <href>http://www.razient.com/Razient/iconsgi/volcano.gif</href>
                    <refreshInterval>0.0</refreshInterval>
                    <viewRefreshTime>0.0</viewRefreshTime>
                    <viewBoundScale>0.0</viewBoundScale>
                </Icon>
            </IconStyle>
        </Style>
        <Style id="style20x93320">
            <IconStyle>
                <scale>1.0</scale>
                <heading>0.0</heading>
                <Icon>
                    <href>http://www.razient.com/Razient/iconsgi/volcano-min.gif</href>
                    <refreshInterval>0.0</refreshInterval>
                    <viewRefreshTime>0.0</viewRefreshTime>
                    <viewBoundScale>0.0</viewBoundScale>
                </Icon>
            </IconStyle>
        </Style>
        <Style id="style21x83321">
            <IconStyle>
                <scale>1.0</scale>
                <heading>0.0</heading>
                <Icon>
                    <href>http://www.razient.com/Razient/iconsgi/terrorism.gif</href>
                    <refreshInterval>0.0</refreshInterval>
                    <viewRefreshTime>0.0</viewRefreshTime>
                    <viewBoundScale>0.0</viewBoundScale>
                </Icon>
            </IconStyle>
        </Style>
        <Style id="style21x93321">
            <IconStyle>
                <scale>1.0</scale>
                <heading>0.0</heading>
                <Icon>
                    <href>http://www.razient.com/Razient/iconsgi/terrorism-min.gif</href>
                    <refreshInterval>0.0</refreshInterval>
                    <viewRefreshTime>0.0</viewRefreshTime>
                    <viewBoundScale>0.0</viewBoundScale>
                </Icon>
            </IconStyle>
        </Style>
        <Style id="style23x83323">
            <IconStyle>
                <scale>1.0</scale>
                <heading>0.0</heading>
                <Icon>
                    <href>http://www.razient.com/Razient/iconsgi/armed.gif</href>
                    <refreshInterval>0.0</refreshInterval>
                    <viewRefreshTime>0.0</viewRefreshTime>
                    <viewBoundScale>0.0</viewBoundScale>
                </Icon>
            </IconStyle>
        </Style>
        <Style id="style23x93323">
            <IconStyle>
                <scale>1.0</scale>
                <heading>0.0</heading>
                <Icon>
                    <href>http://www.razient.com/Razient/iconsgi/armed-min.gif</href>
                    <refreshInterval>0.0</refreshInterval>
                    <viewRefreshTime>0.0</viewRefreshTime>
                    <viewBoundScale>0.0</viewBoundScale>
                </Icon>
            </IconStyle>
        </Style>
        <Style id="style24x83324">
            <IconStyle>
                <scale>1.0</scale>
                <heading>0.0</heading>
                <Icon>
                    <href>http://www.razient.com/Razient/iconsgi/hazmat.gif</href>
                    <refreshInterval>0.0</refreshInterval>
                    <viewRefreshTime>0.0</viewRefreshTime>
                    <viewBoundScale>0.0</viewBoundScale>
                </Icon>
            </IconStyle>
        </Style>
        <Style id="style24x93324">
            <IconStyle>
                <scale>1.0</scale>
                <heading>0.0</heading>
                <Icon>
                    <href>http://www.razient.com/Razient/iconsgi/hazmat-min.gif</href>
                    <refreshInterval>0.0</refreshInterval>
                    <viewRefreshTime>0.0</viewRefreshTime>
                    <viewBoundScale>0.0</viewBoundScale>
                </Icon>
            </IconStyle>
        </Style>
        <Style id="style25x83325">
            <IconStyle>
                <scale>1.0</scale>
                <heading>0.0</heading>
                <Icon>
                    <href>http://www.razient.com/Razient/iconsgi/poweroutage.gif</href>
                    <refreshInterval>0.0</refreshInterval>
                    <viewRefreshTime>0.0</viewRefreshTime>
                    <viewBoundScale>0.0</viewBoundScale>
                </Icon>
            </IconStyle>
        </Style>
        <Style id="style25x93325">
            <IconStyle>
                <scale>1.0</scale>
                <heading>0.0</heading>
                <Icon>
                    <href>http://www.razient.com/Razient/iconsgi/poweroutage-min.gif</href>
                    <refreshInterval>0.0</refreshInterval>
                    <viewRefreshTime>0.0</viewRefreshTime>
                    <viewBoundScale>0.0</viewBoundScale>
                </Icon>
            </IconStyle>
        </Style>
        <Style id="style26x83326">
            <IconStyle>
                <scale>1.0</scale>
                <heading>0.0</heading>
                <Icon>
                    <href>http://www.razient.com/Razient/iconsgi/pirate.gif</href>
                    <refreshInterval>0.0</refreshInterval>
                    <viewRefreshTime>0.0</viewRefreshTime>
                    <viewBoundScale>0.0</viewBoundScale>
                </Icon>
            </IconStyle>
        </Style>
        <Style id="style26x93326">
            <IconStyle>
                <scale>1.0</scale>
                <heading>0.0</heading>
                <Icon>
                    <href>http://www.razient.com/Razient/iconsgi/pirate-min.gif</href>
                    <refreshInterval>0.0</refreshInterval>
                    <viewRefreshTime>0.0</viewRefreshTime>
                    <viewBoundScale>0.0</viewBoundScale>
                </Icon>
            </IconStyle>
        </Style>
        <Style id="style27x83327">
            <IconStyle>
                <scale>1.0</scale>
                <heading>0.0</heading>
                <Icon>
                    <href>http://www.razient.com/Razient/iconsgi/mudslide.gif</href>
                    <refreshInterval>0.0</refreshInterval>
                    <viewRefreshTime>0.0</viewRefreshTime>
                    <viewBoundScale>0.0</viewBoundScale>
                </Icon>
            </IconStyle>
        </Style>
        <Style id="style27x93327">
            <IconStyle>
                <scale>1.0</scale>
                <heading>0.0</heading>
                <Icon>
                    <href>http://www.razient.com/Razient/iconsgi/mudslide-min.gif</href>
                    <refreshInterval>0.0</refreshInterval>
                    <viewRefreshTime>0.0</viewRefreshTime>
                    <viewBoundScale>0.0</viewBoundScale>
                </Icon>
            </IconStyle>
        </Style>
        <Style id="style28x83328">
            <IconStyle>
                <scale>1.0</scale>
                <heading>0.0</heading>
                <Icon>
                    <href>http://www.razient.com/Razient/iconsgi/roadflooded.gif</href>
                    <refreshInterval>0.0</refreshInterval>
                    <viewRefreshTime>0.0</viewRefreshTime>
                    <viewBoundScale>0.0</viewBoundScale>
                </Icon>
            </IconStyle>
        </Style>
        <Style id="style28x93328">
            <IconStyle>
                <scale>1.0</scale>
                <heading>0.0</heading>
                <Icon>
                    <href>http://www.razient.com/Razient/iconsgi/roadflooded-min.gif</href>
                    <refreshInterval>0.0</refreshInterval>
                    <viewRefreshTime>0.0</viewRefreshTime>
                    <viewBoundScale>0.0</viewBoundScale>
                </Icon>
            </IconStyle>
        </Style>
        <Style id="style29x83329">
            <IconStyle>
                <scale>1.0</scale>
                <heading>0.0</heading>
                <Icon>
                    <href>http://www.razient.com/Razient/iconsgi/collision.gif</href>
                    <refreshInterval>0.0</refreshInterval>
                    <viewRefreshTime>0.0</viewRefreshTime>
                    <viewBoundScale>0.0</viewBoundScale>
                </Icon>
            </IconStyle>
        </Style>
        <Style id="style29x93329">
            <IconStyle>
                <scale>1.0</scale>
                <heading>0.0</heading>
                <Icon>
                    <href>http://www.razient.com/Razient/iconsgi/collision-min.gif</href>
                    <refreshInterval>0.0</refreshInterval>
                    <viewRefreshTime>0.0</viewRefreshTime>
                    <viewBoundScale>0.0</viewBoundScale>
                </Icon>
            </IconStyle>
        </Style>
        <Style id="style30x83330">
            <IconStyle>
                <scale>1.0</scale>
                <heading>0.0</heading>
                <Icon>
                    <href>http://www.razient.com/Razient/iconsgi/gasmask.gif</href>
                    <refreshInterval>0.0</refreshInterval>
                    <viewRefreshTime>0.0</viewRefreshTime>
                    <viewBoundScale>0.0</viewBoundScale>
                </Icon>
            </IconStyle>
        </Style>
        <Style id="style30x93330">
            <IconStyle>
                <scale>1.0</scale>
                <heading>0.0</heading>
                <Icon>
                    <href>http://www.razient.com/Razient/iconsgi/gasmask-min.gif</href>
                    <refreshInterval>0.0</refreshInterval>
                    <viewRefreshTime>0.0</viewRefreshTime>
                    <viewBoundScale>0.0</viewBoundScale>
                </Icon>
            </IconStyle>
        </Style>
        <Style id="style31x83331">
            <IconStyle>
                <scale>1.0</scale>
                <heading>0.0</heading>
                <Icon>
                    <href>http://www.razient.com/Razient/iconsgi/hurricane.gif</href>
                    <refreshInterval>0.0</refreshInterval>
                    <viewRefreshTime>0.0</viewRefreshTime>
                    <viewBoundScale>0.0</viewBoundScale>
                </Icon>
            </IconStyle>
        </Style>
        <Style id="style31x93331">
            <IconStyle>
                <scale>1.0</scale>
                <heading>0.0</heading>
                <Icon>
                    <href>http://www.razient.com/Razient/iconsgi/hurricane-min.gif</href>
                    <refreshInterval>0.0</refreshInterval>
                    <viewRefreshTime>0.0</viewRefreshTime>
                    <viewBoundScale>0.0</viewBoundScale>
                </Icon>
            </IconStyle>
        </Style>
        <Style id="style32x83332">
            <IconStyle>
                <scale>1.0</scale>
                <heading>0.0</heading>
                <Icon>
                    <href>http://www.razient.com/Razient/iconsgi/tsunami.gif</href>
                    <refreshInterval>0.0</refreshInterval>
                    <viewRefreshTime>0.0</viewRefreshTime>
                    <viewBoundScale>0.0</viewBoundScale>
                </Icon>
            </IconStyle>
        </Style>
        <Style id="style32x93332">
            <IconStyle>
                <scale>1.0</scale>
                <heading>0.0</heading>
                <Icon>
                    <href>http://www.razient.com/Razient/iconsgi/tsunami-min.gif</href>
                    <refreshInterval>0.0</refreshInterval>
                    <viewRefreshTime>0.0</viewRefreshTime>
                    <viewBoundScale>0.0</viewBoundScale>
                </Icon>
            </IconStyle>
        </Style>
        <Style id="style33x83333">
            <IconStyle>
                <scale>1.0</scale>
                <heading>0.0</heading>
                <Icon>
                    <href>http://www.razient.com/Razient/iconsgi/roadsclosed.gif</href>
                    <refreshInterval>0.0</refreshInterval>
                    <viewRefreshTime>0.0</viewRefreshTime>
                    <viewBoundScale>0.0</viewBoundScale>
                </Icon>
            </IconStyle>
        </Style>
        <Style id="style33x93333">
            <IconStyle>
                <scale>1.0</scale>
                <heading>0.0</heading>
                <Icon>
                    <href>http://www.razient.com/Razient/iconsgi/roadsclosed-min.gif</href>
                    <refreshInterval>0.0</refreshInterval>
                    <viewRefreshTime>0.0</viewRefreshTime>
                    <viewBoundScale>0.0</viewBoundScale>
                </Icon>
            </IconStyle>
        </Style>
        <Style id="style34x83334">
            <IconStyle>
                <scale>1.0</scale>
                <heading>0.0</heading>
                <Icon>
                    <href>http://www.razient.com/Razient/iconsgi/bodyfound.gif</href>
                    <refreshInterval>0.0</refreshInterval>
                    <viewRefreshTime>0.0</viewRefreshTime>
                    <viewBoundScale>0.0</viewBoundScale>
                </Icon>
            </IconStyle>
        </Style>
        <Style id="style34x93334">
            <IconStyle>
                <scale>1.0</scale>
                <heading>0.0</heading>
                <Icon>
                    <href>http://www.razient.com/Razient/iconsgi/bodyfound-min.gif</href>
                    <refreshInterval>0.0</refreshInterval>
                    <viewRefreshTime>0.0</viewRefreshTime>
                    <viewBoundScale>0.0</viewBoundScale>
                </Icon>
            </IconStyle>
        </Style>
        <Style id="style35x83335">
            <IconStyle>
                <scale>1.0</scale>
                <heading>0.0</heading>
                <Icon>
                    <href>http://www.razient.com/Razient/iconsgi/airstrike.gif</href>
                    <refreshInterval>0.0</refreshInterval>
                    <viewRefreshTime>0.0</viewRefreshTime>
                    <viewBoundScale>0.0</viewBoundScale>
                </Icon>
            </IconStyle>
        </Style>
        <Style id="style35x93335">
            <IconStyle>
                <scale>1.0</scale>
                <heading>0.0</heading>
                <Icon>
                    <href>http://www.razient.com/Razient/iconsgi/airstrike-min.gif</href>
                    <refreshInterval>0.0</refreshInterval>
                    <viewRefreshTime>0.0</viewRefreshTime>
                    <viewBoundScale>0.0</viewBoundScale>
                </Icon>
            </IconStyle>
        </Style>
        <Style id="style9999x8339999">
            <IconStyle>
                <scale>1.0</scale>
                <heading>0.0</heading>
                <Icon>
                    <href>http://www.razient.com/Razient/iconsgi/nosymbol.gif</href>
                    <refreshInterval>0.0</refreshInterval>
                    <viewRefreshTime>0.0</viewRefreshTime>
                    <viewBoundScale>0.0</viewBoundScale>
                </Icon>
            </IconStyle>
        </Style>
        <Style id="style9999x9339999">
            <IconStyle>
                <scale>1.0</scale>
                <heading>0.0</heading>
                <Icon>
                    <href>http://www.razient.com/Razient/iconsgi/nosymbol-min.gif</href>
                    <refreshInterval>0.0</refreshInterval>
                    <viewRefreshTime>0.0</viewRefreshTime>
                    <viewBoundScale>0.0</viewBoundScale>
                </Icon>
            </IconStyle>
        </Style>
        <Folder>
            <name>www.kraazient.com</name>
            <description>Maps events, incidents and other suspicious activity by kraazient</description>
            <Placemark>
                <name>Citrix Systems International GmbH/Citrix Irish Off</name>
                <visibility xmlns:ns5="http://www.w3.org/2001/XMLSchema-instance" xmlns:ns6="http://www.w3.org/2001/XMLSchema" ns5:type="ns6:boolean">true</visibility>
                <open xmlns:ns5="http://www.w3.org/2001/XMLSchema-instance" xmlns:ns6="http://www.w3.org/2001/XMLSchema" ns5:type="ns6:boolean">true</open>
                <address>East Point Business Park,dublin,Dublin,Ireland</address>
                <description>&lt;table style='text-align: left; width: 480px; height: 240px;' border='1' border-color='gray' border-style='solid' cellpadding='2' cellspacing='2'&gt;
&lt;tbody&gt;
    &lt;tr style='font-weight: bold;'&gt;
		&lt;td style='height: 78px; width: 184px;' align='undefined' valign='undefined'&gt;&lt;span style='font-weight: normal;'&gt;&lt;img src='http:\\www.razient.com\Razient\iconsgi\customer.png'/&gt;&lt;/span&gt;&lt;/td&gt;
		&lt;td colspan='3' rowspan='1' style='height: 78px; width: 291px;' align='undefined' valign='undefined'&gt;Name: Citrix Systems International GmbH/Citrix Irish Off&amp;nbsp;&lt;br&gt; Address: East Point Business Park - dublin - Dublin - Ireland&amp;nbsp;&lt;br&gt; Phone Number: &amp;nbsp;&lt;br&gt; Email: &amp;nbsp;&lt;br&gt; Primary Contact: &amp;nbsp;&lt;/td&gt;
    &lt;/tr&gt;
    &lt;tr&gt;
	   &lt;td colspan='3' rowspan='1' style='height: 0px; width: 291px;' align='undefined' valign='undefined'&gt;&amp;nbsp;&lt;/td&gt;
    &lt;/tr&gt;
  &lt;/tbody&gt;
&lt;/table&gt;</description>
                <styleUrl>#style0x70000</styleUrl>
                <Point>
                    <extrude xmlns:ns5="http://www.w3.org/2001/XMLSchema-instance" xmlns:ns6="http://www.w3.org/2001/XMLSchema" ns5:type="ns6:boolean">false</extrude>
                    <altitudeMode>clampToGround</altitudeMode>
                    <coordinates>-6.2674937,53.344105</coordinates>
                </Point>
            </Placemark>
            <Placemark>
                <name> Incident :  Road closures in Dublin</name>
                <visibility xmlns:ns5="http://www.w3.org/2001/XMLSchema-instance" xmlns:ns6="http://www.w3.org/2001/XMLSchema" ns5:type="ns6:boolean">true</visibility>
                <open xmlns:ns5="http://www.w3.org/2001/XMLSchema-instance" xmlns:ns6="http://www.w3.org/2001/XMLSchema" ns5:type="ns6:boolean">false</open>
                <description>&lt;table style='text-align: left; width: 480px; height: 240px;' border='1' border-color='gray' border-style='solid' cellpadding='2' cellspacing='2'&gt;
&lt;tbody&gt;
    &lt;tr style='font-weight: bold;'&gt;
		&lt;td style='height: 78px; width: 184px;' align='undefined' valign='undefined'&gt;&lt;span style='font-weight: normal;'&gt;&lt;img src='http:\\66.216.18.155\Razient\iconsgi\suppliers.gif'/&gt;&lt;/span&gt;&lt;/td&gt;
		&lt;td colspan='3' rowspan='1' style='height: 78px; width: 291px;' align='undefined' valign='undefined'&gt;Citrix Systems International GmbH/Citrix Irish Off&amp;nbsp;
East Point Business Park&amp;nbsp;&lt;/td&gt;
    &lt;/tr&gt;
    &lt;tr&gt;
      &lt;td style='height: 0px; width: 184px; text-align: left;' valign='undefined'&gt;&lt;span style='font-weight: bold;'&gt;Summary:&lt;/span&gt;&lt;/td&gt;
	   &lt;td colspan='3' rowspan='1' style='height: 0px; width: 291px;' align='undefined' valign='undefined'&gt; Road closures in Dublin&amp;nbsp;&lt;/td&gt;
    &lt;/tr&gt;
    &lt;tr&gt;
      &lt;td style='width: 184px; height: 26px; font-weight: bold;' align='undefined' valign='undefined'&gt;Country&lt;/td&gt;
      &lt;td style='width: 292px; height: 26px;' align='undefined' valign='undefined'&gt;Ireland&amp;nbsp;&lt;/td&gt;
      &lt;td style='height: 26px; width: 184px; font-weight: bold;' align='undefined' valign='undefined'&gt;Severity	&lt;/td&gt;
      &lt;td style='height: 26px; width: 291px;' align='undefined' valign='undefined'&gt;Low&amp;nbsp;&lt;/td&gt;
    &lt;/tr&gt;
    &lt;tr&gt;
      &lt;td style='width: 184px; height: 30px; font-weight: bold;' align='undefined' valign='undefined'&gt;State&lt;/td&gt;
      &lt;td style='width: 292px; height: 30px;' align='undefined' valign='undefined'&gt;Dublin&amp;nbsp;
&lt;/td&gt;
      &lt;td style='height: 30px; width: 184px; font-weight: bold;' align='undefined' valign='undefined'&gt;Type&lt;/td&gt;
      &lt;td style='height: 30px; width: 291px;' align='undefined' valign='undefined'&gt;Roads Closed&amp;nbsp;&lt;/td&gt;
    &lt;/tr&gt;
    &lt;tr&gt;
      &lt;td style='width: 184px; height: 24px; font-weight: bold;' align='undefined' valign='undefined'&gt;City&lt;/td&gt;
      &lt;td style='width: 292px; height: 24px;' align='undefined' valign='undefined'&gt;dublin&amp;nbsp;
&lt;/td&gt;
      &lt;td style='height: 24px; width: 184px; font-weight: bold;' align='undefined' valign='undefined'&gt;Date&lt;/td&gt;
      &lt;td style='height: 24px; width: 291px;' align='undefined' valign='undefined'&gt;2011-10-25&amp;nbsp;
&lt;/td&gt;
    &lt;/tr&gt;
    &lt;tr&gt;
      &lt;td style='width: 184px; height: 26px; font-weight: bold;' align='undefined' valign='undefined'&gt;Deaths&lt;/td&gt;
      &lt;td style='width: 292px; height: 26px;' align='undefined' valign='undefined'&gt;0&amp;nbsp;
&lt;/td&gt;
      &lt;td style='height: 26px; width: 184px; font-weight: bold;' align='undefined' valign='undefined'&gt;Url&lt;/td&gt;
      &lt;td style='height: 26px; width: 291px;' align='undefined' valign='undefined'&gt;&lt;A href=' http://www.irishtimes.com/newspaper/breaking/2011/1025/breaking23.html'&gt;Link to News&amp;nbsp;&lt;/A&gt;
&lt;/td&gt;
    &lt;/tr&gt;
    &lt;tr&gt;
      &lt;td style='width: 184px; height: 90px; font-weight: bold;' align='undefined' valign='undefined'&gt;Description&lt;/td&gt;
      &lt;td colspan='3' rowspan='1' style='height: 90px; width: 291px;' align='undefined' valign='undefined'&gt;The following is a list of the main road closures and places to avoid in Dublin, Parnell Road on the Grand Canal is closed,The Lower Lucan Road is closed between Lucan Bridge and Tinkers Hill due to flood water&amp;nbsp;
&lt;/td&gt;
    &lt;/tr&gt;
  &lt;/tbody&gt;
&lt;/table&gt;</description>
                <styleUrl>#style33x93333</styleUrl>
                <Point>
                    <extrude xmlns:ns5="http://www.w3.org/2001/XMLSchema-instance" xmlns:ns6="http://www.w3.org/2001/XMLSchema" ns5:type="ns6:boolean">false</extrude>
                    <altitudeMode>clampToGround</altitudeMode>
                    <coordinates>-6.2855165,53.3301511</coordinates>
                </Point>
            </Placemark>
            <Placemark>
                <name>Citrix Systems International GmbH/Citrix Irish Off</name>
                <visibility xmlns:ns5="http://www.w3.org/2001/XMLSchema-instance" xmlns:ns6="http://www.w3.org/2001/XMLSchema" ns5:type="ns6:boolean">true</visibility>
                <open xmlns:ns5="http://www.w3.org/2001/XMLSchema-instance" xmlns:ns6="http://www.w3.org/2001/XMLSchema" ns5:type="ns6:boolean">true</open>
                <address>East Point Business Park,dublin,Dublin,Ireland</address>
                <description>&lt;table style='text-align: left; width: 480px; height: 240px;' border='1' border-color='gray' border-style='solid' cellpadding='2' cellspacing='2'&gt;
&lt;tbody&gt;
    &lt;tr style='font-weight: bold;'&gt;
		&lt;td style='height: 78px; width: 184px;' align='undefined' valign='undefined'&gt;&lt;span style='font-weight: normal;'&gt;&lt;img src='http:\\www.razient.com\Razient\iconsgi\customer.png'/&gt;&lt;/span&gt;&lt;/td&gt;
		&lt;td colspan='3' rowspan='1' style='height: 78px; width: 291px;' align='undefined' valign='undefined'&gt;Name: Citrix Systems International GmbH/Citrix Irish Off&amp;nbsp;&lt;br&gt; Address: East Point Business Park - dublin - Dublin - Ireland&amp;nbsp;&lt;br&gt; Phone Number: &amp;nbsp;&lt;br&gt; Email: &amp;nbsp;&lt;br&gt; Primary Contact: &amp;nbsp;&lt;/td&gt;
    &lt;/tr&gt;
    &lt;tr&gt;
	   &lt;td colspan='3' rowspan='1' style='height: 0px; width: 291px;' align='undefined' valign='undefined'&gt;&amp;nbsp;&lt;/td&gt;
    &lt;/tr&gt;
  &lt;/tbody&gt;
&lt;/table&gt;</description>
                <styleUrl>#style0x70000</styleUrl>
                <Point>
                    <extrude xmlns:ns5="http://www.w3.org/2001/XMLSchema-instance" xmlns:ns6="http://www.w3.org/2001/XMLSchema" ns5:type="ns6:boolean">false</extrude>
                    <altitudeMode>clampToGround</altitudeMode>
                    <coordinates>-6.2674937,53.344105</coordinates>
                </Point>
            </Placemark>
            <Placemark>
                <name> Incident :  Road closures in Dublin</name>
                <visibility xmlns:ns5="http://www.w3.org/2001/XMLSchema-instance" xmlns:ns6="http://www.w3.org/2001/XMLSchema" ns5:type="ns6:boolean">true</visibility>
                <open xmlns:ns5="http://www.w3.org/2001/XMLSchema-instance" xmlns:ns6="http://www.w3.org/2001/XMLSchema" ns5:type="ns6:boolean">false</open>
                <description>&lt;table style='text-align: left; width: 480px; height: 240px;' border='1' border-color='gray' border-style='solid' cellpadding='2' cellspacing='2'&gt;
&lt;tbody&gt;
    &lt;tr style='font-weight: bold;'&gt;
		&lt;td style='height: 78px; width: 184px;' align='undefined' valign='undefined'&gt;&lt;span style='font-weight: normal;'&gt;&lt;img src='http:\\66.216.18.155\Razient\iconsgi\suppliers.gif'/&gt;&lt;/span&gt;&lt;/td&gt;
		&lt;td colspan='3' rowspan='1' style='height: 78px; width: 291px;' align='undefined' valign='undefined'&gt;Citrix Systems International GmbH/Citrix Irish Off&amp;nbsp;
East Point Business Park&amp;nbsp;&lt;/td&gt;
    &lt;/tr&gt;
    &lt;tr&gt;
      &lt;td style='height: 0px; width: 184px; text-align: left;' valign='undefined'&gt;&lt;span style='font-weight: bold;'&gt;Summary:&lt;/span&gt;&lt;/td&gt;
	   &lt;td colspan='3' rowspan='1' style='height: 0px; width: 291px;' align='undefined' valign='undefined'&gt; Road closures in Dublin&amp;nbsp;&lt;/td&gt;
    &lt;/tr&gt;
    &lt;tr&gt;
      &lt;td style='width: 184px; height: 26px; font-weight: bold;' align='undefined' valign='undefined'&gt;Country&lt;/td&gt;
      &lt;td style='width: 292px; height: 26px;' align='undefined' valign='undefined'&gt;Ireland&amp;nbsp;&lt;/td&gt;
      &lt;td style='height: 26px; width: 184px; font-weight: bold;' align='undefined' valign='undefined'&gt;Severity	&lt;/td&gt;
      &lt;td style='height: 26px; width: 291px;' align='undefined' valign='undefined'&gt;Low&amp;nbsp;&lt;/td&gt;
    &lt;/tr&gt;
    &lt;tr&gt;
      &lt;td style='width: 184px; height: 30px; font-weight: bold;' align='undefined' valign='undefined'&gt;State&lt;/td&gt;
      &lt;td style='width: 292px; height: 30px;' align='undefined' valign='undefined'&gt;Dublin&amp;nbsp;
&lt;/td&gt;
      &lt;td style='height: 30px; width: 184px; font-weight: bold;' align='undefined' valign='undefined'&gt;Type&lt;/td&gt;
      &lt;td style='height: 30px; width: 291px;' align='undefined' valign='undefined'&gt;Roads Closed&amp;nbsp;&lt;/td&gt;
    &lt;/tr&gt;
    &lt;tr&gt;
      &lt;td style='width: 184px; height: 24px; font-weight: bold;' align='undefined' valign='undefined'&gt;City&lt;/td&gt;
      &lt;td style='width: 292px; height: 24px;' align='undefined' valign='undefined'&gt;dublin&amp;nbsp;
&lt;/td&gt;
      &lt;td style='height: 24px; width: 184px; font-weight: bold;' align='undefined' valign='undefined'&gt;Date&lt;/td&gt;
      &lt;td style='height: 24px; width: 291px;' align='undefined' valign='undefined'&gt;2011-10-25&amp;nbsp;
&lt;/td&gt;
    &lt;/tr&gt;
    &lt;tr&gt;
      &lt;td style='width: 184px; height: 26px; font-weight: bold;' align='undefined' valign='undefined'&gt;Deaths&lt;/td&gt;
      &lt;td style='width: 292px; height: 26px;' align='undefined' valign='undefined'&gt;0&amp;nbsp;
&lt;/td&gt;
      &lt;td style='height: 26px; width: 184px; font-weight: bold;' align='undefined' valign='undefined'&gt;Url&lt;/td&gt;
      &lt;td style='height: 26px; width: 291px;' align='undefined' valign='undefined'&gt;&lt;A href=' http://www.irishtimes.com/newspaper/breaking/2011/1025/breaking23.html'&gt;Link to News&amp;nbsp;&lt;/A&gt;
&lt;/td&gt;
    &lt;/tr&gt;
    &lt;tr&gt;
      &lt;td style='width: 184px; height: 90px; font-weight: bold;' align='undefined' valign='undefined'&gt;Description&lt;/td&gt;
      &lt;td colspan='3' rowspan='1' style='height: 90px; width: 291px;' align='undefined' valign='undefined'&gt;The following is a list of the main road closures and places to avoid in Dublin, Parnell Road on the Grand Canal is closed,The Lower Lucan Road is closed between Lucan Bridge and Tinkers Hill due to flood water&amp;nbsp;
&lt;/td&gt;
    &lt;/tr&gt;
  &lt;/tbody&gt;
&lt;/table&gt;</description>
                <styleUrl>#style33x93333</styleUrl>
                <Point>
                    <extrude xmlns:ns5="http://www.w3.org/2001/XMLSchema-instance" xmlns:ns6="http://www.w3.org/2001/XMLSchema" ns5:type="ns6:boolean">false</extrude>
                    <altitudeMode>clampToGround</altitudeMode>
                    <coordinates>-6.2855165,53.3301511</coordinates>
                </Point>
            </Placemark>
            <Placemark>
                <name>Citrix Systems Malaysia</name>
                <visibility xmlns:ns5="http://www.w3.org/2001/XMLSchema-instance" xmlns:ns6="http://www.w3.org/2001/XMLSchema" ns5:type="ns6:boolean">true</visibility>
                <open xmlns:ns5="http://www.w3.org/2001/XMLSchema-instance" xmlns:ns6="http://www.w3.org/2001/XMLSchema" ns5:type="ns6:boolean">true</open>
                <address>165 Jalan Ampang, Level 36,kuala lumpur,Kuala Lumpur,Malaysia</address>
                <description>&lt;table style='text-align: left; width: 480px; height: 240px;' border='1' border-color='gray' border-style='solid' cellpadding='2' cellspacing='2'&gt;
&lt;tbody&gt;
    &lt;tr style='font-weight: bold;'&gt;
		&lt;td style='height: 78px; width: 184px;' align='undefined' valign='undefined'&gt;&lt;span style='font-weight: normal;'&gt;&lt;img src='http:\\www.razient.com\Razient\iconsgi\customer.png'/&gt;&lt;/span&gt;&lt;/td&gt;
		&lt;td colspan='3' rowspan='1' style='height: 78px; width: 291px;' align='undefined' valign='undefined'&gt;Name: Citrix Systems Malaysia&amp;nbsp;&lt;br&gt; Address: 165 Jalan Ampang, Level 36 - kuala lumpur - Kuala Lumpur - Malaysia&amp;nbsp;&lt;br&gt; Phone Number: &amp;nbsp;&lt;br&gt; Email: &amp;nbsp;&lt;br&gt; Primary Contact: &amp;nbsp;&lt;/td&gt;
    &lt;/tr&gt;
    &lt;tr&gt;
	   &lt;td colspan='3' rowspan='1' style='height: 0px; width: 291px;' align='undefined' valign='undefined'&gt;&amp;nbsp;&lt;/td&gt;
    &lt;/tr&gt;
  &lt;/tbody&gt;
&lt;/table&gt;</description>
                <styleUrl>#style0x70000</styleUrl>
                <Point>
                    <extrude xmlns:ns5="http://www.w3.org/2001/XMLSchema-instance" xmlns:ns6="http://www.w3.org/2001/XMLSchema" ns5:type="ns6:boolean">false</extrude>
                    <altitudeMode>clampToGround</altitudeMode>
                    <coordinates>101.717896,3.1602676</coordinates>
                </Point>
            </Placemark>
            <Placemark>
                <name> Incident : Honda halts production at Malaysia for parts shortage in Thailand &#xD;
 &#xD;
 &#xD;
 </name>
                <visibility xmlns:ns5="http://www.w3.org/2001/XMLSchema-instance" xmlns:ns6="http://www.w3.org/2001/XMLSchema" ns5:type="ns6:boolean">true</visibility>
                <open xmlns:ns5="http://www.w3.org/2001/XMLSchema-instance" xmlns:ns6="http://www.w3.org/2001/XMLSchema" ns5:type="ns6:boolean">false</open>
                <description>&lt;table style='text-align: left; width: 480px; height: 240px;' border='1' border-color='gray' border-style='solid' cellpadding='2' cellspacing='2'&gt;
&lt;tbody&gt;
    &lt;tr style='font-weight: bold;'&gt;
		&lt;td style='height: 78px; width: 184px;' align='undefined' valign='undefined'&gt;&lt;span style='font-weight: normal;'&gt;&lt;img src='http:\\66.216.18.155\Razient\iconsgi\suppliers.gif'/&gt;&lt;/span&gt;&lt;/td&gt;
		&lt;td colspan='3' rowspan='1' style='height: 78px; width: 291px;' align='undefined' valign='undefined'&gt;Citrix Systems Malaysia&amp;nbsp;
165 Jalan Ampang, Level 36&amp;nbsp;&lt;/td&gt;
    &lt;/tr&gt;
    &lt;tr&gt;
      &lt;td style='height: 0px; width: 184px; text-align: left;' valign='undefined'&gt;&lt;span style='font-weight: bold;'&gt;Summary:&lt;/span&gt;&lt;/td&gt;
	   &lt;td colspan='3' rowspan='1' style='height: 0px; width: 291px;' align='undefined' valign='undefined'&gt;Honda halts production at Malaysia for parts shortage in Thailand &#xD;
 &#xD;
 &#xD;
 &amp;nbsp;&lt;/td&gt;
    &lt;/tr&gt;
    &lt;tr&gt;
      &lt;td style='width: 184px; height: 26px; font-weight: bold;' align='undefined' valign='undefined'&gt;Country&lt;/td&gt;
      &lt;td style='width: 292px; height: 26px;' align='undefined' valign='undefined'&gt;Malaysia&amp;nbsp;&lt;/td&gt;
      &lt;td style='height: 26px; width: 184px; font-weight: bold;' align='undefined' valign='undefined'&gt;Severity	&lt;/td&gt;
      &lt;td style='height: 26px; width: 291px;' align='undefined' valign='undefined'&gt;High&amp;nbsp;&lt;/td&gt;
    &lt;/tr&gt;
    &lt;tr&gt;
      &lt;td style='width: 184px; height: 30px; font-weight: bold;' align='undefined' valign='undefined'&gt;State&lt;/td&gt;
      &lt;td style='width: 292px; height: 30px;' align='undefined' valign='undefined'&gt;Kuala Lumpur&amp;nbsp;
&lt;/td&gt;
      &lt;td style='height: 30px; width: 184px; font-weight: bold;' align='undefined' valign='undefined'&gt;Type&lt;/td&gt;
      &lt;td style='height: 30px; width: 291px;' align='undefined' valign='undefined'&gt;Flood&amp;nbsp;&lt;/td&gt;
    &lt;/tr&gt;
    &lt;tr&gt;
      &lt;td style='width: 184px; height: 24px; font-weight: bold;' align='undefined' valign='undefined'&gt;City&lt;/td&gt;
      &lt;td style='width: 292px; height: 24px;' align='undefined' valign='undefined'&gt;kuala lumpur&amp;nbsp;
&lt;/td&gt;
      &lt;td style='height: 24px; width: 184px; font-weight: bold;' align='undefined' valign='undefined'&gt;Date&lt;/td&gt;
      &lt;td style='height: 24px; width: 291px;' align='undefined' valign='undefined'&gt;2011-10-25&amp;nbsp;
&lt;/td&gt;
    &lt;/tr&gt;
    &lt;tr&gt;
      &lt;td style='width: 184px; height: 26px; font-weight: bold;' align='undefined' valign='undefined'&gt;Deaths&lt;/td&gt;
      &lt;td style='width: 292px; height: 26px;' align='undefined' valign='undefined'&gt;0&amp;nbsp;
&lt;/td&gt;
      &lt;td style='height: 26px; width: 184px; font-weight: bold;' align='undefined' valign='undefined'&gt;Url&lt;/td&gt;
      &lt;td style='height: 26px; width: 291px;' align='undefined' valign='undefined'&gt;&lt;A href=' http://news.xinhuanet.com/english2010/business/2011-10/25/c_131212108.htm'&gt;Link to News&amp;nbsp;&lt;/A&gt;
&lt;/td&gt;
    &lt;/tr&gt;
    &lt;tr&gt;
      &lt;td style='width: 184px; height: 90px; font-weight: bold;' align='undefined' valign='undefined'&gt;Description&lt;/td&gt;
      &lt;td colspan='3' rowspan='1' style='height: 90px; width: 291px;' align='undefined' valign='undefined'&gt; Japanese carmaker Honda temporarily halted production at its plant in Malaysia due to parts shortage caused by the flood disaster in Thailand.&amp;nbsp;
&lt;/td&gt;
    &lt;/tr&gt;
  &lt;/tbody&gt;
&lt;/table&gt;</description>
                <styleUrl>#style8x93308</styleUrl>
                <Point>
                    <extrude xmlns:ns5="http://www.w3.org/2001/XMLSchema-instance" xmlns:ns6="http://www.w3.org/2001/XMLSchema" ns5:type="ns6:boolean">false</extrude>
                    <altitudeMode>clampToGround</altitudeMode>
                    <coordinates>101.686855,3.139003</coordinates>
                </Point>
            </Placemark>
            <Placemark>
                <name>Citrix Systems Singapore Pte Ltd</name>
                <visibility xmlns:ns5="http://www.w3.org/2001/XMLSchema-instance" xmlns:ns6="http://www.w3.org/2001/XMLSchema" ns5:type="ns6:boolean">true</visibility>
                <open xmlns:ns5="http://www.w3.org/2001/XMLSchema-instance" xmlns:ns6="http://www.w3.org/2001/XMLSchema" ns5:type="ns6:boolean">true</open>
                <address>8, Temasek Boulevard, #34-02, Suntec Tower 3,singapore,SINGAPORE,Singapore</address>
                <description>&lt;table style='text-align: left; width: 480px; height: 240px;' border='1' border-color='gray' border-style='solid' cellpadding='2' cellspacing='2'&gt;
&lt;tbody&gt;
    &lt;tr style='font-weight: bold;'&gt;
		&lt;td style='height: 78px; width: 184px;' align='undefined' valign='undefined'&gt;&lt;span style='font-weight: normal;'&gt;&lt;img src='http:\\www.razient.com\Razient\iconsgi\customer.png'/&gt;&lt;/span&gt;&lt;/td&gt;
		&lt;td colspan='3' rowspan='1' style='height: 78px; width: 291px;' align='undefined' valign='undefined'&gt;Name: Citrix Systems Singapore Pte Ltd&amp;nbsp;&lt;br&gt; Address: 8, Temasek Boulevard, #34-02, Suntec Tower 3 - singapore - SINGAPORE - Singapore&amp;nbsp;&lt;br&gt; Phone Number: &amp;nbsp;&lt;br&gt; Email: &amp;nbsp;&lt;br&gt; Primary Contact: &amp;nbsp;&lt;/td&gt;
    &lt;/tr&gt;
    &lt;tr&gt;
	   &lt;td colspan='3' rowspan='1' style='height: 0px; width: 291px;' align='undefined' valign='undefined'&gt;&amp;nbsp;&lt;/td&gt;
    &lt;/tr&gt;
  &lt;/tbody&gt;
&lt;/table&gt;</description>
                <styleUrl>#style0x70000</styleUrl>
                <Point>
                    <extrude xmlns:ns5="http://www.w3.org/2001/XMLSchema-instance" xmlns:ns6="http://www.w3.org/2001/XMLSchema" ns5:type="ns6:boolean">false</extrude>
                    <altitudeMode>clampToGround</altitudeMode>
                    <coordinates>103.857834,1.2942312</coordinates>
                </Point>
            </Placemark>
            <Placemark>
                <name> Incident :  Flash floods reported in several parts of Singapore</name>
                <visibility xmlns:ns5="http://www.w3.org/2001/XMLSchema-instance" xmlns:ns6="http://www.w3.org/2001/XMLSchema" ns5:type="ns6:boolean">true</visibility>
                <open xmlns:ns5="http://www.w3.org/2001/XMLSchema-instance" xmlns:ns6="http://www.w3.org/2001/XMLSchema" ns5:type="ns6:boolean">false</open>
                <description>&lt;table style='text-align: left; width: 480px; height: 240px;' border='1' border-color='gray' border-style='solid' cellpadding='2' cellspacing='2'&gt;
&lt;tbody&gt;
    &lt;tr style='font-weight: bold;'&gt;
		&lt;td style='height: 78px; width: 184px;' align='undefined' valign='undefined'&gt;&lt;span style='font-weight: normal;'&gt;&lt;img src='http:\\66.216.18.155\Razient\iconsgi\suppliers.gif'/&gt;&lt;/span&gt;&lt;/td&gt;
		&lt;td colspan='3' rowspan='1' style='height: 78px; width: 291px;' align='undefined' valign='undefined'&gt;Citrix Systems Singapore Pte Ltd&amp;nbsp;
8, Temasek Boulevard, #34-02, Suntec Tower 3&amp;nbsp;&lt;/td&gt;
    &lt;/tr&gt;
    &lt;tr&gt;
      &lt;td style='height: 0px; width: 184px; text-align: left;' valign='undefined'&gt;&lt;span style='font-weight: bold;'&gt;Summary:&lt;/span&gt;&lt;/td&gt;
	   &lt;td colspan='3' rowspan='1' style='height: 0px; width: 291px;' align='undefined' valign='undefined'&gt; Flash floods reported in several parts of Singapore&amp;nbsp;&lt;/td&gt;
    &lt;/tr&gt;
    &lt;tr&gt;
      &lt;td style='width: 184px; height: 26px; font-weight: bold;' align='undefined' valign='undefined'&gt;Country&lt;/td&gt;
      &lt;td style='width: 292px; height: 26px;' align='undefined' valign='undefined'&gt;Singapore&amp;nbsp;&lt;/td&gt;
      &lt;td style='height: 26px; width: 184px; font-weight: bold;' align='undefined' valign='undefined'&gt;Severity	&lt;/td&gt;
      &lt;td style='height: 26px; width: 291px;' align='undefined' valign='undefined'&gt;High&amp;nbsp;&lt;/td&gt;
    &lt;/tr&gt;
    &lt;tr&gt;
      &lt;td style='width: 184px; height: 30px; font-weight: bold;' align='undefined' valign='undefined'&gt;State&lt;/td&gt;
      &lt;td style='width: 292px; height: 30px;' align='undefined' valign='undefined'&gt;SINGAPORE&amp;nbsp;
&lt;/td&gt;
      &lt;td style='height: 30px; width: 184px; font-weight: bold;' align='undefined' valign='undefined'&gt;Type&lt;/td&gt;
      &lt;td style='height: 30px; width: 291px;' align='undefined' valign='undefined'&gt;Flood&amp;nbsp;&lt;/td&gt;
    &lt;/tr&gt;
    &lt;tr&gt;
      &lt;td style='width: 184px; height: 24px; font-weight: bold;' align='undefined' valign='undefined'&gt;City&lt;/td&gt;
      &lt;td style='width: 292px; height: 24px;' align='undefined' valign='undefined'&gt;singapore&amp;nbsp;
&lt;/td&gt;
      &lt;td style='height: 24px; width: 184px; font-weight: bold;' align='undefined' valign='undefined'&gt;Date&lt;/td&gt;
      &lt;td style='height: 24px; width: 291px;' align='undefined' valign='undefined'&gt;2011-10-21&amp;nbsp;
&lt;/td&gt;
    &lt;/tr&gt;
    &lt;tr&gt;
      &lt;td style='width: 184px; height: 26px; font-weight: bold;' align='undefined' valign='undefined'&gt;Deaths&lt;/td&gt;
      &lt;td style='width: 292px; height: 26px;' align='undefined' valign='undefined'&gt;0&amp;nbsp;
&lt;/td&gt;
      &lt;td style='height: 26px; width: 184px; font-weight: bold;' align='undefined' valign='undefined'&gt;Url&lt;/td&gt;
      &lt;td style='height: 26px; width: 291px;' align='undefined' valign='undefined'&gt;&lt;A href=' http://news.asiaone.com/News/AsiaOne%2BNews/Singapore/Story/A1Story20111021-306361.html'&gt;Link to News&amp;nbsp;&lt;/A&gt;
&lt;/td&gt;
    &lt;/tr&gt;
    &lt;tr&gt;
      &lt;td style='width: 184px; height: 90px; font-weight: bold;' align='undefined' valign='undefined'&gt;Description&lt;/td&gt;
      &lt;td colspan='3' rowspan='1' style='height: 90px; width: 291px;' align='undefined' valign='undefined'&gt; Flash floods hit various parts of Singapore earlier today including Bukit Panjang, Serangoon, Upper Serangoon and Woodlands roads.&amp;nbsp;
&lt;/td&gt;
    &lt;/tr&gt;
  &lt;/tbody&gt;
&lt;/table&gt;</description>
                <styleUrl>#style8x93308</styleUrl>
                <Point>
                    <extrude xmlns:ns5="http://www.w3.org/2001/XMLSchema-instance" xmlns:ns6="http://www.w3.org/2001/XMLSchema" ns5:type="ns6:boolean">false</extrude>
                    <altitudeMode>clampToGround</altitudeMode>
                    <coordinates>103.768449,1.455366</coordinates>
                </Point>
            </Placemark>
            <Placemark>
                <name>Citrix Systems Singapore Pte Ltd</name>
                <visibility xmlns:ns5="http://www.w3.org/2001/XMLSchema-instance" xmlns:ns6="http://www.w3.org/2001/XMLSchema" ns5:type="ns6:boolean">true</visibility>
                <open xmlns:ns5="http://www.w3.org/2001/XMLSchema-instance" xmlns:ns6="http://www.w3.org/2001/XMLSchema" ns5:type="ns6:boolean">true</open>
                <address>8, Temasek Boulevard, #34-02, Suntec Tower 3,singapore,SINGAPORE,Singapore</address>
                <description>&lt;table style='text-align: left; width: 480px; height: 240px;' border='1' border-color='gray' border-style='solid' cellpadding='2' cellspacing='2'&gt;
&lt;tbody&gt;
    &lt;tr style='font-weight: bold;'&gt;
		&lt;td style='height: 78px; width: 184px;' align='undefined' valign='undefined'&gt;&lt;span style='font-weight: normal;'&gt;&lt;img src='http:\\www.razient.com\Razient\iconsgi\customer.png'/&gt;&lt;/span&gt;&lt;/td&gt;
		&lt;td colspan='3' rowspan='1' style='height: 78px; width: 291px;' align='undefined' valign='undefined'&gt;Name: Citrix Systems Singapore Pte Ltd&amp;nbsp;&lt;br&gt; Address: 8, Temasek Boulevard, #34-02, Suntec Tower 3 - singapore - SINGAPORE - Singapore&amp;nbsp;&lt;br&gt; Phone Number: &amp;nbsp;&lt;br&gt; Email: &amp;nbsp;&lt;br&gt; Primary Contact: &amp;nbsp;&lt;/td&gt;
    &lt;/tr&gt;
    &lt;tr&gt;
	   &lt;td colspan='3' rowspan='1' style='height: 0px; width: 291px;' align='undefined' valign='undefined'&gt;&amp;nbsp;&lt;/td&gt;
    &lt;/tr&gt;
  &lt;/tbody&gt;
&lt;/table&gt;</description>
                <styleUrl>#style0x70000</styleUrl>
                <Point>
                    <extrude xmlns:ns5="http://www.w3.org/2001/XMLSchema-instance" xmlns:ns6="http://www.w3.org/2001/XMLSchema" ns5:type="ns6:boolean">false</extrude>
                    <altitudeMode>clampToGround</altitudeMode>
                    <coordinates>103.857834,1.2942312</coordinates>
                </Point>
            </Placemark>
            <Placemark>
                <name> Incident :  Roads flooded in singapore</name>
                <visibility xmlns:ns5="http://www.w3.org/2001/XMLSchema-instance" xmlns:ns6="http://www.w3.org/2001/XMLSchema" ns5:type="ns6:boolean">true</visibility>
                <open xmlns:ns5="http://www.w3.org/2001/XMLSchema-instance" xmlns:ns6="http://www.w3.org/2001/XMLSchema" ns5:type="ns6:boolean">false</open>
                <description>&lt;table style='text-align: left; width: 480px; height: 240px;' border='1' border-color='gray' border-style='solid' cellpadding='2' cellspacing='2'&gt;
&lt;tbody&gt;
    &lt;tr style='font-weight: bold;'&gt;
		&lt;td style='height: 78px; width: 184px;' align='undefined' valign='undefined'&gt;&lt;span style='font-weight: normal;'&gt;&lt;img src='http:\\66.216.18.155\Razient\iconsgi\suppliers.gif'/&gt;&lt;/span&gt;&lt;/td&gt;
		&lt;td colspan='3' rowspan='1' style='height: 78px; width: 291px;' align='undefined' valign='undefined'&gt;Citrix Systems Singapore Pte Ltd&amp;nbsp;
8, Temasek Boulevard, #34-02, Suntec Tower 3&amp;nbsp;&lt;/td&gt;
    &lt;/tr&gt;
    &lt;tr&gt;
      &lt;td style='height: 0px; width: 184px; text-align: left;' valign='undefined'&gt;&lt;span style='font-weight: bold;'&gt;Summary:&lt;/span&gt;&lt;/td&gt;
	   &lt;td colspan='3' rowspan='1' style='height: 0px; width: 291px;' align='undefined' valign='undefined'&gt; Roads flooded in singapore&amp;nbsp;&lt;/td&gt;
    &lt;/tr&gt;
    &lt;tr&gt;
      &lt;td style='width: 184px; height: 26px; font-weight: bold;' align='undefined' valign='undefined'&gt;Country&lt;/td&gt;
      &lt;td style='width: 292px; height: 26px;' align='undefined' valign='undefined'&gt;Singapore&amp;nbsp;&lt;/td&gt;
      &lt;td style='height: 26px; width: 184px; font-weight: bold;' align='undefined' valign='undefined'&gt;Severity	&lt;/td&gt;
      &lt;td style='height: 26px; width: 291px;' align='undefined' valign='undefined'&gt;High&amp;nbsp;&lt;/td&gt;
    &lt;/tr&gt;
    &lt;tr&gt;
      &lt;td style='width: 184px; height: 30px; font-weight: bold;' align='undefined' valign='undefined'&gt;State&lt;/td&gt;
      &lt;td style='width: 292px; height: 30px;' align='undefined' valign='undefined'&gt;SINGAPORE&amp;nbsp;
&lt;/td&gt;
      &lt;td style='height: 30px; width: 184px; font-weight: bold;' align='undefined' valign='undefined'&gt;Type&lt;/td&gt;
      &lt;td style='height: 30px; width: 291px;' align='undefined' valign='undefined'&gt;Flood&amp;nbsp;&lt;/td&gt;
    &lt;/tr&gt;
    &lt;tr&gt;
      &lt;td style='width: 184px; height: 24px; font-weight: bold;' align='undefined' valign='undefined'&gt;City&lt;/td&gt;
      &lt;td style='width: 292px; height: 24px;' align='undefined' valign='undefined'&gt;singapore&amp;nbsp;
&lt;/td&gt;
      &lt;td style='height: 24px; width: 184px; font-weight: bold;' align='undefined' valign='undefined'&gt;Date&lt;/td&gt;
      &lt;td style='height: 24px; width: 291px;' align='undefined' valign='undefined'&gt;2011-10-21&amp;nbsp;
&lt;/td&gt;
    &lt;/tr&gt;
    &lt;tr&gt;
      &lt;td style='width: 184px; height: 26px; font-weight: bold;' align='undefined' valign='undefined'&gt;Deaths&lt;/td&gt;
      &lt;td style='width: 292px; height: 26px;' align='undefined' valign='undefined'&gt;0&amp;nbsp;
&lt;/td&gt;
      &lt;td style='height: 26px; width: 184px; font-weight: bold;' align='undefined' valign='undefined'&gt;Url&lt;/td&gt;
      &lt;td style='height: 26px; width: 291px;' align='undefined' valign='undefined'&gt;&lt;A href=' http://news.asiaone.com/News/AsiaOne%2BNews/Singapore/Story/A1Story20111021-306361.html'&gt;Link to News&amp;nbsp;&lt;/A&gt;
&lt;/td&gt;
    &lt;/tr&gt;
    &lt;tr&gt;
      &lt;td style='width: 184px; height: 90px; font-weight: bold;' align='undefined' valign='undefined'&gt;Description&lt;/td&gt;
      &lt;td colspan='3' rowspan='1' style='height: 90px; width: 291px;' align='undefined' valign='undefined'&gt;Flash floods happened at Upper Serangoon Road after PIE exit, next to the Woodsville Flyover. PUB said two lanes are impassable to traffic, leaving just one lane for motorists&amp;nbsp;
&lt;/td&gt;
    &lt;/tr&gt;
  &lt;/tbody&gt;
&lt;/table&gt;</description>
                <styleUrl>#style8x93308</styleUrl>
                <Point>
                    <extrude xmlns:ns5="http://www.w3.org/2001/XMLSchema-instance" xmlns:ns6="http://www.w3.org/2001/XMLSchema" ns5:type="ns6:boolean">false</extrude>
                    <altitudeMode>clampToGround</altitudeMode>
                    <coordinates>103.8829514,1.3626072999999999</coordinates>
                </Point>
            </Placemark>
            <Placemark>
                <name>Citrix Systems Singapore Pte Ltd</name>
                <visibility xmlns:ns5="http://www.w3.org/2001/XMLSchema-instance" xmlns:ns6="http://www.w3.org/2001/XMLSchema" ns5:type="ns6:boolean">true</visibility>
                <open xmlns:ns5="http://www.w3.org/2001/XMLSchema-instance" xmlns:ns6="http://www.w3.org/2001/XMLSchema" ns5:type="ns6:boolean">true</open>
                <address>8, Temasek Boulevard, #34-02, Suntec Tower 3,singapore,SINGAPORE,Singapore</address>
                <description>&lt;table style='text-align: left; width: 480px; height: 240px;' border='1' border-color='gray' border-style='solid' cellpadding='2' cellspacing='2'&gt;
&lt;tbody&gt;
    &lt;tr style='font-weight: bold;'&gt;
		&lt;td style='height: 78px; width: 184px;' align='undefined' valign='undefined'&gt;&lt;span style='font-weight: normal;'&gt;&lt;img src='http:\\www.razient.com\Razient\iconsgi\customer.png'/&gt;&lt;/span&gt;&lt;/td&gt;
		&lt;td colspan='3' rowspan='1' style='height: 78px; width: 291px;' align='undefined' valign='undefined'&gt;Name: Citrix Systems Singapore Pte Ltd&amp;nbsp;&lt;br&gt; Address: 8, Temasek Boulevard, #34-02, Suntec Tower 3 - singapore - SINGAPORE - Singapore&amp;nbsp;&lt;br&gt; Phone Number: &amp;nbsp;&lt;br&gt; Email: &amp;nbsp;&lt;br&gt; Primary Contact: &amp;nbsp;&lt;/td&gt;
    &lt;/tr&gt;
    &lt;tr&gt;
	   &lt;td colspan='3' rowspan='1' style='height: 0px; width: 291px;' align='undefined' valign='undefined'&gt;&amp;nbsp;&lt;/td&gt;
    &lt;/tr&gt;
  &lt;/tbody&gt;
&lt;/table&gt;</description>
                <styleUrl>#style0x70000</styleUrl>
                <Point>
                    <extrude xmlns:ns5="http://www.w3.org/2001/XMLSchema-instance" xmlns:ns6="http://www.w3.org/2001/XMLSchema" ns5:type="ns6:boolean">false</extrude>
                    <altitudeMode>clampToGround</altitudeMode>
                    <coordinates>103.857834,1.2942312</coordinates>
                </Point>
            </Placemark>
            <Placemark>
                <name> Incident :  Potong pasir avenue flooded</name>
                <visibility xmlns:ns5="http://www.w3.org/2001/XMLSchema-instance" xmlns:ns6="http://www.w3.org/2001/XMLSchema" ns5:type="ns6:boolean">true</visibility>
                <open xmlns:ns5="http://www.w3.org/2001/XMLSchema-instance" xmlns:ns6="http://www.w3.org/2001/XMLSchema" ns5:type="ns6:boolean">false</open>
                <description>&lt;table style='text-align: left; width: 480px; height: 240px;' border='1' border-color='gray' border-style='solid' cellpadding='2' cellspacing='2'&gt;
&lt;tbody&gt;
    &lt;tr style='font-weight: bold;'&gt;
		&lt;td style='height: 78px; width: 184px;' align='undefined' valign='undefined'&gt;&lt;span style='font-weight: normal;'&gt;&lt;img src='http:\\66.216.18.155\Razient\iconsgi\suppliers.gif'/&gt;&lt;/span&gt;&lt;/td&gt;
		&lt;td colspan='3' rowspan='1' style='height: 78px; width: 291px;' align='undefined' valign='undefined'&gt;Citrix Systems Singapore Pte Ltd&amp;nbsp;
8, Temasek Boulevard, #34-02, Suntec Tower 3&amp;nbsp;&lt;/td&gt;
    &lt;/tr&gt;
    &lt;tr&gt;
      &lt;td style='height: 0px; width: 184px; text-align: left;' valign='undefined'&gt;&lt;span style='font-weight: bold;'&gt;Summary:&lt;/span&gt;&lt;/td&gt;
	   &lt;td colspan='3' rowspan='1' style='height: 0px; width: 291px;' align='undefined' valign='undefined'&gt; Potong pasir avenue flooded&amp;nbsp;&lt;/td&gt;
    &lt;/tr&gt;
    &lt;tr&gt;
      &lt;td style='width: 184px; height: 26px; font-weight: bold;' align='undefined' valign='undefined'&gt;Country&lt;/td&gt;
      &lt;td style='width: 292px; height: 26px;' align='undefined' valign='undefined'&gt;Singapore&amp;nbsp;&lt;/td&gt;
      &lt;td style='height: 26px; width: 184px; font-weight: bold;' align='undefined' valign='undefined'&gt;Severity	&lt;/td&gt;
      &lt;td style='height: 26px; width: 291px;' align='undefined' valign='undefined'&gt;High&amp;nbsp;&lt;/td&gt;
    &lt;/tr&gt;
    &lt;tr&gt;
      &lt;td style='width: 184px; height: 30px; font-weight: bold;' align='undefined' valign='undefined'&gt;State&lt;/td&gt;
      &lt;td style='width: 292px; height: 30px;' align='undefined' valign='undefined'&gt;SINGAPORE&amp;nbsp;
&lt;/td&gt;
      &lt;td style='height: 30px; width: 184px; font-weight: bold;' align='undefined' valign='undefined'&gt;Type&lt;/td&gt;
      &lt;td style='height: 30px; width: 291px;' align='undefined' valign='undefined'&gt;Flood&amp;nbsp;&lt;/td&gt;
    &lt;/tr&gt;
    &lt;tr&gt;
      &lt;td style='width: 184px; height: 24px; font-weight: bold;' align='undefined' valign='undefined'&gt;City&lt;/td&gt;
      &lt;td style='width: 292px; height: 24px;' align='undefined' valign='undefined'&gt;singapore&amp;nbsp;
&lt;/td&gt;
      &lt;td style='height: 24px; width: 184px; font-weight: bold;' align='undefined' valign='undefined'&gt;Date&lt;/td&gt;
      &lt;td style='height: 24px; width: 291px;' align='undefined' valign='undefined'&gt;2011-10-21&amp;nbsp;
&lt;/td&gt;
    &lt;/tr&gt;
    &lt;tr&gt;
      &lt;td style='width: 184px; height: 26px; font-weight: bold;' align='undefined' valign='undefined'&gt;Deaths&lt;/td&gt;
      &lt;td style='width: 292px; height: 26px;' align='undefined' valign='undefined'&gt;0&amp;nbsp;
&lt;/td&gt;
      &lt;td style='height: 26px; width: 184px; font-weight: bold;' align='undefined' valign='undefined'&gt;Url&lt;/td&gt;
      &lt;td style='height: 26px; width: 291px;' align='undefined' valign='undefined'&gt;&lt;A href=' http://news.asiaone.com/News/AsiaOne%2BNews/Singapore/Story/A1Story20111021-306361.html'&gt;Link to News&amp;nbsp;&lt;/A&gt;
&lt;/td&gt;
    &lt;/tr&gt;
    &lt;tr&gt;
      &lt;td style='width: 184px; height: 90px; font-weight: bold;' align='undefined' valign='undefined'&gt;Description&lt;/td&gt;
      &lt;td colspan='3' rowspan='1' style='height: 90px; width: 291px;' align='undefined' valign='undefined'&gt; A member of the public said the area along Potong Pasir Avenue 1 is also flooded&amp;nbsp;
&lt;/td&gt;
    &lt;/tr&gt;
  &lt;/tbody&gt;
&lt;/table&gt;</description>
                <styleUrl>#style8x93308</styleUrl>
                <Point>
                    <extrude xmlns:ns5="http://www.w3.org/2001/XMLSchema-instance" xmlns:ns6="http://www.w3.org/2001/XMLSchema" ns5:type="ns6:boolean">false</extrude>
                    <altitudeMode>clampToGround</altitudeMode>
                    <coordinates>103.8706041,1.3392948999999998</coordinates>
                </Point>
            </Placemark>
            <Placemark>
                <name>Citrix Systems Japan KK</name>
                <visibility xmlns:ns5="http://www.w3.org/2001/XMLSchema-instance" xmlns:ns6="http://www.w3.org/2001/XMLSchema" ns5:type="ns6:boolean">true</visibility>
                <open xmlns:ns5="http://www.w3.org/2001/XMLSchema-instance" xmlns:ns6="http://www.w3.org/2001/XMLSchema" ns5:type="ns6:boolean">true</open>
                <address>Kasumigaseki Common Gate West, Tower 24F 3-2-1, Kasumigaseki,,tokyo,Tokyo,Japan</address>
                <description>&lt;table style='text-align: left; width: 480px; height: 240px;' border='1' border-color='gray' border-style='solid' cellpadding='2' cellspacing='2'&gt;
&lt;tbody&gt;
    &lt;tr style='font-weight: bold;'&gt;
		&lt;td style='height: 78px; width: 184px;' align='undefined' valign='undefined'&gt;&lt;span style='font-weight: normal;'&gt;&lt;img src='http:\\www.razient.com\Razient\iconsgi\customer.png'/&gt;&lt;/span&gt;&lt;/td&gt;
		&lt;td colspan='3' rowspan='1' style='height: 78px; width: 291px;' align='undefined' valign='undefined'&gt;Name: Citrix Systems Japan KK&amp;nbsp;&lt;br&gt; Address: Kasumigaseki Common Gate West, Tower 24F 3-2-1, Kasumigaseki, - tokyo - Tokyo - Japan&amp;nbsp;&lt;br&gt; Phone Number: &amp;nbsp;&lt;br&gt; Email: &amp;nbsp;&lt;br&gt; Primary Contact: &amp;nbsp;&lt;/td&gt;
    &lt;/tr&gt;
    &lt;tr&gt;
	   &lt;td colspan='3' rowspan='1' style='height: 0px; width: 291px;' align='undefined' valign='undefined'&gt;&amp;nbsp;&lt;/td&gt;
    &lt;/tr&gt;
  &lt;/tbody&gt;
&lt;/table&gt;</description>
                <styleUrl>#style0x70000</styleUrl>
                <Point>
                    <extrude xmlns:ns5="http://www.w3.org/2001/XMLSchema-instance" xmlns:ns6="http://www.w3.org/2001/XMLSchema" ns5:type="ns6:boolean">false</extrude>
                    <altitudeMode>clampToGround</altitudeMode>
                    <coordinates>139.751,35.685</coordinates>
                </Point>
            </Placemark>
            <Placemark>
                <name> Incident :  Thai floods hit Japan carmaker output</name>
                <visibility xmlns:ns5="http://www.w3.org/2001/XMLSchema-instance" xmlns:ns6="http://www.w3.org/2001/XMLSchema" ns5:type="ns6:boolean">true</visibility>
                <open xmlns:ns5="http://www.w3.org/2001/XMLSchema-instance" xmlns:ns6="http://www.w3.org/2001/XMLSchema" ns5:type="ns6:boolean">false</open>
                <description>&lt;table style='text-align: left; width: 480px; height: 240px;' border='1' border-color='gray' border-style='solid' cellpadding='2' cellspacing='2'&gt;
&lt;tbody&gt;
    &lt;tr style='font-weight: bold;'&gt;
		&lt;td style='height: 78px; width: 184px;' align='undefined' valign='undefined'&gt;&lt;span style='font-weight: normal;'&gt;&lt;img src='http:\\66.216.18.155\Razient\iconsgi\suppliers.gif'/&gt;&lt;/span&gt;&lt;/td&gt;
		&lt;td colspan='3' rowspan='1' style='height: 78px; width: 291px;' align='undefined' valign='undefined'&gt;Citrix Systems Japan KK&amp;nbsp;
Kasumigaseki Common Gate West, Tower 24F 3-2-1, Kasumigaseki,&amp;nbsp;&lt;/td&gt;
    &lt;/tr&gt;
    &lt;tr&gt;
      &lt;td style='height: 0px; width: 184px; text-align: left;' valign='undefined'&gt;&lt;span style='font-weight: bold;'&gt;Summary:&lt;/span&gt;&lt;/td&gt;
	   &lt;td colspan='3' rowspan='1' style='height: 0px; width: 291px;' align='undefined' valign='undefined'&gt; Thai floods hit Japan carmaker output&amp;nbsp;&lt;/td&gt;
    &lt;/tr&gt;
    &lt;tr&gt;
      &lt;td style='width: 184px; height: 26px; font-weight: bold;' align='undefined' valign='undefined'&gt;Country&lt;/td&gt;
      &lt;td style='width: 292px; height: 26px;' align='undefined' valign='undefined'&gt;Japan&amp;nbsp;&lt;/td&gt;
      &lt;td style='height: 26px; width: 184px; font-weight: bold;' align='undefined' valign='undefined'&gt;Severity	&lt;/td&gt;
      &lt;td style='height: 26px; width: 291px;' align='undefined' valign='undefined'&gt;Medium&amp;nbsp;&lt;/td&gt;
    &lt;/tr&gt;
    &lt;tr&gt;
      &lt;td style='width: 184px; height: 30px; font-weight: bold;' align='undefined' valign='undefined'&gt;State&lt;/td&gt;
      &lt;td style='width: 292px; height: 30px;' align='undefined' valign='undefined'&gt;Tokyo&amp;nbsp;
&lt;/td&gt;
      &lt;td style='height: 30px; width: 184px; font-weight: bold;' align='undefined' valign='undefined'&gt;Type&lt;/td&gt;
      &lt;td style='height: 30px; width: 291px;' align='undefined' valign='undefined'&gt;Flood&amp;nbsp;&lt;/td&gt;
    &lt;/tr&gt;
    &lt;tr&gt;
      &lt;td style='width: 184px; height: 24px; font-weight: bold;' align='undefined' valign='undefined'&gt;City&lt;/td&gt;
      &lt;td style='width: 292px; height: 24px;' align='undefined' valign='undefined'&gt;tokyo&amp;nbsp;
&lt;/td&gt;
      &lt;td style='height: 24px; width: 184px; font-weight: bold;' align='undefined' valign='undefined'&gt;Date&lt;/td&gt;
      &lt;td style='height: 24px; width: 291px;' align='undefined' valign='undefined'&gt;2011-10-20&amp;nbsp;
&lt;/td&gt;
    &lt;/tr&gt;
    &lt;tr&gt;
      &lt;td style='width: 184px; height: 26px; font-weight: bold;' align='undefined' valign='undefined'&gt;Deaths&lt;/td&gt;
      &lt;td style='width: 292px; height: 26px;' align='undefined' valign='undefined'&gt;0&amp;nbsp;
&lt;/td&gt;
      &lt;td style='height: 26px; width: 184px; font-weight: bold;' align='undefined' valign='undefined'&gt;Url&lt;/td&gt;
      &lt;td style='height: 26px; width: 291px;' align='undefined' valign='undefined'&gt;&lt;A href=' http://www.reuters.com/article/2011/10/20/thailand-floods-japan-idUSL3E7LK0K320111020'&gt;Link to News&amp;nbsp;&lt;/A&gt;
&lt;/td&gt;
    &lt;/tr&gt;
    &lt;tr&gt;
      &lt;td style='width: 184px; height: 90px; font-weight: bold;' align='undefined' valign='undefined'&gt;Description&lt;/td&gt;
      &lt;td colspan='3' rowspan='1' style='height: 90px; width: 291px;' align='undefined' valign='undefined'&gt; Thai flooding has slashed Japanese automakers output by about 6,000 units a day.&amp;nbsp;
&lt;/td&gt;
    &lt;/tr&gt;
  &lt;/tbody&gt;
&lt;/table&gt;</description>
                <styleUrl>#style8x93308</styleUrl>
                <Point>
                    <extrude xmlns:ns5="http://www.w3.org/2001/XMLSchema-instance" xmlns:ns6="http://www.w3.org/2001/XMLSchema" ns5:type="ns6:boolean">false</extrude>
                    <altitudeMode>clampToGround</altitudeMode>
                    <coordinates>139.6917064,35.6894875</coordinates>
                </Point>
            </Placemark>
            <Placemark>
                <name>Citrix Supplier 3 - Headquarters</name>
                <visibility xmlns:ns5="http://www.w3.org/2001/XMLSchema-instance" xmlns:ns6="http://www.w3.org/2001/XMLSchema" ns5:type="ns6:boolean">true</visibility>
                <open xmlns:ns5="http://www.w3.org/2001/XMLSchema-instance" xmlns:ns6="http://www.w3.org/2001/XMLSchema" ns5:type="ns6:boolean">true</open>
                <address>Cowley Road,cambridge,Cambridgeshire,United Kingdom</address>
                <description>&lt;table style='text-align: left; width: 480px; height: 240px;' border='1' border-color='gray' border-style='solid' cellpadding='2' cellspacing='2'&gt;
&lt;tbody&gt;
    &lt;tr style='font-weight: bold;'&gt;
		&lt;td style='height: 78px; width: 184px;' align='undefined' valign='undefined'&gt;&lt;span style='font-weight: normal;'&gt;&lt;img src='http:\\www.razient.com\Razient\iconsgi\supplier.png'/&gt;&lt;/span&gt;&lt;/td&gt;
		&lt;td colspan='3' rowspan='1' style='height: 78px; width: 291px;' align='undefined' valign='undefined'&gt;Name: Citrix Supplier 3 - Headquarters&amp;nbsp;&lt;br&gt; Address: Cowley Road - cambridge - Cambridgeshire - United Kingdom&amp;nbsp;&lt;br&gt; Phone Number: &amp;nbsp;&lt;br&gt; Email: &amp;nbsp;&lt;br&gt; Primary Contact: &amp;nbsp;&lt;/td&gt;
    &lt;/tr&gt;
    &lt;tr&gt;
      &lt;td style='height: 0px; width: 184px; text-align: left;' valign='undefined'&gt;&lt;span style='font-weight: bold;'&gt;Parts:&lt;/span&gt;&lt;/td&gt;
	   &lt;td colspan='3' rowspan='1' style='height: 0px; width: 291px;' align='undefined' valign='undefined'&gt;&amp;nbsp;&lt;/td&gt;
    &lt;/tr&gt;
  &lt;/tbody&gt;
&lt;/table&gt;</description>
                <styleUrl>#style0x80000</styleUrl>
                <Point>
                    <extrude xmlns:ns5="http://www.w3.org/2001/XMLSchema-instance" xmlns:ns6="http://www.w3.org/2001/XMLSchema" ns5:type="ns6:boolean">false</extrude>
                    <altitudeMode>clampToGround</altitudeMode>
                    <coordinates>0.152804,52.23327</coordinates>
                </Point>
            </Placemark>
            <Placemark>
                <name> Incident :  Lengthy delays on train services between Cambridge and London</name>
                <visibility xmlns:ns5="http://www.w3.org/2001/XMLSchema-instance" xmlns:ns6="http://www.w3.org/2001/XMLSchema" ns5:type="ns6:boolean">true</visibility>
                <open xmlns:ns5="http://www.w3.org/2001/XMLSchema-instance" xmlns:ns6="http://www.w3.org/2001/XMLSchema" ns5:type="ns6:boolean">false</open>
                <description>&lt;table style='text-align: left; width: 480px; height: 240px;' border='1' border-color='gray' border-style='solid' cellpadding='2' cellspacing='2'&gt;
&lt;tbody&gt;
    &lt;tr style='font-weight: bold;'&gt;
		&lt;td style='height: 78px; width: 184px;' align='undefined' valign='undefined'&gt;&lt;span style='font-weight: normal;'&gt;&lt;img src='http:\\66.216.18.155\Razient\iconsgi\suppliers.gif'/&gt;&lt;/span&gt;&lt;/td&gt;
		&lt;td colspan='3' rowspan='1' style='height: 78px; width: 291px;' align='undefined' valign='undefined'&gt;Citrix Supplier 3 - Headquarters&amp;nbsp;
Cowley Road&amp;nbsp;&lt;/td&gt;
    &lt;/tr&gt;
    &lt;tr&gt;
      &lt;td style='height: 0px; width: 184px; text-align: left;' valign='undefined'&gt;&lt;span style='font-weight: bold;'&gt;Summary:&lt;/span&gt;&lt;/td&gt;
	   &lt;td colspan='3' rowspan='1' style='height: 0px; width: 291px;' align='undefined' valign='undefined'&gt; Lengthy delays on train services between Cambridge and London&amp;nbsp;&lt;/td&gt;
    &lt;/tr&gt;
    &lt;tr&gt;
      &lt;td style='width: 184px; height: 26px; font-weight: bold;' align='undefined' valign='undefined'&gt;Country&lt;/td&gt;
      &lt;td style='width: 292px; height: 26px;' align='undefined' valign='undefined'&gt;United Kingdom&amp;nbsp;&lt;/td&gt;
      &lt;td style='height: 26px; width: 184px; font-weight: bold;' align='undefined' valign='undefined'&gt;Severity	&lt;/td&gt;
      &lt;td style='height: 26px; width: 291px;' align='undefined' valign='undefined'&gt;Low&amp;nbsp;&lt;/td&gt;
    &lt;/tr&gt;
    &lt;tr&gt;
      &lt;td style='width: 184px; height: 30px; font-weight: bold;' align='undefined' valign='undefined'&gt;State&lt;/td&gt;
      &lt;td style='width: 292px; height: 30px;' align='undefined' valign='undefined'&gt;Cambridgeshire&amp;nbsp;
&lt;/td&gt;
      &lt;td style='height: 30px; width: 184px; font-weight: bold;' align='undefined' valign='undefined'&gt;Type&lt;/td&gt;
      &lt;td style='height: 30px; width: 291px;' align='undefined' valign='undefined'&gt;Train Crash&amp;nbsp;&lt;/td&gt;
    &lt;/tr&gt;
    &lt;tr&gt;
      &lt;td style='width: 184px; height: 24px; font-weight: bold;' align='undefined' valign='undefined'&gt;City&lt;/td&gt;
      &lt;td style='width: 292px; height: 24px;' align='undefined' valign='undefined'&gt;cambridge&amp;nbsp;
&lt;/td&gt;
      &lt;td style='height: 24px; width: 184px; font-weight: bold;' align='undefined' valign='undefined'&gt;Date&lt;/td&gt;
      &lt;td style='height: 24px; width: 291px;' align='undefined' valign='undefined'&gt;2011-10-18&amp;nbsp;
&lt;/td&gt;
    &lt;/tr&gt;
    &lt;tr&gt;
      &lt;td style='width: 184px; height: 26px; font-weight: bold;' align='undefined' valign='undefined'&gt;Deaths&lt;/td&gt;
      &lt;td style='width: 292px; height: 26px;' align='undefined' valign='undefined'&gt;0&amp;nbsp;
&lt;/td&gt;
      &lt;td style='height: 26px; width: 184px; font-weight: bold;' align='undefined' valign='undefined'&gt;Url&lt;/td&gt;
      &lt;td style='height: 26px; width: 291px;' align='undefined' valign='undefined'&gt;&lt;A href=' http://www.cambridgefirst.co.uk/news/lengthy_delays_on_train_services_between_cambridge_and_london_1_1098599'&gt;Link to News&amp;nbsp;&lt;/A&gt;
&lt;/td&gt;
    &lt;/tr&gt;
    &lt;tr&gt;
      &lt;td style='width: 184px; height: 90px; font-weight: bold;' align='undefined' valign='undefined'&gt;Description&lt;/td&gt;
      &lt;td colspan='3' rowspan='1' style='height: 90px; width: 291px;' align='undefined' valign='undefined'&gt; COMMUTERS face lengthy delays between Cambridge and London as electrical problems cause major disruption to train services.&amp;nbsp;
&lt;/td&gt;
    &lt;/tr&gt;
  &lt;/tbody&gt;
&lt;/table&gt;</description>
                <styleUrl>#style4x93304</styleUrl>
                <Point>
                    <extrude xmlns:ns5="http://www.w3.org/2001/XMLSchema-instance" xmlns:ns6="http://www.w3.org/2001/XMLSchema" ns5:type="ns6:boolean">false</extrude>
                    <altitudeMode>clampToGround</altitudeMode>
                    <coordinates>0.1312368,52.2025441</coordinates>
                </Point>
            </Placemark>
            <Placemark>
                <name>Citrix Systems Singapore Pte Ltd</name>
                <visibility xmlns:ns5="http://www.w3.org/2001/XMLSchema-instance" xmlns:ns6="http://www.w3.org/2001/XMLSchema" ns5:type="ns6:boolean">true</visibility>
                <open xmlns:ns5="http://www.w3.org/2001/XMLSchema-instance" xmlns:ns6="http://www.w3.org/2001/XMLSchema" ns5:type="ns6:boolean">true</open>
                <address>8, Temasek Boulevard, #34-02, Suntec Tower 3,singapore,SINGAPORE,Singapore</address>
                <description>&lt;table style='text-align: left; width: 480px; height: 240px;' border='1' border-color='gray' border-style='solid' cellpadding='2' cellspacing='2'&gt;
&lt;tbody&gt;
    &lt;tr style='font-weight: bold;'&gt;
		&lt;td style='height: 78px; width: 184px;' align='undefined' valign='undefined'&gt;&lt;span style='font-weight: normal;'&gt;&lt;img src='http:\\www.razient.com\Razient\iconsgi\customer.png'/&gt;&lt;/span&gt;&lt;/td&gt;
		&lt;td colspan='3' rowspan='1' style='height: 78px; width: 291px;' align='undefined' valign='undefined'&gt;Name: Citrix Systems Singapore Pte Ltd&amp;nbsp;&lt;br&gt; Address: 8, Temasek Boulevard, #34-02, Suntec Tower 3 - singapore - SINGAPORE - Singapore&amp;nbsp;&lt;br&gt; Phone Number: &amp;nbsp;&lt;br&gt; Email: &amp;nbsp;&lt;br&gt; Primary Contact: &amp;nbsp;&lt;/td&gt;
    &lt;/tr&gt;
    &lt;tr&gt;
	   &lt;td colspan='3' rowspan='1' style='height: 0px; width: 291px;' align='undefined' valign='undefined'&gt;&amp;nbsp;&lt;/td&gt;
    &lt;/tr&gt;
  &lt;/tbody&gt;
&lt;/table&gt;</description>
                <styleUrl>#style0x70000</styleUrl>
                <Point>
                    <extrude xmlns:ns5="http://www.w3.org/2001/XMLSchema-instance" xmlns:ns6="http://www.w3.org/2001/XMLSchema" ns5:type="ns6:boolean">false</extrude>
                    <altitudeMode>clampToGround</altitudeMode>
                    <coordinates>103.857834,1.2942312</coordinates>
                </Point>
            </Placemark>
            <Placemark>
                <name> Incident :  MRT breakdown affects 6,500 commuters</name>
                <visibility xmlns:ns5="http://www.w3.org/2001/XMLSchema-instance" xmlns:ns6="http://www.w3.org/2001/XMLSchema" ns5:type="ns6:boolean">true</visibility>
                <open xmlns:ns5="http://www.w3.org/2001/XMLSchema-instance" xmlns:ns6="http://www.w3.org/2001/XMLSchema" ns5:type="ns6:boolean">false</open>
                <description>&lt;table style='text-align: left; width: 480px; height: 240px;' border='1' border-color='gray' border-style='solid' cellpadding='2' cellspacing='2'&gt;
&lt;tbody&gt;
    &lt;tr style='font-weight: bold;'&gt;
		&lt;td style='height: 78px; width: 184px;' align='undefined' valign='undefined'&gt;&lt;span style='font-weight: normal;'&gt;&lt;img src='http:\\66.216.18.155\Razient\iconsgi\suppliers.gif'/&gt;&lt;/span&gt;&lt;/td&gt;
		&lt;td colspan='3' rowspan='1' style='height: 78px; width: 291px;' align='undefined' valign='undefined'&gt;Citrix Systems Singapore Pte Ltd&amp;nbsp;
8, Temasek Boulevard, #34-02, Suntec Tower 3&amp;nbsp;&lt;/td&gt;
    &lt;/tr&gt;
    &lt;tr&gt;
      &lt;td style='height: 0px; width: 184px; text-align: left;' valign='undefined'&gt;&lt;span style='font-weight: bold;'&gt;Summary:&lt;/span&gt;&lt;/td&gt;
	   &lt;td colspan='3' rowspan='1' style='height: 0px; width: 291px;' align='undefined' valign='undefined'&gt; MRT breakdown affects 6,500 commuters&amp;nbsp;&lt;/td&gt;
    &lt;/tr&gt;
    &lt;tr&gt;
      &lt;td style='width: 184px; height: 26px; font-weight: bold;' align='undefined' valign='undefined'&gt;Country&lt;/td&gt;
      &lt;td style='width: 292px; height: 26px;' align='undefined' valign='undefined'&gt;Singapore&amp;nbsp;&lt;/td&gt;
      &lt;td style='height: 26px; width: 184px; font-weight: bold;' align='undefined' valign='undefined'&gt;Severity	&lt;/td&gt;
      &lt;td style='height: 26px; width: 291px;' align='undefined' valign='undefined'&gt;Low&amp;nbsp;&lt;/td&gt;
    &lt;/tr&gt;
    &lt;tr&gt;
      &lt;td style='width: 184px; height: 30px; font-weight: bold;' align='undefined' valign='undefined'&gt;State&lt;/td&gt;
      &lt;td style='width: 292px; height: 30px;' align='undefined' valign='undefined'&gt;SINGAPORE&amp;nbsp;
&lt;/td&gt;
      &lt;td style='height: 30px; width: 184px; font-weight: bold;' align='undefined' valign='undefined'&gt;Type&lt;/td&gt;
      &lt;td style='height: 30px; width: 291px;' align='undefined' valign='undefined'&gt;Train Crash&amp;nbsp;&lt;/td&gt;
    &lt;/tr&gt;
    &lt;tr&gt;
      &lt;td style='width: 184px; height: 24px; font-weight: bold;' align='undefined' valign='undefined'&gt;City&lt;/td&gt;
      &lt;td style='width: 292px; height: 24px;' align='undefined' valign='undefined'&gt;singapore&amp;nbsp;
&lt;/td&gt;
      &lt;td style='height: 24px; width: 184px; font-weight: bold;' align='undefined' valign='undefined'&gt;Date&lt;/td&gt;
      &lt;td style='height: 24px; width: 291px;' align='undefined' valign='undefined'&gt;2011-10-14&amp;nbsp;
&lt;/td&gt;
    &lt;/tr&gt;
    &lt;tr&gt;
      &lt;td style='width: 184px; height: 26px; font-weight: bold;' align='undefined' valign='undefined'&gt;Deaths&lt;/td&gt;
      &lt;td style='width: 292px; height: 26px;' align='undefined' valign='undefined'&gt;0&amp;nbsp;
&lt;/td&gt;
      &lt;td style='height: 26px; width: 184px; font-weight: bold;' align='undefined' valign='undefined'&gt;Url&lt;/td&gt;
      &lt;td style='height: 26px; width: 291px;' align='undefined' valign='undefined'&gt;&lt;A href=' http://www.channelnewsasia.com/stories/singaporelocalnews/view/1159481/1/.html'&gt;Link to News&amp;nbsp;&lt;/A&gt;
&lt;/td&gt;
    &lt;/tr&gt;
    &lt;tr&gt;
      &lt;td style='width: 184px; height: 90px; font-weight: bold;' align='undefined' valign='undefined'&gt;Description&lt;/td&gt;
      &lt;td colspan='3' rowspan='1' style='height: 90px; width: 291px;' align='undefined' valign='undefined'&gt; Some 6,500 commuters were affected by a train delay along the East-West MRT line on Friday evening.&#xD;
This disrupted the westbound train service between Kallang and Bugis for 20 minutes.&amp;nbsp;
&lt;/td&gt;
    &lt;/tr&gt;
  &lt;/tbody&gt;
&lt;/table&gt;</description>
                <styleUrl>#style4x93304</styleUrl>
                <Point>
                    <extrude xmlns:ns5="http://www.w3.org/2001/XMLSchema-instance" xmlns:ns6="http://www.w3.org/2001/XMLSchema" ns5:type="ns6:boolean">false</extrude>
                    <altitudeMode>clampToGround</altitudeMode>
                    <coordinates>103.8544802,1.2894365</coordinates>
                </Point>
            </Placemark>
            <Placemark>
                <name>Headquarters</name>
                <visibility xmlns:ns5="http://www.w3.org/2001/XMLSchema-instance" xmlns:ns6="http://www.w3.org/2001/XMLSchema" ns5:type="ns6:boolean">true</visibility>
                <open xmlns:ns5="http://www.w3.org/2001/XMLSchema-instance" xmlns:ns6="http://www.w3.org/2001/XMLSchema" ns5:type="ns6:boolean">true</open>
                <address>851 West Cypress Creek rd,fort lauderdale,Florida,United States</address>
                <description>&lt;table style='text-align: left; width: 480px; height: 240px;' border='1' border-color='gray' border-style='solid' cellpadding='2' cellspacing='2'&gt;
&lt;tbody&gt;
    &lt;tr style='font-weight: bold;'&gt;
		&lt;td style='height: 78px; width: 184px;' align='undefined' valign='undefined'&gt;&lt;span style='font-weight: normal;'&gt;&lt;img src='http:\\www.razient.com\Razient\iconsgi\customer.png'/&gt;&lt;/span&gt;&lt;/td&gt;
		&lt;td colspan='3' rowspan='1' style='height: 78px; width: 291px;' align='undefined' valign='undefined'&gt;Name: Headquarters&amp;nbsp;&lt;br&gt; Address: 851 West Cypress Creek rd - fort lauderdale - Florida - United States&amp;nbsp;&lt;br&gt; Phone Number: 954-267-3000&amp;nbsp;&lt;br&gt; Email: citrix@razient.com&amp;nbsp;&lt;br&gt; Primary Contact: Cit Rix&amp;nbsp;&lt;/td&gt;
    &lt;/tr&gt;
    &lt;tr&gt;
	   &lt;td colspan='3' rowspan='1' style='height: 0px; width: 291px;' align='undefined' valign='undefined'&gt;&amp;nbsp;&lt;/td&gt;
    &lt;/tr&gt;
  &lt;/tbody&gt;
&lt;/table&gt;</description>
                <styleUrl>#style0x70000</styleUrl>
                <Point>
                    <extrude xmlns:ns5="http://www.w3.org/2001/XMLSchema-instance" xmlns:ns6="http://www.w3.org/2001/XMLSchema" ns5:type="ns6:boolean">false</extrude>
                    <altitudeMode>clampToGround</altitudeMode>
                    <coordinates>-80.15421,26.20382</coordinates>
                </Point>
            </Placemark>
            <Placemark>
                <name> Incident :  Fire causes 2.5 million in damages to Coral Ridge Country Club</name>
                <visibility xmlns:ns5="http://www.w3.org/2001/XMLSchema-instance" xmlns:ns6="http://www.w3.org/2001/XMLSchema" ns5:type="ns6:boolean">true</visibility>
                <open xmlns:ns5="http://www.w3.org/2001/XMLSchema-instance" xmlns:ns6="http://www.w3.org/2001/XMLSchema" ns5:type="ns6:boolean">false</open>
                <description>&lt;table style='text-align: left; width: 480px; height: 240px;' border='1' border-color='gray' border-style='solid' cellpadding='2' cellspacing='2'&gt;
&lt;tbody&gt;
    &lt;tr style='font-weight: bold;'&gt;
		&lt;td style='height: 78px; width: 184px;' align='undefined' valign='undefined'&gt;&lt;span style='font-weight: normal;'&gt;&lt;img src='http:\\66.216.18.155\Razient\iconsgi\suppliers.gif'/&gt;&lt;/span&gt;&lt;/td&gt;
		&lt;td colspan='3' rowspan='1' style='height: 78px; width: 291px;' align='undefined' valign='undefined'&gt;Headquarters&amp;nbsp;
851 West Cypress Creek rd&amp;nbsp;&lt;/td&gt;
    &lt;/tr&gt;
    &lt;tr&gt;
      &lt;td style='height: 0px; width: 184px; text-align: left;' valign='undefined'&gt;&lt;span style='font-weight: bold;'&gt;Summary:&lt;/span&gt;&lt;/td&gt;
	   &lt;td colspan='3' rowspan='1' style='height: 0px; width: 291px;' align='undefined' valign='undefined'&gt; Fire causes 2.5 million in damages to Coral Ridge Country Club&amp;nbsp;&lt;/td&gt;
    &lt;/tr&gt;
    &lt;tr&gt;
      &lt;td style='width: 184px; height: 26px; font-weight: bold;' align='undefined' valign='undefined'&gt;Country&lt;/td&gt;
      &lt;td style='width: 292px; height: 26px;' align='undefined' valign='undefined'&gt;United States&amp;nbsp;&lt;/td&gt;
      &lt;td style='height: 26px; width: 184px; font-weight: bold;' align='undefined' valign='undefined'&gt;Severity	&lt;/td&gt;
      &lt;td style='height: 26px; width: 291px;' align='undefined' valign='undefined'&gt;Medium&amp;nbsp;&lt;/td&gt;
    &lt;/tr&gt;
    &lt;tr&gt;
      &lt;td style='width: 184px; height: 30px; font-weight: bold;' align='undefined' valign='undefined'&gt;State&lt;/td&gt;
      &lt;td style='width: 292px; height: 30px;' align='undefined' valign='undefined'&gt;Florida&amp;nbsp;
&lt;/td&gt;
      &lt;td style='height: 30px; width: 184px; font-weight: bold;' align='undefined' valign='undefined'&gt;Type&lt;/td&gt;
      &lt;td style='height: 30px; width: 291px;' align='undefined' valign='undefined'&gt;Fire&amp;nbsp;&lt;/td&gt;
    &lt;/tr&gt;
    &lt;tr&gt;
      &lt;td style='width: 184px; height: 24px; font-weight: bold;' align='undefined' valign='undefined'&gt;City&lt;/td&gt;
      &lt;td style='width: 292px; height: 24px;' align='undefined' valign='undefined'&gt;fort lauderdale&amp;nbsp;
&lt;/td&gt;
      &lt;td style='height: 24px; width: 184px; font-weight: bold;' align='undefined' valign='undefined'&gt;Date&lt;/td&gt;
      &lt;td style='height: 24px; width: 291px;' align='undefined' valign='undefined'&gt;2011-10-11&amp;nbsp;
&lt;/td&gt;
    &lt;/tr&gt;
    &lt;tr&gt;
      &lt;td style='width: 184px; height: 26px; font-weight: bold;' align='undefined' valign='undefined'&gt;Deaths&lt;/td&gt;
      &lt;td style='width: 292px; height: 26px;' align='undefined' valign='undefined'&gt;0&amp;nbsp;
&lt;/td&gt;
      &lt;td style='height: 26px; width: 184px; font-weight: bold;' align='undefined' valign='undefined'&gt;Url&lt;/td&gt;
      &lt;td style='height: 26px; width: 291px;' align='undefined' valign='undefined'&gt;&lt;A href=' http://www.palmbeachpost.com/news/fire-causes-2-5-million-in-damages-to-1907005.html'&gt;Link to News&amp;nbsp;&lt;/A&gt;
&lt;/td&gt;
    &lt;/tr&gt;
    &lt;tr&gt;
      &lt;td style='width: 184px; height: 90px; font-weight: bold;' align='undefined' valign='undefined'&gt;Description&lt;/td&gt;
      &lt;td colspan='3' rowspan='1' style='height: 90px; width: 291px;' align='undefined' valign='undefined'&gt; One firefighter was slightly hurt during an early morning fire on Tuesday that caused an estimated 2.5 million to $3 million in damage at the Coral Ridge Country Club, officials said.The fire at 3801 Bayview Drive was reported shortly before 3 a.m. when residents called 911 to report a fire and explosions. &amp;nbsp;
&lt;/td&gt;
    &lt;/tr&gt;
  &lt;/tbody&gt;
&lt;/table&gt;</description>
                <styleUrl>#style9x93309</styleUrl>
                <Point>
                    <extrude xmlns:ns5="http://www.w3.org/2001/XMLSchema-instance" xmlns:ns6="http://www.w3.org/2001/XMLSchema" ns5:type="ns6:boolean">false</extrude>
                    <altitudeMode>clampToGround</altitudeMode>
                    <coordinates>-80.1066493,26.175945</coordinates>
                </Point>
            </Placemark>
            <Placemark>
                <name>Citrix FLL</name>
                <visibility xmlns:ns5="http://www.w3.org/2001/XMLSchema-instance" xmlns:ns6="http://www.w3.org/2001/XMLSchema" ns5:type="ns6:boolean">true</visibility>
                <open xmlns:ns5="http://www.w3.org/2001/XMLSchema-instance" xmlns:ns6="http://www.w3.org/2001/XMLSchema" ns5:type="ns6:boolean">true</open>
                <address>6400 NW 6th Way ,fort lauderdale,Florida,United States</address>
                <description>&lt;table style='text-align: left; width: 480px; height: 240px;' border='1' border-color='gray' border-style='solid' cellpadding='2' cellspacing='2'&gt;
&lt;tbody&gt;
    &lt;tr style='font-weight: bold;'&gt;
		&lt;td style='height: 78px; width: 184px;' align='undefined' valign='undefined'&gt;&lt;span style='font-weight: normal;'&gt;&lt;img src='http:\\www.razient.com\Razient\iconsgi\customer.png'/&gt;&lt;/span&gt;&lt;/td&gt;
		&lt;td colspan='3' rowspan='1' style='height: 78px; width: 291px;' align='undefined' valign='undefined'&gt;Name: Citrix FLL&amp;nbsp;&lt;br&gt; Address: 6400 NW 6th Way  - fort lauderdale - Florida - United States&amp;nbsp;&lt;br&gt; Phone Number: &amp;nbsp;&lt;br&gt; Email: &amp;nbsp;&lt;br&gt; Primary Contact: &amp;nbsp;&lt;/td&gt;
    &lt;/tr&gt;
    &lt;tr&gt;
	   &lt;td colspan='3' rowspan='1' style='height: 0px; width: 291px;' align='undefined' valign='undefined'&gt;&amp;nbsp;&lt;/td&gt;
    &lt;/tr&gt;
  &lt;/tbody&gt;
&lt;/table&gt;</description>
                <styleUrl>#style0x70000</styleUrl>
                <Point>
                    <extrude xmlns:ns5="http://www.w3.org/2001/XMLSchema-instance" xmlns:ns6="http://www.w3.org/2001/XMLSchema" ns5:type="ns6:boolean">false</extrude>
                    <altitudeMode>clampToGround</altitudeMode>
                    <coordinates>-80.15178,26.207066</coordinates>
                </Point>
            </Placemark>
            <Placemark>
                <name> Incident :  Fire causes 2.5 million in damages to Coral Ridge Country Club</name>
                <visibility xmlns:ns5="http://www.w3.org/2001/XMLSchema-instance" xmlns:ns6="http://www.w3.org/2001/XMLSchema" ns5:type="ns6:boolean">true</visibility>
                <open xmlns:ns5="http://www.w3.org/2001/XMLSchema-instance" xmlns:ns6="http://www.w3.org/2001/XMLSchema" ns5:type="ns6:boolean">false</open>
                <description>&lt;table style='text-align: left; width: 480px; height: 240px;' border='1' border-color='gray' border-style='solid' cellpadding='2' cellspacing='2'&gt;
&lt;tbody&gt;
    &lt;tr style='font-weight: bold;'&gt;
		&lt;td style='height: 78px; width: 184px;' align='undefined' valign='undefined'&gt;&lt;span style='font-weight: normal;'&gt;&lt;img src='http:\\66.216.18.155\Razient\iconsgi\suppliers.gif'/&gt;&lt;/span&gt;&lt;/td&gt;
		&lt;td colspan='3' rowspan='1' style='height: 78px; width: 291px;' align='undefined' valign='undefined'&gt;Citrix FLL&amp;nbsp;
6400 NW 6th Way &amp;nbsp;&lt;/td&gt;
    &lt;/tr&gt;
    &lt;tr&gt;
      &lt;td style='height: 0px; width: 184px; text-align: left;' valign='undefined'&gt;&lt;span style='font-weight: bold;'&gt;Summary:&lt;/span&gt;&lt;/td&gt;
	   &lt;td colspan='3' rowspan='1' style='height: 0px; width: 291px;' align='undefined' valign='undefined'&gt; Fire causes 2.5 million in damages to Coral Ridge Country Club&amp;nbsp;&lt;/td&gt;
    &lt;/tr&gt;
    &lt;tr&gt;
      &lt;td style='width: 184px; height: 26px; font-weight: bold;' align='undefined' valign='undefined'&gt;Country&lt;/td&gt;
      &lt;td style='width: 292px; height: 26px;' align='undefined' valign='undefined'&gt;United States&amp;nbsp;&lt;/td&gt;
      &lt;td style='height: 26px; width: 184px; font-weight: bold;' align='undefined' valign='undefined'&gt;Severity	&lt;/td&gt;
      &lt;td style='height: 26px; width: 291px;' align='undefined' valign='undefined'&gt;Medium&amp;nbsp;&lt;/td&gt;
    &lt;/tr&gt;
    &lt;tr&gt;
      &lt;td style='width: 184px; height: 30px; font-weight: bold;' align='undefined' valign='undefined'&gt;State&lt;/td&gt;
      &lt;td style='width: 292px; height: 30px;' align='undefined' valign='undefined'&gt;Florida&amp;nbsp;
&lt;/td&gt;
      &lt;td style='height: 30px; width: 184px; font-weight: bold;' align='undefined' valign='undefined'&gt;Type&lt;/td&gt;
      &lt;td style='height: 30px; width: 291px;' align='undefined' valign='undefined'&gt;Fire&amp;nbsp;&lt;/td&gt;
    &lt;/tr&gt;
    &lt;tr&gt;
      &lt;td style='width: 184px; height: 24px; font-weight: bold;' align='undefined' valign='undefined'&gt;City&lt;/td&gt;
      &lt;td style='width: 292px; height: 24px;' align='undefined' valign='undefined'&gt;fort lauderdale&amp;nbsp;
&lt;/td&gt;
      &lt;td style='height: 24px; width: 184px; font-weight: bold;' align='undefined' valign='undefined'&gt;Date&lt;/td&gt;
      &lt;td style='height: 24px; width: 291px;' align='undefined' valign='undefined'&gt;2011-10-11&amp;nbsp;
&lt;/td&gt;
    &lt;/tr&gt;
    &lt;tr&gt;
      &lt;td style='width: 184px; height: 26px; font-weight: bold;' align='undefined' valign='undefined'&gt;Deaths&lt;/td&gt;
      &lt;td style='width: 292px; height: 26px;' align='undefined' valign='undefined'&gt;0&amp;nbsp;
&lt;/td&gt;
      &lt;td style='height: 26px; width: 184px; font-weight: bold;' align='undefined' valign='undefined'&gt;Url&lt;/td&gt;
      &lt;td style='height: 26px; width: 291px;' align='undefined' valign='undefined'&gt;&lt;A href=' http://www.palmbeachpost.com/news/fire-causes-2-5-million-in-damages-to-1907005.html'&gt;Link to News&amp;nbsp;&lt;/A&gt;
&lt;/td&gt;
    &lt;/tr&gt;
    &lt;tr&gt;
      &lt;td style='width: 184px; height: 90px; font-weight: bold;' align='undefined' valign='undefined'&gt;Description&lt;/td&gt;
      &lt;td colspan='3' rowspan='1' style='height: 90px; width: 291px;' align='undefined' valign='undefined'&gt; One firefighter was slightly hurt during an early morning fire on Tuesday that caused an estimated 2.5 million to $3 million in damage at the Coral Ridge Country Club, officials said.The fire at 3801 Bayview Drive was reported shortly before 3 a.m. when residents called 911 to report a fire and explosions. &amp;nbsp;
&lt;/td&gt;
    &lt;/tr&gt;
  &lt;/tbody&gt;
&lt;/table&gt;</description>
                <styleUrl>#style9x93309</styleUrl>
                <Point>
                    <extrude xmlns:ns5="http://www.w3.org/2001/XMLSchema-instance" xmlns:ns6="http://www.w3.org/2001/XMLSchema" ns5:type="ns6:boolean">false</extrude>
                    <altitudeMode>clampToGround</altitudeMode>
                    <coordinates>-80.1066493,26.175945</coordinates>
                </Point>
            </Placemark>
            <Placemark>
                <name>Citrix Systems Dubai</name>
                <visibility xmlns:ns5="http://www.w3.org/2001/XMLSchema-instance" xmlns:ns6="http://www.w3.org/2001/XMLSchema" ns5:type="ns6:boolean">true</visibility>
                <open xmlns:ns5="http://www.w3.org/2001/XMLSchema-instance" xmlns:ns6="http://www.w3.org/2001/XMLSchema" ns5:type="ns6:boolean">true</open>
                <address>Dubai Internet City, PO Box 500179,dubai,Dubai,United Arab Emirates</address>
                <description>&lt;table style='text-align: left; width: 480px; height: 240px;' border='1' border-color='gray' border-style='solid' cellpadding='2' cellspacing='2'&gt;
&lt;tbody&gt;
    &lt;tr style='font-weight: bold;'&gt;
		&lt;td style='height: 78px; width: 184px;' align='undefined' valign='undefined'&gt;&lt;span style='font-weight: normal;'&gt;&lt;img src='http:\\www.razient.com\Razient\iconsgi\customer.png'/&gt;&lt;/span&gt;&lt;/td&gt;
		&lt;td colspan='3' rowspan='1' style='height: 78px; width: 291px;' align='undefined' valign='undefined'&gt;Name: Citrix Systems Dubai&amp;nbsp;&lt;br&gt; Address: Dubai Internet City, PO Box 500179 - dubai - Dubai - United Arab Emirates&amp;nbsp;&lt;br&gt; Phone Number: &amp;nbsp;&lt;br&gt; Email: &amp;nbsp;&lt;br&gt; Primary Contact: &amp;nbsp;&lt;/td&gt;
    &lt;/tr&gt;
    &lt;tr&gt;
	   &lt;td colspan='3' rowspan='1' style='height: 0px; width: 291px;' align='undefined' valign='undefined'&gt;&amp;nbsp;&lt;/td&gt;
    &lt;/tr&gt;
  &lt;/tbody&gt;
&lt;/table&gt;</description>
                <styleUrl>#style0x70000</styleUrl>
                <Point>
                    <extrude xmlns:ns5="http://www.w3.org/2001/XMLSchema-instance" xmlns:ns6="http://www.w3.org/2001/XMLSchema" ns5:type="ns6:boolean">false</extrude>
                    <altitudeMode>clampToGround</altitudeMode>
                    <coordinates>55.16292,25.100935</coordinates>
                </Point>
            </Placemark>
            <Placemark>
                <name> Incident :  Fire at Dubai warehouse </name>
                <visibility xmlns:ns5="http://www.w3.org/2001/XMLSchema-instance" xmlns:ns6="http://www.w3.org/2001/XMLSchema" ns5:type="ns6:boolean">true</visibility>
                <open xmlns:ns5="http://www.w3.org/2001/XMLSchema-instance" xmlns:ns6="http://www.w3.org/2001/XMLSchema" ns5:type="ns6:boolean">false</open>
                <description>&lt;table style='text-align: left; width: 480px; height: 240px;' border='1' border-color='gray' border-style='solid' cellpadding='2' cellspacing='2'&gt;
&lt;tbody&gt;
    &lt;tr style='font-weight: bold;'&gt;
		&lt;td style='height: 78px; width: 184px;' align='undefined' valign='undefined'&gt;&lt;span style='font-weight: normal;'&gt;&lt;img src='http:\\66.216.18.155\Razient\iconsgi\suppliers.gif'/&gt;&lt;/span&gt;&lt;/td&gt;
		&lt;td colspan='3' rowspan='1' style='height: 78px; width: 291px;' align='undefined' valign='undefined'&gt;Citrix Systems Dubai&amp;nbsp;
Dubai Internet City, PO Box 500179&amp;nbsp;&lt;/td&gt;
    &lt;/tr&gt;
    &lt;tr&gt;
      &lt;td style='height: 0px; width: 184px; text-align: left;' valign='undefined'&gt;&lt;span style='font-weight: bold;'&gt;Summary:&lt;/span&gt;&lt;/td&gt;
	   &lt;td colspan='3' rowspan='1' style='height: 0px; width: 291px;' align='undefined' valign='undefined'&gt; Fire at Dubai warehouse &amp;nbsp;&lt;/td&gt;
    &lt;/tr&gt;
    &lt;tr&gt;
      &lt;td style='width: 184px; height: 26px; font-weight: bold;' align='undefined' valign='undefined'&gt;Country&lt;/td&gt;
      &lt;td style='width: 292px; height: 26px;' align='undefined' valign='undefined'&gt;United Arab Emirates&amp;nbsp;&lt;/td&gt;
      &lt;td style='height: 26px; width: 184px; font-weight: bold;' align='undefined' valign='undefined'&gt;Severity	&lt;/td&gt;
      &lt;td style='height: 26px; width: 291px;' align='undefined' valign='undefined'&gt;Medium&amp;nbsp;&lt;/td&gt;
    &lt;/tr&gt;
    &lt;tr&gt;
      &lt;td style='width: 184px; height: 30px; font-weight: bold;' align='undefined' valign='undefined'&gt;State&lt;/td&gt;
      &lt;td style='width: 292px; height: 30px;' align='undefined' valign='undefined'&gt;Dubai&amp;nbsp;
&lt;/td&gt;
      &lt;td style='height: 30px; width: 184px; font-weight: bold;' align='undefined' valign='undefined'&gt;Type&lt;/td&gt;
      &lt;td style='height: 30px; width: 291px;' align='undefined' valign='undefined'&gt;Fire&amp;nbsp;&lt;/td&gt;
    &lt;/tr&gt;
    &lt;tr&gt;
      &lt;td style='width: 184px; height: 24px; font-weight: bold;' align='undefined' valign='undefined'&gt;City&lt;/td&gt;
      &lt;td style='width: 292px; height: 24px;' align='undefined' valign='undefined'&gt;dubai&amp;nbsp;
&lt;/td&gt;
      &lt;td style='height: 24px; width: 184px; font-weight: bold;' align='undefined' valign='undefined'&gt;Date&lt;/td&gt;
      &lt;td style='height: 24px; width: 291px;' align='undefined' valign='undefined'&gt;2011-10-11&amp;nbsp;
&lt;/td&gt;
    &lt;/tr&gt;
    &lt;tr&gt;
      &lt;td style='width: 184px; height: 26px; font-weight: bold;' align='undefined' valign='undefined'&gt;Deaths&lt;/td&gt;
      &lt;td style='width: 292px; height: 26px;' align='undefined' valign='undefined'&gt;0&amp;nbsp;
&lt;/td&gt;
      &lt;td style='height: 26px; width: 184px; font-weight: bold;' align='undefined' valign='undefined'&gt;Url&lt;/td&gt;
      &lt;td style='height: 26px; width: 291px;' align='undefined' valign='undefined'&gt;&lt;A href=' http://www.thenational.ae/news/uae-news/fire-at-dubai-warehouse-forces-school-evacuation'&gt;Link to News&amp;nbsp;&lt;/A&gt;
&lt;/td&gt;
    &lt;/tr&gt;
    &lt;tr&gt;
      &lt;td style='width: 184px; height: 90px; font-weight: bold;' align='undefined' valign='undefined'&gt;Description&lt;/td&gt;
      &lt;td colspan='3' rowspan='1' style='height: 90px; width: 291px;' align='undefined' valign='undefined'&gt; The fire erupted in a warehouse yesterday afternoon, an official at the company said yesterday.The trading and manufacturing companys warehouse, in phase two of Dubai Investments Park, is believed to house industrial and food chemicals.No casualties were reported in the fire. The area was cordoned off yesterday, and firefighters remained at the scene this morning.&#xD;
&amp;nbsp;
&lt;/td&gt;
    &lt;/tr&gt;
  &lt;/tbody&gt;
&lt;/table&gt;</description>
                <styleUrl>#style9x93309</styleUrl>
                <Point>
                    <extrude xmlns:ns5="http://www.w3.org/2001/XMLSchema-instance" xmlns:ns6="http://www.w3.org/2001/XMLSchema" ns5:type="ns6:boolean">false</extrude>
                    <altitudeMode>clampToGround</altitudeMode>
                    <coordinates>55.28,25.2522</coordinates>
                </Point>
            </Placemark>
            <Placemark>
                <name>Citrix Systems India Pvt Ltd.</name>
                <visibility xmlns:ns5="http://www.w3.org/2001/XMLSchema-instance" xmlns:ns6="http://www.w3.org/2001/XMLSchema" ns5:type="ns6:boolean">true</visibility>
                <open xmlns:ns5="http://www.w3.org/2001/XMLSchema-instance" xmlns:ns6="http://www.w3.org/2001/XMLSchema" ns5:type="ns6:boolean">true</open>
                <address>Unit No. 216, 2F, Old Mathura Road,new delhi,Delhi,India</address>
                <description>&lt;table style='text-align: left; width: 480px; height: 240px;' border='1' border-color='gray' border-style='solid' cellpadding='2' cellspacing='2'&gt;
&lt;tbody&gt;
    &lt;tr style='font-weight: bold;'&gt;
		&lt;td style='height: 78px; width: 184px;' align='undefined' valign='undefined'&gt;&lt;span style='font-weight: normal;'&gt;&lt;img src='http:\\www.razient.com\Razient\iconsgi\customer.png'/&gt;&lt;/span&gt;&lt;/td&gt;
		&lt;td colspan='3' rowspan='1' style='height: 78px; width: 291px;' align='undefined' valign='undefined'&gt;Name: Citrix Systems India Pvt Ltd.&amp;nbsp;&lt;br&gt; Address: Unit No. 216, 2F, Old Mathura Road - new delhi - Delhi - India&amp;nbsp;&lt;br&gt; Phone Number: &amp;nbsp;&lt;br&gt; Email: &amp;nbsp;&lt;br&gt; Primary Contact: &amp;nbsp;&lt;/td&gt;
    &lt;/tr&gt;
    &lt;tr&gt;
	   &lt;td colspan='3' rowspan='1' style='height: 0px; width: 291px;' align='undefined' valign='undefined'&gt;&amp;nbsp;&lt;/td&gt;
    &lt;/tr&gt;
  &lt;/tbody&gt;
&lt;/table&gt;</description>
                <styleUrl>#style0x70000</styleUrl>
                <Point>
                    <extrude xmlns:ns5="http://www.w3.org/2001/XMLSchema-instance" xmlns:ns6="http://www.w3.org/2001/XMLSchema" ns5:type="ns6:boolean">false</extrude>
                    <altitudeMode>clampToGround</altitudeMode>
                    <coordinates>77.22496,28.635307</coordinates>
                </Point>
            </Placemark>
            <Placemark>
                <name> Incident :  Two bodies found inside car at Rohini</name>
                <visibility xmlns:ns5="http://www.w3.org/2001/XMLSchema-instance" xmlns:ns6="http://www.w3.org/2001/XMLSchema" ns5:type="ns6:boolean">true</visibility>
                <open xmlns:ns5="http://www.w3.org/2001/XMLSchema-instance" xmlns:ns6="http://www.w3.org/2001/XMLSchema" ns5:type="ns6:boolean">false</open>
                <description>&lt;table style='text-align: left; width: 480px; height: 240px;' border='1' border-color='gray' border-style='solid' cellpadding='2' cellspacing='2'&gt;
&lt;tbody&gt;
    &lt;tr style='font-weight: bold;'&gt;
		&lt;td style='height: 78px; width: 184px;' align='undefined' valign='undefined'&gt;&lt;span style='font-weight: normal;'&gt;&lt;img src='http:\\66.216.18.155\Razient\iconsgi\suppliers.gif'/&gt;&lt;/span&gt;&lt;/td&gt;
		&lt;td colspan='3' rowspan='1' style='height: 78px; width: 291px;' align='undefined' valign='undefined'&gt;Citrix Systems India Pvt Ltd.&amp;nbsp;
Unit No. 216, 2F, Old Mathura Road&amp;nbsp;&lt;/td&gt;
    &lt;/tr&gt;
    &lt;tr&gt;
      &lt;td style='height: 0px; width: 184px; text-align: left;' valign='undefined'&gt;&lt;span style='font-weight: bold;'&gt;Summary:&lt;/span&gt;&lt;/td&gt;
	   &lt;td colspan='3' rowspan='1' style='height: 0px; width: 291px;' align='undefined' valign='undefined'&gt; Two bodies found inside car at Rohini&amp;nbsp;&lt;/td&gt;
    &lt;/tr&gt;
    &lt;tr&gt;
      &lt;td style='width: 184px; height: 26px; font-weight: bold;' align='undefined' valign='undefined'&gt;Country&lt;/td&gt;
      &lt;td style='width: 292px; height: 26px;' align='undefined' valign='undefined'&gt;India&amp;nbsp;&lt;/td&gt;
      &lt;td style='height: 26px; width: 184px; font-weight: bold;' align='undefined' valign='undefined'&gt;Severity	&lt;/td&gt;
      &lt;td style='height: 26px; width: 291px;' align='undefined' valign='undefined'&gt;Low&amp;nbsp;&lt;/td&gt;
    &lt;/tr&gt;
    &lt;tr&gt;
      &lt;td style='width: 184px; height: 30px; font-weight: bold;' align='undefined' valign='undefined'&gt;State&lt;/td&gt;
      &lt;td style='width: 292px; height: 30px;' align='undefined' valign='undefined'&gt;Delhi&amp;nbsp;
&lt;/td&gt;
      &lt;td style='height: 30px; width: 184px; font-weight: bold;' align='undefined' valign='undefined'&gt;Type&lt;/td&gt;
      &lt;td style='height: 30px; width: 291px;' align='undefined' valign='undefined'&gt;Bodies Found&amp;nbsp;&lt;/td&gt;
    &lt;/tr&gt;
    &lt;tr&gt;
      &lt;td style='width: 184px; height: 24px; font-weight: bold;' align='undefined' valign='undefined'&gt;City&lt;/td&gt;
      &lt;td style='width: 292px; height: 24px;' align='undefined' valign='undefined'&gt;new delhi&amp;nbsp;
&lt;/td&gt;
      &lt;td style='height: 24px; width: 184px; font-weight: bold;' align='undefined' valign='undefined'&gt;Date&lt;/td&gt;
      &lt;td style='height: 24px; width: 291px;' align='undefined' valign='undefined'&gt;2011-10-09&amp;nbsp;
&lt;/td&gt;
    &lt;/tr&gt;
    &lt;tr&gt;
      &lt;td style='width: 184px; height: 26px; font-weight: bold;' align='undefined' valign='undefined'&gt;Deaths&lt;/td&gt;
      &lt;td style='width: 292px; height: 26px;' align='undefined' valign='undefined'&gt;0&amp;nbsp;
&lt;/td&gt;
      &lt;td style='height: 26px; width: 184px; font-weight: bold;' align='undefined' valign='undefined'&gt;Url&lt;/td&gt;
      &lt;td style='height: 26px; width: 291px;' align='undefined' valign='undefined'&gt;&lt;A href=' http://www.ndtv.com/article/cities/two-bodies-found-inside-car-at-rohini-140269'&gt;Link to News&amp;nbsp;&lt;/A&gt;
&lt;/td&gt;
    &lt;/tr&gt;
    &lt;tr&gt;
      &lt;td style='width: 184px; height: 90px; font-weight: bold;' align='undefined' valign='undefined'&gt;Description&lt;/td&gt;
      &lt;td colspan='3' rowspan='1' style='height: 90px; width: 291px;' align='undefined' valign='undefined'&gt; Two businessmen were found dead under mysterious circumstances inside their parked vehicle at the parking lot of M2K Cinema in outer delhi&amp;nbsp;
&lt;/td&gt;
    &lt;/tr&gt;
  &lt;/tbody&gt;
&lt;/table&gt;</description>
                <styleUrl>#style34x93334</styleUrl>
                <Point>
                    <extrude xmlns:ns5="http://www.w3.org/2001/XMLSchema-instance" xmlns:ns6="http://www.w3.org/2001/XMLSchema" ns5:type="ns6:boolean">false</extrude>
                    <altitudeMode>clampToGround</altitudeMode>
                    <coordinates>77.22496,28.635308</coordinates>
                </Point>
            </Placemark>
            <Placemark>
                <name>Citrix Systems South Cone</name>
                <visibility xmlns:ns5="http://www.w3.org/2001/XMLSchema-instance" xmlns:ns6="http://www.w3.org/2001/XMLSchema" ns5:type="ns6:boolean">true</visibility>
                <open xmlns:ns5="http://www.w3.org/2001/XMLSchema-instance" xmlns:ns6="http://www.w3.org/2001/XMLSchema" ns5:type="ns6:boolean">true</open>
                <address>Victoria Ocampo 360, Piso 3, Esq. Juana Manso,buenos aires,Distrito Federal,Argentina</address>
                <description>&lt;table style='text-align: left; width: 480px; height: 240px;' border='1' border-color='gray' border-style='solid' cellpadding='2' cellspacing='2'&gt;
&lt;tbody&gt;
    &lt;tr style='font-weight: bold;'&gt;
		&lt;td style='height: 78px; width: 184px;' align='undefined' valign='undefined'&gt;&lt;span style='font-weight: normal;'&gt;&lt;img src='http:\\www.razient.com\Razient\iconsgi\customer.png'/&gt;&lt;/span&gt;&lt;/td&gt;
		&lt;td colspan='3' rowspan='1' style='height: 78px; width: 291px;' align='undefined' valign='undefined'&gt;Name: Citrix Systems South Cone&amp;nbsp;&lt;br&gt; Address: Victoria Ocampo 360, Piso 3, Esq. Juana Manso - buenos aires - Distrito Federal - Argentina&amp;nbsp;&lt;br&gt; Phone Number: &amp;nbsp;&lt;br&gt; Email: &amp;nbsp;&lt;br&gt; Primary Contact: &amp;nbsp;&lt;/td&gt;
    &lt;/tr&gt;
    &lt;tr&gt;
	   &lt;td colspan='3' rowspan='1' style='height: 0px; width: 291px;' align='undefined' valign='undefined'&gt;&amp;nbsp;&lt;/td&gt;
    &lt;/tr&gt;
  &lt;/tbody&gt;
&lt;/table&gt;</description>
                <styleUrl>#style0x70000</styleUrl>
                <Point>
                    <extrude xmlns:ns5="http://www.w3.org/2001/XMLSchema-instance" xmlns:ns6="http://www.w3.org/2001/XMLSchema" ns5:type="ns6:boolean">false</extrude>
                    <altitudeMode>clampToGround</altitudeMode>
                    <coordinates>-58.362972,-34.6081</coordinates>
                </Point>
            </Placemark>
            <Placemark>
                <name> Incident :  Two injured after building fire in Coghlan</name>
                <visibility xmlns:ns5="http://www.w3.org/2001/XMLSchema-instance" xmlns:ns6="http://www.w3.org/2001/XMLSchema" ns5:type="ns6:boolean">true</visibility>
                <open xmlns:ns5="http://www.w3.org/2001/XMLSchema-instance" xmlns:ns6="http://www.w3.org/2001/XMLSchema" ns5:type="ns6:boolean">false</open>
                <description>&lt;table style='text-align: left; width: 480px; height: 240px;' border='1' border-color='gray' border-style='solid' cellpadding='2' cellspacing='2'&gt;
&lt;tbody&gt;
    &lt;tr style='font-weight: bold;'&gt;
		&lt;td style='height: 78px; width: 184px;' align='undefined' valign='undefined'&gt;&lt;span style='font-weight: normal;'&gt;&lt;img src='http:\\66.216.18.155\Razient\iconsgi\suppliers.gif'/&gt;&lt;/span&gt;&lt;/td&gt;
		&lt;td colspan='3' rowspan='1' style='height: 78px; width: 291px;' align='undefined' valign='undefined'&gt;Citrix Systems South Cone&amp;nbsp;
Victoria Ocampo 360, Piso 3, Esq. Juana Manso&amp;nbsp;&lt;/td&gt;
    &lt;/tr&gt;
    &lt;tr&gt;
      &lt;td style='height: 0px; width: 184px; text-align: left;' valign='undefined'&gt;&lt;span style='font-weight: bold;'&gt;Summary:&lt;/span&gt;&lt;/td&gt;
	   &lt;td colspan='3' rowspan='1' style='height: 0px; width: 291px;' align='undefined' valign='undefined'&gt; Two injured after building fire in Coghlan&amp;nbsp;&lt;/td&gt;
    &lt;/tr&gt;
    &lt;tr&gt;
      &lt;td style='width: 184px; height: 26px; font-weight: bold;' align='undefined' valign='undefined'&gt;Country&lt;/td&gt;
      &lt;td style='width: 292px; height: 26px;' align='undefined' valign='undefined'&gt;Argentina&amp;nbsp;&lt;/td&gt;
      &lt;td style='height: 26px; width: 184px; font-weight: bold;' align='undefined' valign='undefined'&gt;Severity	&lt;/td&gt;
      &lt;td style='height: 26px; width: 291px;' align='undefined' valign='undefined'&gt;Medium&amp;nbsp;&lt;/td&gt;
    &lt;/tr&gt;
    &lt;tr&gt;
      &lt;td style='width: 184px; height: 30px; font-weight: bold;' align='undefined' valign='undefined'&gt;State&lt;/td&gt;
      &lt;td style='width: 292px; height: 30px;' align='undefined' valign='undefined'&gt;Distrito Federal&amp;nbsp;
&lt;/td&gt;
      &lt;td style='height: 30px; width: 184px; font-weight: bold;' align='undefined' valign='undefined'&gt;Type&lt;/td&gt;
      &lt;td style='height: 30px; width: 291px;' align='undefined' valign='undefined'&gt;Fire&amp;nbsp;&lt;/td&gt;
    &lt;/tr&gt;
    &lt;tr&gt;
      &lt;td style='width: 184px; height: 24px; font-weight: bold;' align='undefined' valign='undefined'&gt;City&lt;/td&gt;
      &lt;td style='width: 292px; height: 24px;' align='undefined' valign='undefined'&gt;buenos aires&amp;nbsp;
&lt;/td&gt;
      &lt;td style='height: 24px; width: 184px; font-weight: bold;' align='undefined' valign='undefined'&gt;Date&lt;/td&gt;
      &lt;td style='height: 24px; width: 291px;' align='undefined' valign='undefined'&gt;2011-10-07&amp;nbsp;
&lt;/td&gt;
    &lt;/tr&gt;
    &lt;tr&gt;
      &lt;td style='width: 184px; height: 26px; font-weight: bold;' align='undefined' valign='undefined'&gt;Deaths&lt;/td&gt;
      &lt;td style='width: 292px; height: 26px;' align='undefined' valign='undefined'&gt;0&amp;nbsp;
&lt;/td&gt;
      &lt;td style='height: 26px; width: 184px; font-weight: bold;' align='undefined' valign='undefined'&gt;Url&lt;/td&gt;
      &lt;td style='height: 26px; width: 291px;' align='undefined' valign='undefined'&gt;&lt;A href=' http://www.buenosairesherald.com/article/81000/two-injured-after-building-fire-in-coghlan'&gt;Link to News&amp;nbsp;&lt;/A&gt;
&lt;/td&gt;
    &lt;/tr&gt;
    &lt;tr&gt;
      &lt;td style='width: 184px; height: 90px; font-weight: bold;' align='undefined' valign='undefined'&gt;Description&lt;/td&gt;
      &lt;td colspan='3' rowspan='1' style='height: 90px; width: 291px;' align='undefined' valign='undefined'&gt; Two men were injured this morning, one severely so, after a fire broke out following an explosion inside a printing press building in the city neighbourhood of Coghlan, police sources informed.The fire broke out following an explosion which occurred at approximately 6.30 am this morning.&amp;nbsp;
&lt;/td&gt;
    &lt;/tr&gt;
  &lt;/tbody&gt;
&lt;/table&gt;</description>
                <styleUrl>#style9x93309</styleUrl>
                <Point>
                    <extrude xmlns:ns5="http://www.w3.org/2001/XMLSchema-instance" xmlns:ns6="http://www.w3.org/2001/XMLSchema" ns5:type="ns6:boolean">false</extrude>
                    <altitudeMode>clampToGround</altitudeMode>
                    <coordinates>-58.4747222,-34.5606944</coordinates>
                </Point>
            </Placemark>
            <Placemark>
                <name>Headquarters</name>
                <visibility xmlns:ns5="http://www.w3.org/2001/XMLSchema-instance" xmlns:ns6="http://www.w3.org/2001/XMLSchema" ns5:type="ns6:boolean">true</visibility>
                <open xmlns:ns5="http://www.w3.org/2001/XMLSchema-instance" xmlns:ns6="http://www.w3.org/2001/XMLSchema" ns5:type="ns6:boolean">true</open>
                <address>851 West Cypress Creek rd,fort lauderdale,Florida,United States</address>
                <description>&lt;table style='text-align: left; width: 480px; height: 240px;' border='1' border-color='gray' border-style='solid' cellpadding='2' cellspacing='2'&gt;
&lt;tbody&gt;
    &lt;tr style='font-weight: bold;'&gt;
		&lt;td style='height: 78px; width: 184px;' align='undefined' valign='undefined'&gt;&lt;span style='font-weight: normal;'&gt;&lt;img src='http:\\www.razient.com\Razient\iconsgi\customer.png'/&gt;&lt;/span&gt;&lt;/td&gt;
		&lt;td colspan='3' rowspan='1' style='height: 78px; width: 291px;' align='undefined' valign='undefined'&gt;Name: Headquarters&amp;nbsp;&lt;br&gt; Address: 851 West Cypress Creek rd - fort lauderdale - Florida - United States&amp;nbsp;&lt;br&gt; Phone Number: 954-267-3000&amp;nbsp;&lt;br&gt; Email: citrix@razient.com&amp;nbsp;&lt;br&gt; Primary Contact: Cit Rix&amp;nbsp;&lt;/td&gt;
    &lt;/tr&gt;
    &lt;tr&gt;
	   &lt;td colspan='3' rowspan='1' style='height: 0px; width: 291px;' align='undefined' valign='undefined'&gt;&amp;nbsp;&lt;/td&gt;
    &lt;/tr&gt;
  &lt;/tbody&gt;
&lt;/table&gt;</description>
                <styleUrl>#style0x70000</styleUrl>
                <Point>
                    <extrude xmlns:ns5="http://www.w3.org/2001/XMLSchema-instance" xmlns:ns6="http://www.w3.org/2001/XMLSchema" ns5:type="ns6:boolean">false</extrude>
                    <altitudeMode>clampToGround</altitudeMode>
                    <coordinates>-80.15421,26.20382</coordinates>
                </Point>
            </Placemark>
            <Placemark>
                <name> Incident :  Water Main Break Closes Fort Lauderdale Streets </name>
                <visibility xmlns:ns5="http://www.w3.org/2001/XMLSchema-instance" xmlns:ns6="http://www.w3.org/2001/XMLSchema" ns5:type="ns6:boolean">true</visibility>
                <open xmlns:ns5="http://www.w3.org/2001/XMLSchema-instance" xmlns:ns6="http://www.w3.org/2001/XMLSchema" ns5:type="ns6:boolean">false</open>
                <description>&lt;table style='text-align: left; width: 480px; height: 240px;' border='1' border-color='gray' border-style='solid' cellpadding='2' cellspacing='2'&gt;
&lt;tbody&gt;
    &lt;tr style='font-weight: bold;'&gt;
		&lt;td style='height: 78px; width: 184px;' align='undefined' valign='undefined'&gt;&lt;span style='font-weight: normal;'&gt;&lt;img src='http:\\66.216.18.155\Razient\iconsgi\suppliers.gif'/&gt;&lt;/span&gt;&lt;/td&gt;
		&lt;td colspan='3' rowspan='1' style='height: 78px; width: 291px;' align='undefined' valign='undefined'&gt;Headquarters&amp;nbsp;
851 West Cypress Creek rd&amp;nbsp;&lt;/td&gt;
    &lt;/tr&gt;
    &lt;tr&gt;
      &lt;td style='height: 0px; width: 184px; text-align: left;' valign='undefined'&gt;&lt;span style='font-weight: bold;'&gt;Summary:&lt;/span&gt;&lt;/td&gt;
	   &lt;td colspan='3' rowspan='1' style='height: 0px; width: 291px;' align='undefined' valign='undefined'&gt; Water Main Break Closes Fort Lauderdale Streets &amp;nbsp;&lt;/td&gt;
    &lt;/tr&gt;
    &lt;tr&gt;
      &lt;td style='width: 184px; height: 26px; font-weight: bold;' align='undefined' valign='undefined'&gt;Country&lt;/td&gt;
      &lt;td style='width: 292px; height: 26px;' align='undefined' valign='undefined'&gt;United States&amp;nbsp;&lt;/td&gt;
      &lt;td style='height: 26px; width: 184px; font-weight: bold;' align='undefined' valign='undefined'&gt;Severity	&lt;/td&gt;
      &lt;td style='height: 26px; width: 291px;' align='undefined' valign='undefined'&gt;Low&amp;nbsp;&lt;/td&gt;
    &lt;/tr&gt;
    &lt;tr&gt;
      &lt;td style='width: 184px; height: 30px; font-weight: bold;' align='undefined' valign='undefined'&gt;State&lt;/td&gt;
      &lt;td style='width: 292px; height: 30px;' align='undefined' valign='undefined'&gt;Florida&amp;nbsp;
&lt;/td&gt;
      &lt;td style='height: 30px; width: 184px; font-weight: bold;' align='undefined' valign='undefined'&gt;Type&lt;/td&gt;
      &lt;td style='height: 30px; width: 291px;' align='undefined' valign='undefined'&gt;Roads Closed&amp;nbsp;&lt;/td&gt;
    &lt;/tr&gt;
    &lt;tr&gt;
      &lt;td style='width: 184px; height: 24px; font-weight: bold;' align='undefined' valign='undefined'&gt;City&lt;/td&gt;
      &lt;td style='width: 292px; height: 24px;' align='undefined' valign='undefined'&gt;fort lauderdale&amp;nbsp;
&lt;/td&gt;
      &lt;td style='height: 24px; width: 184px; font-weight: bold;' align='undefined' valign='undefined'&gt;Date&lt;/td&gt;
      &lt;td style='height: 24px; width: 291px;' align='undefined' valign='undefined'&gt;2011-10-05&amp;nbsp;
&lt;/td&gt;
    &lt;/tr&gt;
    &lt;tr&gt;
      &lt;td style='width: 184px; height: 26px; font-weight: bold;' align='undefined' valign='undefined'&gt;Deaths&lt;/td&gt;
      &lt;td style='width: 292px; height: 26px;' align='undefined' valign='undefined'&gt;0&amp;nbsp;
&lt;/td&gt;
      &lt;td style='height: 26px; width: 184px; font-weight: bold;' align='undefined' valign='undefined'&gt;Url&lt;/td&gt;
      &lt;td style='height: 26px; width: 291px;' align='undefined' valign='undefined'&gt;&lt;A href=' http://www.nbcmiami.com/news/local/Water-Main-Break-Closes-Fort-Lauderdale-Streets-131128428.html'&gt;Link to News&amp;nbsp;&lt;/A&gt;
&lt;/td&gt;
    &lt;/tr&gt;
    &lt;tr&gt;
      &lt;td style='width: 184px; height: 90px; font-weight: bold;' align='undefined' valign='undefined'&gt;Description&lt;/td&gt;
      &lt;td colspan='3' rowspan='1' style='height: 90px; width: 291px;' align='undefined' valign='undefined'&gt;Powerline Road between Northwest 16th Street and Northwest 19th Street was closed due to water main break.&amp;nbsp;
&lt;/td&gt;
    &lt;/tr&gt;
  &lt;/tbody&gt;
&lt;/table&gt;</description>
                <styleUrl>#style33x93333</styleUrl>
                <Point>
                    <extrude xmlns:ns5="http://www.w3.org/2001/XMLSchema-instance" xmlns:ns6="http://www.w3.org/2001/XMLSchema" ns5:type="ns6:boolean">false</extrude>
                    <altitudeMode>clampToGround</altitudeMode>
                    <coordinates>-80.1515318,26.2519199</coordinates>
                </Point>
            </Placemark>
            <Placemark>
                <name>Citrix FLL</name>
                <visibility xmlns:ns5="http://www.w3.org/2001/XMLSchema-instance" xmlns:ns6="http://www.w3.org/2001/XMLSchema" ns5:type="ns6:boolean">true</visibility>
                <open xmlns:ns5="http://www.w3.org/2001/XMLSchema-instance" xmlns:ns6="http://www.w3.org/2001/XMLSchema" ns5:type="ns6:boolean">true</open>
                <address>6400 NW 6th Way ,fort lauderdale,Florida,United States</address>
                <description>&lt;table style='text-align: left; width: 480px; height: 240px;' border='1' border-color='gray' border-style='solid' cellpadding='2' cellspacing='2'&gt;
&lt;tbody&gt;
    &lt;tr style='font-weight: bold;'&gt;
		&lt;td style='height: 78px; width: 184px;' align='undefined' valign='undefined'&gt;&lt;span style='font-weight: normal;'&gt;&lt;img src='http:\\www.razient.com\Razient\iconsgi\customer.png'/&gt;&lt;/span&gt;&lt;/td&gt;
		&lt;td colspan='3' rowspan='1' style='height: 78px; width: 291px;' align='undefined' valign='undefined'&gt;Name: Citrix FLL&amp;nbsp;&lt;br&gt; Address: 6400 NW 6th Way  - fort lauderdale - Florida - United States&amp;nbsp;&lt;br&gt; Phone Number: &amp;nbsp;&lt;br&gt; Email: &amp;nbsp;&lt;br&gt; Primary Contact: &amp;nbsp;&lt;/td&gt;
    &lt;/tr&gt;
    &lt;tr&gt;
	   &lt;td colspan='3' rowspan='1' style='height: 0px; width: 291px;' align='undefined' valign='undefined'&gt;&amp;nbsp;&lt;/td&gt;
    &lt;/tr&gt;
  &lt;/tbody&gt;
&lt;/table&gt;</description>
                <styleUrl>#style0x70000</styleUrl>
                <Point>
                    <extrude xmlns:ns5="http://www.w3.org/2001/XMLSchema-instance" xmlns:ns6="http://www.w3.org/2001/XMLSchema" ns5:type="ns6:boolean">false</extrude>
                    <altitudeMode>clampToGround</altitudeMode>
                    <coordinates>-80.15178,26.207066</coordinates>
                </Point>
            </Placemark>
            <Placemark>
                <name> Incident :  Water Main Break Closes Fort Lauderdale Streets </name>
                <visibility xmlns:ns5="http://www.w3.org/2001/XMLSchema-instance" xmlns:ns6="http://www.w3.org/2001/XMLSchema" ns5:type="ns6:boolean">true</visibility>
                <open xmlns:ns5="http://www.w3.org/2001/XMLSchema-instance" xmlns:ns6="http://www.w3.org/2001/XMLSchema" ns5:type="ns6:boolean">false</open>
                <description>&lt;table style='text-align: left; width: 480px; height: 240px;' border='1' border-color='gray' border-style='solid' cellpadding='2' cellspacing='2'&gt;
&lt;tbody&gt;
    &lt;tr style='font-weight: bold;'&gt;
		&lt;td style='height: 78px; width: 184px;' align='undefined' valign='undefined'&gt;&lt;span style='font-weight: normal;'&gt;&lt;img src='http:\\66.216.18.155\Razient\iconsgi\suppliers.gif'/&gt;&lt;/span&gt;&lt;/td&gt;
		&lt;td colspan='3' rowspan='1' style='height: 78px; width: 291px;' align='undefined' valign='undefined'&gt;Citrix FLL&amp;nbsp;
6400 NW 6th Way &amp;nbsp;&lt;/td&gt;
    &lt;/tr&gt;
    &lt;tr&gt;
      &lt;td style='height: 0px; width: 184px; text-align: left;' valign='undefined'&gt;&lt;span style='font-weight: bold;'&gt;Summary:&lt;/span&gt;&lt;/td&gt;
	   &lt;td colspan='3' rowspan='1' style='height: 0px; width: 291px;' align='undefined' valign='undefined'&gt; Water Main Break Closes Fort Lauderdale Streets &amp;nbsp;&lt;/td&gt;
    &lt;/tr&gt;
    &lt;tr&gt;
      &lt;td style='width: 184px; height: 26px; font-weight: bold;' align='undefined' valign='undefined'&gt;Country&lt;/td&gt;
      &lt;td style='width: 292px; height: 26px;' align='undefined' valign='undefined'&gt;United States&amp;nbsp;&lt;/td&gt;
      &lt;td style='height: 26px; width: 184px; font-weight: bold;' align='undefined' valign='undefined'&gt;Severity	&lt;/td&gt;
      &lt;td style='height: 26px; width: 291px;' align='undefined' valign='undefined'&gt;Low&amp;nbsp;&lt;/td&gt;
    &lt;/tr&gt;
    &lt;tr&gt;
      &lt;td style='width: 184px; height: 30px; font-weight: bold;' align='undefined' valign='undefined'&gt;State&lt;/td&gt;
      &lt;td style='width: 292px; height: 30px;' align='undefined' valign='undefined'&gt;Florida&amp;nbsp;
&lt;/td&gt;
      &lt;td style='height: 30px; width: 184px; font-weight: bold;' align='undefined' valign='undefined'&gt;Type&lt;/td&gt;
      &lt;td style='height: 30px; width: 291px;' align='undefined' valign='undefined'&gt;Roads Closed&amp;nbsp;&lt;/td&gt;
    &lt;/tr&gt;
    &lt;tr&gt;
      &lt;td style='width: 184px; height: 24px; font-weight: bold;' align='undefined' valign='undefined'&gt;City&lt;/td&gt;
      &lt;td style='width: 292px; height: 24px;' align='undefined' valign='undefined'&gt;fort lauderdale&amp;nbsp;
&lt;/td&gt;
      &lt;td style='height: 24px; width: 184px; font-weight: bold;' align='undefined' valign='undefined'&gt;Date&lt;/td&gt;
      &lt;td style='height: 24px; width: 291px;' align='undefined' valign='undefined'&gt;2011-10-05&amp;nbsp;
&lt;/td&gt;
    &lt;/tr&gt;
    &lt;tr&gt;
      &lt;td style='width: 184px; height: 26px; font-weight: bold;' align='undefined' valign='undefined'&gt;Deaths&lt;/td&gt;
      &lt;td style='width: 292px; height: 26px;' align='undefined' valign='undefined'&gt;0&amp;nbsp;
&lt;/td&gt;
      &lt;td style='height: 26px; width: 184px; font-weight: bold;' align='undefined' valign='undefined'&gt;Url&lt;/td&gt;
      &lt;td style='height: 26px; width: 291px;' align='undefined' valign='undefined'&gt;&lt;A href=' http://www.nbcmiami.com/news/local/Water-Main-Break-Closes-Fort-Lauderdale-Streets-131128428.html'&gt;Link to News&amp;nbsp;&lt;/A&gt;
&lt;/td&gt;
    &lt;/tr&gt;
    &lt;tr&gt;
      &lt;td style='width: 184px; height: 90px; font-weight: bold;' align='undefined' valign='undefined'&gt;Description&lt;/td&gt;
      &lt;td colspan='3' rowspan='1' style='height: 90px; width: 291px;' align='undefined' valign='undefined'&gt;Powerline Road between Northwest 16th Street and Northwest 19th Street was closed due to water main break.&amp;nbsp;
&lt;/td&gt;
    &lt;/tr&gt;
  &lt;/tbody&gt;
&lt;/table&gt;</description>
                <styleUrl>#style33x93333</styleUrl>
                <Point>
                    <extrude xmlns:ns5="http://www.w3.org/2001/XMLSchema-instance" xmlns:ns6="http://www.w3.org/2001/XMLSchema" ns5:type="ns6:boolean">false</extrude>
                    <altitudeMode>clampToGround</altitudeMode>
                    <coordinates>-80.1515318,26.2519199</coordinates>
                </Point>
            </Placemark>
            <Placemark>
                <name>Citrix Systems India Pvt Ltd.</name>
                <visibility xmlns:ns5="http://www.w3.org/2001/XMLSchema-instance" xmlns:ns6="http://www.w3.org/2001/XMLSchema" ns5:type="ns6:boolean">true</visibility>
                <open xmlns:ns5="http://www.w3.org/2001/XMLSchema-instance" xmlns:ns6="http://www.w3.org/2001/XMLSchema" ns5:type="ns6:boolean">true</open>
                <address>Unit No. 216, 2F, Old Mathura Road,new delhi,Delhi,India</address>
                <description>&lt;table style='text-align: left; width: 480px; height: 240px;' border='1' border-color='gray' border-style='solid' cellpadding='2' cellspacing='2'&gt;
&lt;tbody&gt;
    &lt;tr style='font-weight: bold;'&gt;
		&lt;td style='height: 78px; width: 184px;' align='undefined' valign='undefined'&gt;&lt;span style='font-weight: normal;'&gt;&lt;img src='http:\\www.razient.com\Razient\iconsgi\customer.png'/&gt;&lt;/span&gt;&lt;/td&gt;
		&lt;td colspan='3' rowspan='1' style='height: 78px; width: 291px;' align='undefined' valign='undefined'&gt;Name: Citrix Systems India Pvt Ltd.&amp;nbsp;&lt;br&gt; Address: Unit No. 216, 2F, Old Mathura Road - new delhi - Delhi - India&amp;nbsp;&lt;br&gt; Phone Number: &amp;nbsp;&lt;br&gt; Email: &amp;nbsp;&lt;br&gt; Primary Contact: &amp;nbsp;&lt;/td&gt;
    &lt;/tr&gt;
    &lt;tr&gt;
	   &lt;td colspan='3' rowspan='1' style='height: 0px; width: 291px;' align='undefined' valign='undefined'&gt;&amp;nbsp;&lt;/td&gt;
    &lt;/tr&gt;
  &lt;/tbody&gt;
&lt;/table&gt;</description>
                <styleUrl>#style0x70000</styleUrl>
                <Point>
                    <extrude xmlns:ns5="http://www.w3.org/2001/XMLSchema-instance" xmlns:ns6="http://www.w3.org/2001/XMLSchema" ns5:type="ns6:boolean">false</extrude>
                    <altitudeMode>clampToGround</altitudeMode>
                    <coordinates>77.22496,28.635307</coordinates>
                </Point>
            </Placemark>
            <Placemark>
                <name> Incident :  Bomb scare at Janpath in Delhi</name>
                <visibility xmlns:ns5="http://www.w3.org/2001/XMLSchema-instance" xmlns:ns6="http://www.w3.org/2001/XMLSchema" ns5:type="ns6:boolean">true</visibility>
                <open xmlns:ns5="http://www.w3.org/2001/XMLSchema-instance" xmlns:ns6="http://www.w3.org/2001/XMLSchema" ns5:type="ns6:boolean">false</open>
                <description>&lt;table style='text-align: left; width: 480px; height: 240px;' border='1' border-color='gray' border-style='solid' cellpadding='2' cellspacing='2'&gt;
&lt;tbody&gt;
    &lt;tr style='font-weight: bold;'&gt;
		&lt;td style='height: 78px; width: 184px;' align='undefined' valign='undefined'&gt;&lt;span style='font-weight: normal;'&gt;&lt;img src='http:\\66.216.18.155\Razient\iconsgi\suppliers.gif'/&gt;&lt;/span&gt;&lt;/td&gt;
		&lt;td colspan='3' rowspan='1' style='height: 78px; width: 291px;' align='undefined' valign='undefined'&gt;Citrix Systems India Pvt Ltd.&amp;nbsp;
Unit No. 216, 2F, Old Mathura Road&amp;nbsp;&lt;/td&gt;
    &lt;/tr&gt;
    &lt;tr&gt;
      &lt;td style='height: 0px; width: 184px; text-align: left;' valign='undefined'&gt;&lt;span style='font-weight: bold;'&gt;Summary:&lt;/span&gt;&lt;/td&gt;
	   &lt;td colspan='3' rowspan='1' style='height: 0px; width: 291px;' align='undefined' valign='undefined'&gt; Bomb scare at Janpath in Delhi&amp;nbsp;&lt;/td&gt;
    &lt;/tr&gt;
    &lt;tr&gt;
      &lt;td style='width: 184px; height: 26px; font-weight: bold;' align='undefined' valign='undefined'&gt;Country&lt;/td&gt;
      &lt;td style='width: 292px; height: 26px;' align='undefined' valign='undefined'&gt;India&amp;nbsp;&lt;/td&gt;
      &lt;td style='height: 26px; width: 184px; font-weight: bold;' align='undefined' valign='undefined'&gt;Severity	&lt;/td&gt;
      &lt;td style='height: 26px; width: 291px;' align='undefined' valign='undefined'&gt;Low&amp;nbsp;&lt;/td&gt;
    &lt;/tr&gt;
    &lt;tr&gt;
      &lt;td style='width: 184px; height: 30px; font-weight: bold;' align='undefined' valign='undefined'&gt;State&lt;/td&gt;
      &lt;td style='width: 292px; height: 30px;' align='undefined' valign='undefined'&gt;Delhi&amp;nbsp;
&lt;/td&gt;
      &lt;td style='height: 30px; width: 184px; font-weight: bold;' align='undefined' valign='undefined'&gt;Type&lt;/td&gt;
      &lt;td style='height: 30px; width: 291px;' align='undefined' valign='undefined'&gt;Bomb Scare&amp;nbsp;&lt;/td&gt;
    &lt;/tr&gt;
    &lt;tr&gt;
      &lt;td style='width: 184px; height: 24px; font-weight: bold;' align='undefined' valign='undefined'&gt;City&lt;/td&gt;
      &lt;td style='width: 292px; height: 24px;' align='undefined' valign='undefined'&gt;new delhi&amp;nbsp;
&lt;/td&gt;
      &lt;td style='height: 24px; width: 184px; font-weight: bold;' align='undefined' valign='undefined'&gt;Date&lt;/td&gt;
      &lt;td style='height: 24px; width: 291px;' align='undefined' valign='undefined'&gt;2011-10-04&amp;nbsp;
&lt;/td&gt;
    &lt;/tr&gt;
    &lt;tr&gt;
      &lt;td style='width: 184px; height: 26px; font-weight: bold;' align='undefined' valign='undefined'&gt;Deaths&lt;/td&gt;
      &lt;td style='width: 292px; height: 26px;' align='undefined' valign='undefined'&gt;0&amp;nbsp;
&lt;/td&gt;
      &lt;td style='height: 26px; width: 184px; font-weight: bold;' align='undefined' valign='undefined'&gt;Url&lt;/td&gt;
      &lt;td style='height: 26px; width: 291px;' align='undefined' valign='undefined'&gt;&lt;A href=' http://english.samaylive.com/regional-news/national-capital-region-news/676494290/bomb-scare-at-janpath-in-delhi.html'&gt;Link to News&amp;nbsp;&lt;/A&gt;
&lt;/td&gt;
    &lt;/tr&gt;
    &lt;tr&gt;
      &lt;td style='width: 184px; height: 90px; font-weight: bold;' align='undefined' valign='undefined'&gt;Description&lt;/td&gt;
      &lt;td colspan='3' rowspan='1' style='height: 90px; width: 291px;' align='undefined' valign='undefined'&gt; Tuesday afternoon saw hectic activities of police personnel at Janpath market in downtown New Delhi in the wake of bomb scare.Police got news of bombs having been planted in the market.Market was immediately emptied out as the news of bomb spread like wild fire&#xD;
&amp;nbsp;
&lt;/td&gt;
    &lt;/tr&gt;
  &lt;/tbody&gt;
&lt;/table&gt;</description>
                <styleUrl>#style2x93302</styleUrl>
                <Point>
                    <extrude xmlns:ns5="http://www.w3.org/2001/XMLSchema-instance" xmlns:ns6="http://www.w3.org/2001/XMLSchema" ns5:type="ns6:boolean">false</extrude>
                    <altitudeMode>clampToGround</altitudeMode>
                    <coordinates>77.22496,28.639808</coordinates>
                </Point>
            </Placemark>
            <Placemark>
                <name>Citrix Systems India Pvt Ltd.</name>
                <visibility xmlns:ns5="http://www.w3.org/2001/XMLSchema-instance" xmlns:ns6="http://www.w3.org/2001/XMLSchema" ns5:type="ns6:boolean">true</visibility>
                <open xmlns:ns5="http://www.w3.org/2001/XMLSchema-instance" xmlns:ns6="http://www.w3.org/2001/XMLSchema" ns5:type="ns6:boolean">true</open>
                <address>Unit No. 216, 2F, Old Mathura Road,new delhi,Delhi,India</address>
                <description>&lt;table style='text-align: left; width: 480px; height: 240px;' border='1' border-color='gray' border-style='solid' cellpadding='2' cellspacing='2'&gt;
&lt;tbody&gt;
    &lt;tr style='font-weight: bold;'&gt;
		&lt;td style='height: 78px; width: 184px;' align='undefined' valign='undefined'&gt;&lt;span style='font-weight: normal;'&gt;&lt;img src='http:\\www.razient.com\Razient\iconsgi\customer.png'/&gt;&lt;/span&gt;&lt;/td&gt;
		&lt;td colspan='3' rowspan='1' style='height: 78px; width: 291px;' align='undefined' valign='undefined'&gt;Name: Citrix Systems India Pvt Ltd.&amp;nbsp;&lt;br&gt; Address: Unit No. 216, 2F, Old Mathura Road - new delhi - Delhi - India&amp;nbsp;&lt;br&gt; Phone Number: &amp;nbsp;&lt;br&gt; Email: &amp;nbsp;&lt;br&gt; Primary Contact: &amp;nbsp;&lt;/td&gt;
    &lt;/tr&gt;
    &lt;tr&gt;
	   &lt;td colspan='3' rowspan='1' style='height: 0px; width: 291px;' align='undefined' valign='undefined'&gt;&amp;nbsp;&lt;/td&gt;
    &lt;/tr&gt;
  &lt;/tbody&gt;
&lt;/table&gt;</description>
                <styleUrl>#style0x70000</styleUrl>
                <Point>
                    <extrude xmlns:ns5="http://www.w3.org/2001/XMLSchema-instance" xmlns:ns6="http://www.w3.org/2001/XMLSchema" ns5:type="ns6:boolean">false</extrude>
                    <altitudeMode>clampToGround</altitudeMode>
                    <coordinates>77.22496,28.635307</coordinates>
                </Point>
            </Placemark>
            <Placemark>
                <name> Incident :  5 killed in building collapse near Jama Masjid &#xD;
</name>
                <visibility xmlns:ns5="http://www.w3.org/2001/XMLSchema-instance" xmlns:ns6="http://www.w3.org/2001/XMLSchema" ns5:type="ns6:boolean">true</visibility>
                <open xmlns:ns5="http://www.w3.org/2001/XMLSchema-instance" xmlns:ns6="http://www.w3.org/2001/XMLSchema" ns5:type="ns6:boolean">false</open>
                <description>&lt;table style='text-align: left; width: 480px; height: 240px;' border='1' border-color='gray' border-style='solid' cellpadding='2' cellspacing='2'&gt;
&lt;tbody&gt;
    &lt;tr style='font-weight: bold;'&gt;
		&lt;td style='height: 78px; width: 184px;' align='undefined' valign='undefined'&gt;&lt;span style='font-weight: normal;'&gt;&lt;img src='http:\\66.216.18.155\Razient\iconsgi\suppliers.gif'/&gt;&lt;/span&gt;&lt;/td&gt;
		&lt;td colspan='3' rowspan='1' style='height: 78px; width: 291px;' align='undefined' valign='undefined'&gt;Citrix Systems India Pvt Ltd.&amp;nbsp;
Unit No. 216, 2F, Old Mathura Road&amp;nbsp;&lt;/td&gt;
    &lt;/tr&gt;
    &lt;tr&gt;
      &lt;td style='height: 0px; width: 184px; text-align: left;' valign='undefined'&gt;&lt;span style='font-weight: bold;'&gt;Summary:&lt;/span&gt;&lt;/td&gt;
	   &lt;td colspan='3' rowspan='1' style='height: 0px; width: 291px;' align='undefined' valign='undefined'&gt; 5 killed in building collapse near Jama Masjid &#xD;
&amp;nbsp;&lt;/td&gt;
    &lt;/tr&gt;
    &lt;tr&gt;
      &lt;td style='width: 184px; height: 26px; font-weight: bold;' align='undefined' valign='undefined'&gt;Country&lt;/td&gt;
      &lt;td style='width: 292px; height: 26px;' align='undefined' valign='undefined'&gt;India&amp;nbsp;&lt;/td&gt;
      &lt;td style='height: 26px; width: 184px; font-weight: bold;' align='undefined' valign='undefined'&gt;Severity	&lt;/td&gt;
      &lt;td style='height: 26px; width: 291px;' align='undefined' valign='undefined'&gt;High&amp;nbsp;&lt;/td&gt;
    &lt;/tr&gt;
    &lt;tr&gt;
      &lt;td style='width: 184px; height: 30px; font-weight: bold;' align='undefined' valign='undefined'&gt;State&lt;/td&gt;
      &lt;td style='width: 292px; height: 30px;' align='undefined' valign='undefined'&gt;Delhi&amp;nbsp;
&lt;/td&gt;
      &lt;td style='height: 30px; width: 184px; font-weight: bold;' align='undefined' valign='undefined'&gt;Type&lt;/td&gt;
      &lt;td style='height: 30px; width: 291px;' align='undefined' valign='undefined'&gt;Collapse&amp;nbsp;&lt;/td&gt;
    &lt;/tr&gt;
    &lt;tr&gt;
      &lt;td style='width: 184px; height: 24px; font-weight: bold;' align='undefined' valign='undefined'&gt;City&lt;/td&gt;
      &lt;td style='width: 292px; height: 24px;' align='undefined' valign='undefined'&gt;new delhi&amp;nbsp;
&lt;/td&gt;
      &lt;td style='height: 24px; width: 184px; font-weight: bold;' align='undefined' valign='undefined'&gt;Date&lt;/td&gt;
      &lt;td style='height: 24px; width: 291px;' align='undefined' valign='undefined'&gt;2011-10-03&amp;nbsp;
&lt;/td&gt;
    &lt;/tr&gt;
    &lt;tr&gt;
      &lt;td style='width: 184px; height: 26px; font-weight: bold;' align='undefined' valign='undefined'&gt;Deaths&lt;/td&gt;
      &lt;td style='width: 292px; height: 26px;' align='undefined' valign='undefined'&gt;5&amp;nbsp;
&lt;/td&gt;
      &lt;td style='height: 26px; width: 184px; font-weight: bold;' align='undefined' valign='undefined'&gt;Url&lt;/td&gt;
      &lt;td style='height: 26px; width: 291px;' align='undefined' valign='undefined'&gt;&lt;A href=' http://www.southasiamail.com/news.php?id=101078'&gt;Link to News&amp;nbsp;&lt;/A&gt;
&lt;/td&gt;
    &lt;/tr&gt;
    &lt;tr&gt;
      &lt;td style='width: 184px; height: 90px; font-weight: bold;' align='undefined' valign='undefined'&gt;Description&lt;/td&gt;
      &lt;td colspan='3' rowspan='1' style='height: 90px; width: 291px;' align='undefined' valign='undefined'&gt; At least five persons, including four women, were killed and 25 injured tonight when adjacent buildings collapsed near Old Delhis Jama Masjid&amp;nbsp;
&lt;/td&gt;
    &lt;/tr&gt;
  &lt;/tbody&gt;
&lt;/table&gt;</description>
                <styleUrl>#style13x93313</styleUrl>
                <Point>
                    <extrude xmlns:ns5="http://www.w3.org/2001/XMLSchema-instance" xmlns:ns6="http://www.w3.org/2001/XMLSchema" ns5:type="ns6:boolean">false</extrude>
                    <altitudeMode>clampToGround</altitudeMode>
                    <coordinates>77.22945999999999,28.639808</coordinates>
                </Point>
            </Placemark>
            <Placemark>
                <name>India</name>
                <visibility xmlns:ns5="http://www.w3.org/2001/XMLSchema-instance" xmlns:ns6="http://www.w3.org/2001/XMLSchema" ns5:type="ns6:boolean">true</visibility>
                <open xmlns:ns5="http://www.w3.org/2001/XMLSchema-instance" xmlns:ns6="http://www.w3.org/2001/XMLSchema" ns5:type="ns6:boolean">true</open>
                <address>33 Ulsoor Road,bangalore,Karnataka,India</address>
                <description>&lt;table style='text-align: left; width: 480px; height: 240px;' border='1' border-color='gray' border-style='solid' cellpadding='2' cellspacing='2'&gt;
&lt;tbody&gt;
    &lt;tr style='font-weight: bold;'&gt;
		&lt;td style='height: 78px; width: 184px;' align='undefined' valign='undefined'&gt;&lt;span style='font-weight: normal;'&gt;&lt;img src='http:\\www.razient.com\Razient\iconsgi\customer.png'/&gt;&lt;/span&gt;&lt;/td&gt;
		&lt;td colspan='3' rowspan='1' style='height: 78px; width: 291px;' align='undefined' valign='undefined'&gt;Name: India&amp;nbsp;&lt;br&gt; Address: 33 Ulsoor Road - bangalore - Karnataka - India&amp;nbsp;&lt;br&gt; Phone Number: &amp;nbsp;&lt;br&gt; Email: &amp;nbsp;&lt;br&gt; Primary Contact: &amp;nbsp;&lt;/td&gt;
    &lt;/tr&gt;
    &lt;tr&gt;
	   &lt;td colspan='3' rowspan='1' style='height: 0px; width: 291px;' align='undefined' valign='undefined'&gt;&amp;nbsp;&lt;/td&gt;
    &lt;/tr&gt;
  &lt;/tbody&gt;
&lt;/table&gt;</description>
                <styleUrl>#style0x70000</styleUrl>
                <Point>
                    <extrude xmlns:ns5="http://www.w3.org/2001/XMLSchema-instance" xmlns:ns6="http://www.w3.org/2001/XMLSchema" ns5:type="ns6:boolean">false</extrude>
                    <altitudeMode>clampToGround</altitudeMode>
                    <coordinates>77.61922,12.981472</coordinates>
                </Point>
            </Placemark>
            <Placemark>
                <name> Incident :  Labourer killed in mudslide</name>
                <visibility xmlns:ns5="http://www.w3.org/2001/XMLSchema-instance" xmlns:ns6="http://www.w3.org/2001/XMLSchema" ns5:type="ns6:boolean">true</visibility>
                <open xmlns:ns5="http://www.w3.org/2001/XMLSchema-instance" xmlns:ns6="http://www.w3.org/2001/XMLSchema" ns5:type="ns6:boolean">false</open>
                <description>&lt;table style='text-align: left; width: 480px; height: 240px;' border='1' border-color='gray' border-style='solid' cellpadding='2' cellspacing='2'&gt;
&lt;tbody&gt;
    &lt;tr style='font-weight: bold;'&gt;
		&lt;td style='height: 78px; width: 184px;' align='undefined' valign='undefined'&gt;&lt;span style='font-weight: normal;'&gt;&lt;img src='http:\\66.216.18.155\Razient\iconsgi\suppliers.gif'/&gt;&lt;/span&gt;&lt;/td&gt;
		&lt;td colspan='3' rowspan='1' style='height: 78px; width: 291px;' align='undefined' valign='undefined'&gt;India&amp;nbsp;
33 Ulsoor Road&amp;nbsp;&lt;/td&gt;
    &lt;/tr&gt;
    &lt;tr&gt;
      &lt;td style='height: 0px; width: 184px; text-align: left;' valign='undefined'&gt;&lt;span style='font-weight: bold;'&gt;Summary:&lt;/span&gt;&lt;/td&gt;
	   &lt;td colspan='3' rowspan='1' style='height: 0px; width: 291px;' align='undefined' valign='undefined'&gt; Labourer killed in mudslide&amp;nbsp;&lt;/td&gt;
    &lt;/tr&gt;
    &lt;tr&gt;
      &lt;td style='width: 184px; height: 26px; font-weight: bold;' align='undefined' valign='undefined'&gt;Country&lt;/td&gt;
      &lt;td style='width: 292px; height: 26px;' align='undefined' valign='undefined'&gt;India&amp;nbsp;&lt;/td&gt;
      &lt;td style='height: 26px; width: 184px; font-weight: bold;' align='undefined' valign='undefined'&gt;Severity	&lt;/td&gt;
      &lt;td style='height: 26px; width: 291px;' align='undefined' valign='undefined'&gt;Medium&amp;nbsp;&lt;/td&gt;
    &lt;/tr&gt;
    &lt;tr&gt;
      &lt;td style='width: 184px; height: 30px; font-weight: bold;' align='undefined' valign='undefined'&gt;State&lt;/td&gt;
      &lt;td style='width: 292px; height: 30px;' align='undefined' valign='undefined'&gt;Karnataka&amp;nbsp;
&lt;/td&gt;
      &lt;td style='height: 30px; width: 184px; font-weight: bold;' align='undefined' valign='undefined'&gt;Type&lt;/td&gt;
      &lt;td style='height: 30px; width: 291px;' align='undefined' valign='undefined'&gt;Landslide&amp;nbsp;&lt;/td&gt;
    &lt;/tr&gt;
    &lt;tr&gt;
      &lt;td style='width: 184px; height: 24px; font-weight: bold;' align='undefined' valign='undefined'&gt;City&lt;/td&gt;
      &lt;td style='width: 292px; height: 24px;' align='undefined' valign='undefined'&gt;bangalore&amp;nbsp;
&lt;/td&gt;
      &lt;td style='height: 24px; width: 184px; font-weight: bold;' align='undefined' valign='undefined'&gt;Date&lt;/td&gt;
      &lt;td style='height: 24px; width: 291px;' align='undefined' valign='undefined'&gt;2011-09-29&amp;nbsp;
&lt;/td&gt;
    &lt;/tr&gt;
    &lt;tr&gt;
      &lt;td style='width: 184px; height: 26px; font-weight: bold;' align='undefined' valign='undefined'&gt;Deaths&lt;/td&gt;
      &lt;td style='width: 292px; height: 26px;' align='undefined' valign='undefined'&gt;1&amp;nbsp;
&lt;/td&gt;
      &lt;td style='height: 26px; width: 184px; font-weight: bold;' align='undefined' valign='undefined'&gt;Url&lt;/td&gt;
      &lt;td style='height: 26px; width: 291px;' align='undefined' valign='undefined'&gt;&lt;A href=' http://www.deccanherald.com/content/194638/labourer-killed-mudslide.html'&gt;Link to News&amp;nbsp;&lt;/A&gt;
&lt;/td&gt;
    &lt;/tr&gt;
    &lt;tr&gt;
      &lt;td style='width: 184px; height: 90px; font-weight: bold;' align='undefined' valign='undefined'&gt;Description&lt;/td&gt;
      &lt;td colspan='3' rowspan='1' style='height: 90px; width: 291px;' align='undefined' valign='undefined'&gt; A labourer was killed and another injured when mud caved in on them while they were laying a pipeline for the Bangalore Water Supply and Sewerage Board on Thursday&amp;nbsp;
&lt;/td&gt;
    &lt;/tr&gt;
  &lt;/tbody&gt;
&lt;/table&gt;</description>
                <styleUrl>#style9999x9339999</styleUrl>
                <Point>
                    <extrude xmlns:ns5="http://www.w3.org/2001/XMLSchema-instance" xmlns:ns6="http://www.w3.org/2001/XMLSchema" ns5:type="ns6:boolean">false</extrude>
                    <altitudeMode>clampToGround</altitudeMode>
                    <coordinates>77.5833,12.9833</coordinates>
                </Point>
            </Placemark>
            <Placemark>
                <name>Citrix R&amp;D India Pvt</name>
                <visibility xmlns:ns5="http://www.w3.org/2001/XMLSchema-instance" xmlns:ns6="http://www.w3.org/2001/XMLSchema" ns5:type="ns6:boolean">true</visibility>
                <open xmlns:ns5="http://www.w3.org/2001/XMLSchema-instance" xmlns:ns6="http://www.w3.org/2001/XMLSchema" ns5:type="ns6:boolean">true</open>
                <address>69/3, Millers Road,bangalore,Karnataka,India</address>
                <description>&lt;table style='text-align: left; width: 480px; height: 240px;' border='1' border-color='gray' border-style='solid' cellpadding='2' cellspacing='2'&gt;
&lt;tbody&gt;
    &lt;tr style='font-weight: bold;'&gt;
		&lt;td style='height: 78px; width: 184px;' align='undefined' valign='undefined'&gt;&lt;span style='font-weight: normal;'&gt;&lt;img src='http:\\www.razient.com\Razient\iconsgi\customer.png'/&gt;&lt;/span&gt;&lt;/td&gt;
		&lt;td colspan='3' rowspan='1' style='height: 78px; width: 291px;' align='undefined' valign='undefined'&gt;Name: Citrix R&amp;D India Pvt&amp;nbsp;&lt;br&gt; Address: 69/3, Millers Road - bangalore - Karnataka - India&amp;nbsp;&lt;br&gt; Phone Number: &amp;nbsp;&lt;br&gt; Email: &amp;nbsp;&lt;br&gt; Primary Contact: &amp;nbsp;&lt;/td&gt;
    &lt;/tr&gt;
    &lt;tr&gt;
	   &lt;td colspan='3' rowspan='1' style='height: 0px; width: 291px;' align='undefined' valign='undefined'&gt;&amp;nbsp;&lt;/td&gt;
    &lt;/tr&gt;
  &lt;/tbody&gt;
&lt;/table&gt;</description>
                <styleUrl>#style0x70000</styleUrl>
                <Point>
                    <extrude xmlns:ns5="http://www.w3.org/2001/XMLSchema-instance" xmlns:ns6="http://www.w3.org/2001/XMLSchema" ns5:type="ns6:boolean">false</extrude>
                    <altitudeMode>clampToGround</altitudeMode>
                    <coordinates>77.60074,12.995729</coordinates>
                </Point>
            </Placemark>
            <Placemark>
                <name> Incident :  Labourer killed in mudslide</name>
                <visibility xmlns:ns5="http://www.w3.org/2001/XMLSchema-instance" xmlns:ns6="http://www.w3.org/2001/XMLSchema" ns5:type="ns6:boolean">true</visibility>
                <open xmlns:ns5="http://www.w3.org/2001/XMLSchema-instance" xmlns:ns6="http://www.w3.org/2001/XMLSchema" ns5:type="ns6:boolean">false</open>
                <description>&lt;table style='text-align: left; width: 480px; height: 240px;' border='1' border-color='gray' border-style='solid' cellpadding='2' cellspacing='2'&gt;
&lt;tbody&gt;
    &lt;tr style='font-weight: bold;'&gt;
		&lt;td style='height: 78px; width: 184px;' align='undefined' valign='undefined'&gt;&lt;span style='font-weight: normal;'&gt;&lt;img src='http:\\66.216.18.155\Razient\iconsgi\suppliers.gif'/&gt;&lt;/span&gt;&lt;/td&gt;
		&lt;td colspan='3' rowspan='1' style='height: 78px; width: 291px;' align='undefined' valign='undefined'&gt;Citrix R&amp;D India Pvt&amp;nbsp;
69/3, Millers Road&amp;nbsp;&lt;/td&gt;
    &lt;/tr&gt;
    &lt;tr&gt;
      &lt;td style='height: 0px; width: 184px; text-align: left;' valign='undefined'&gt;&lt;span style='font-weight: bold;'&gt;Summary:&lt;/span&gt;&lt;/td&gt;
	   &lt;td colspan='3' rowspan='1' style='height: 0px; width: 291px;' align='undefined' valign='undefined'&gt; Labourer killed in mudslide&amp;nbsp;&lt;/td&gt;
    &lt;/tr&gt;
    &lt;tr&gt;
      &lt;td style='width: 184px; height: 26px; font-weight: bold;' align='undefined' valign='undefined'&gt;Country&lt;/td&gt;
      &lt;td style='width: 292px; height: 26px;' align='undefined' valign='undefined'&gt;India&amp;nbsp;&lt;/td&gt;
      &lt;td style='height: 26px; width: 184px; font-weight: bold;' align='undefined' valign='undefined'&gt;Severity	&lt;/td&gt;
      &lt;td style='height: 26px; width: 291px;' align='undefined' valign='undefined'&gt;Medium&amp;nbsp;&lt;/td&gt;
    &lt;/tr&gt;
    &lt;tr&gt;
      &lt;td style='width: 184px; height: 30px; font-weight: bold;' align='undefined' valign='undefined'&gt;State&lt;/td&gt;
      &lt;td style='width: 292px; height: 30px;' align='undefined' valign='undefined'&gt;Karnataka&amp;nbsp;
&lt;/td&gt;
      &lt;td style='height: 30px; width: 184px; font-weight: bold;' align='undefined' valign='undefined'&gt;Type&lt;/td&gt;
      &lt;td style='height: 30px; width: 291px;' align='undefined' valign='undefined'&gt;Landslide&amp;nbsp;&lt;/td&gt;
    &lt;/tr&gt;
    &lt;tr&gt;
      &lt;td style='width: 184px; height: 24px; font-weight: bold;' align='undefined' valign='undefined'&gt;City&lt;/td&gt;
      &lt;td style='width: 292px; height: 24px;' align='undefined' valign='undefined'&gt;bangalore&amp;nbsp;
&lt;/td&gt;
      &lt;td style='height: 24px; width: 184px; font-weight: bold;' align='undefined' valign='undefined'&gt;Date&lt;/td&gt;
      &lt;td style='height: 24px; width: 291px;' align='undefined' valign='undefined'&gt;2011-09-29&amp;nbsp;
&lt;/td&gt;
    &lt;/tr&gt;
    &lt;tr&gt;
      &lt;td style='width: 184px; height: 26px; font-weight: bold;' align='undefined' valign='undefined'&gt;Deaths&lt;/td&gt;
      &lt;td style='width: 292px; height: 26px;' align='undefined' valign='undefined'&gt;1&amp;nbsp;
&lt;/td&gt;
      &lt;td style='height: 26px; width: 184px; font-weight: bold;' align='undefined' valign='undefined'&gt;Url&lt;/td&gt;
      &lt;td style='height: 26px; width: 291px;' align='undefined' valign='undefined'&gt;&lt;A href=' http://www.deccanherald.com/content/194638/labourer-killed-mudslide.html'&gt;Link to News&amp;nbsp;&lt;/A&gt;
&lt;/td&gt;
    &lt;/tr&gt;
    &lt;tr&gt;
      &lt;td style='width: 184px; height: 90px; font-weight: bold;' align='undefined' valign='undefined'&gt;Description&lt;/td&gt;
      &lt;td colspan='3' rowspan='1' style='height: 90px; width: 291px;' align='undefined' valign='undefined'&gt; A labourer was killed and another injured when mud caved in on them while they were laying a pipeline for the Bangalore Water Supply and Sewerage Board on Thursday&amp;nbsp;
&lt;/td&gt;
    &lt;/tr&gt;
  &lt;/tbody&gt;
&lt;/table&gt;</description>
                <styleUrl>#style9999x9339999</styleUrl>
                <Point>
                    <extrude xmlns:ns5="http://www.w3.org/2001/XMLSchema-instance" xmlns:ns6="http://www.w3.org/2001/XMLSchema" ns5:type="ns6:boolean">false</extrude>
                    <altitudeMode>clampToGround</altitudeMode>
                    <coordinates>77.5833,12.9833</coordinates>
                </Point>
            </Placemark>
            <Placemark>
                <name>Citrix Systems Singapore Pte Ltd</name>
                <visibility xmlns:ns5="http://www.w3.org/2001/XMLSchema-instance" xmlns:ns6="http://www.w3.org/2001/XMLSchema" ns5:type="ns6:boolean">true</visibility>
                <open xmlns:ns5="http://www.w3.org/2001/XMLSchema-instance" xmlns:ns6="http://www.w3.org/2001/XMLSchema" ns5:type="ns6:boolean">true</open>
                <address>8, Temasek Boulevard, #34-02, Suntec Tower 3,singapore,SINGAPORE,Singapore</address>
                <description>&lt;table style='text-align: left; width: 480px; height: 240px;' border='1' border-color='gray' border-style='solid' cellpadding='2' cellspacing='2'&gt;
&lt;tbody&gt;
    &lt;tr style='font-weight: bold;'&gt;
		&lt;td style='height: 78px; width: 184px;' align='undefined' valign='undefined'&gt;&lt;span style='font-weight: normal;'&gt;&lt;img src='http:\\www.razient.com\Razient\iconsgi\customer.png'/&gt;&lt;/span&gt;&lt;/td&gt;
		&lt;td colspan='3' rowspan='1' style='height: 78px; width: 291px;' align='undefined' valign='undefined'&gt;Name: Citrix Systems Singapore Pte Ltd&amp;nbsp;&lt;br&gt; Address: 8, Temasek Boulevard, #34-02, Suntec Tower 3 - singapore - SINGAPORE - Singapore&amp;nbsp;&lt;br&gt; Phone Number: &amp;nbsp;&lt;br&gt; Email: &amp;nbsp;&lt;br&gt; Primary Contact: &amp;nbsp;&lt;/td&gt;
    &lt;/tr&gt;
    &lt;tr&gt;
	   &lt;td colspan='3' rowspan='1' style='height: 0px; width: 291px;' align='undefined' valign='undefined'&gt;&amp;nbsp;&lt;/td&gt;
    &lt;/tr&gt;
  &lt;/tbody&gt;
&lt;/table&gt;</description>
                <styleUrl>#style0x70000</styleUrl>
                <Point>
                    <extrude xmlns:ns5="http://www.w3.org/2001/XMLSchema-instance" xmlns:ns6="http://www.w3.org/2001/XMLSchema" ns5:type="ns6:boolean">false</extrude>
                    <altitudeMode>clampToGround</altitudeMode>
                    <coordinates>103.857834,1.2942312</coordinates>
                </Point>
            </Placemark>
            <Placemark>
                <name> Incident :  Fire intensifies at Shells biggest refinery</name>
                <visibility xmlns:ns5="http://www.w3.org/2001/XMLSchema-instance" xmlns:ns6="http://www.w3.org/2001/XMLSchema" ns5:type="ns6:boolean">true</visibility>
                <open xmlns:ns5="http://www.w3.org/2001/XMLSchema-instance" xmlns:ns6="http://www.w3.org/2001/XMLSchema" ns5:type="ns6:boolean">false</open>
                <description>&lt;table style='text-align: left; width: 480px; height: 240px;' border='1' border-color='gray' border-style='solid' cellpadding='2' cellspacing='2'&gt;
&lt;tbody&gt;
    &lt;tr style='font-weight: bold;'&gt;
		&lt;td style='height: 78px; width: 184px;' align='undefined' valign='undefined'&gt;&lt;span style='font-weight: normal;'&gt;&lt;img src='http:\\66.216.18.155\Razient\iconsgi\suppliers.gif'/&gt;&lt;/span&gt;&lt;/td&gt;
		&lt;td colspan='3' rowspan='1' style='height: 78px; width: 291px;' align='undefined' valign='undefined'&gt;Citrix Systems Singapore Pte Ltd&amp;nbsp;
8, Temasek Boulevard, #34-02, Suntec Tower 3&amp;nbsp;&lt;/td&gt;
    &lt;/tr&gt;
    &lt;tr&gt;
      &lt;td style='height: 0px; width: 184px; text-align: left;' valign='undefined'&gt;&lt;span style='font-weight: bold;'&gt;Summary:&lt;/span&gt;&lt;/td&gt;
	   &lt;td colspan='3' rowspan='1' style='height: 0px; width: 291px;' align='undefined' valign='undefined'&gt; Fire intensifies at Shells biggest refinery&amp;nbsp;&lt;/td&gt;
    &lt;/tr&gt;
    &lt;tr&gt;
      &lt;td style='width: 184px; height: 26px; font-weight: bold;' align='undefined' valign='undefined'&gt;Country&lt;/td&gt;
      &lt;td style='width: 292px; height: 26px;' align='undefined' valign='undefined'&gt;Singapore&amp;nbsp;&lt;/td&gt;
      &lt;td style='height: 26px; width: 184px; font-weight: bold;' align='undefined' valign='undefined'&gt;Severity	&lt;/td&gt;
      &lt;td style='height: 26px; width: 291px;' align='undefined' valign='undefined'&gt;Medium&amp;nbsp;&lt;/td&gt;
    &lt;/tr&gt;
    &lt;tr&gt;
      &lt;td style='width: 184px; height: 30px; font-weight: bold;' align='undefined' valign='undefined'&gt;State&lt;/td&gt;
      &lt;td style='width: 292px; height: 30px;' align='undefined' valign='undefined'&gt;SINGAPORE&amp;nbsp;
&lt;/td&gt;
      &lt;td style='height: 30px; width: 184px; font-weight: bold;' align='undefined' valign='undefined'&gt;Type&lt;/td&gt;
      &lt;td style='height: 30px; width: 291px;' align='undefined' valign='undefined'&gt;Fire&amp;nbsp;&lt;/td&gt;
    &lt;/tr&gt;
    &lt;tr&gt;
      &lt;td style='width: 184px; height: 24px; font-weight: bold;' align='undefined' valign='undefined'&gt;City&lt;/td&gt;
      &lt;td style='width: 292px; height: 24px;' align='undefined' valign='undefined'&gt;singapore&amp;nbsp;
&lt;/td&gt;
      &lt;td style='height: 24px; width: 184px; font-weight: bold;' align='undefined' valign='undefined'&gt;Date&lt;/td&gt;
      &lt;td style='height: 24px; width: 291px;' align='undefined' valign='undefined'&gt;2011-09-28&amp;nbsp;
&lt;/td&gt;
    &lt;/tr&gt;
    &lt;tr&gt;
      &lt;td style='width: 184px; height: 26px; font-weight: bold;' align='undefined' valign='undefined'&gt;Deaths&lt;/td&gt;
      &lt;td style='width: 292px; height: 26px;' align='undefined' valign='undefined'&gt;0&amp;nbsp;
&lt;/td&gt;
      &lt;td style='height: 26px; width: 184px; font-weight: bold;' align='undefined' valign='undefined'&gt;Url&lt;/td&gt;
      &lt;td style='height: 26px; width: 291px;' align='undefined' valign='undefined'&gt;&lt;A href=' http://www.reuters.com/article/2011/09/28/us-shell-refinery-fire-idUSTRE78R2B420110928'&gt;Link to News&amp;nbsp;&lt;/A&gt;
&lt;/td&gt;
    &lt;/tr&gt;
    &lt;tr&gt;
      &lt;td style='width: 184px; height: 90px; font-weight: bold;' align='undefined' valign='undefined'&gt;Description&lt;/td&gt;
      &lt;td colspan='3' rowspan='1' style='height: 90px; width: 291px;' align='undefined' valign='undefined'&gt;A fire has intensified at Royal Dutch Shells largest refinery, its half a million barrel per day Singapore plant, sending a plume of black smoke over the city state. The fire involves petroleum products from pipes in the tank farm at the manufacturing facility.&amp;nbsp;
&lt;/td&gt;
    &lt;/tr&gt;
  &lt;/tbody&gt;
&lt;/table&gt;</description>
                <styleUrl>#style9x93309</styleUrl>
                <Point>
                    <extrude xmlns:ns5="http://www.w3.org/2001/XMLSchema-instance" xmlns:ns6="http://www.w3.org/2001/XMLSchema" ns5:type="ns6:boolean">false</extrude>
                    <altitudeMode>clampToGround</altitudeMode>
                    <coordinates>103.8544802,1.2849365000000001</coordinates>
                </Point>
            </Placemark>
            <Placemark>
                <name>Citrix Systems Dubai</name>
                <visibility xmlns:ns5="http://www.w3.org/2001/XMLSchema-instance" xmlns:ns6="http://www.w3.org/2001/XMLSchema" ns5:type="ns6:boolean">true</visibility>
                <open xmlns:ns5="http://www.w3.org/2001/XMLSchema-instance" xmlns:ns6="http://www.w3.org/2001/XMLSchema" ns5:type="ns6:boolean">true</open>
                <address>Dubai Internet City, PO Box 500179,dubai,Dubai,United Arab Emirates</address>
                <description>&lt;table style='text-align: left; width: 480px; height: 240px;' border='1' border-color='gray' border-style='solid' cellpadding='2' cellspacing='2'&gt;
&lt;tbody&gt;
    &lt;tr style='font-weight: bold;'&gt;
		&lt;td style='height: 78px; width: 184px;' align='undefined' valign='undefined'&gt;&lt;span style='font-weight: normal;'&gt;&lt;img src='http:\\www.razient.com\Razient\iconsgi\customer.png'/&gt;&lt;/span&gt;&lt;/td&gt;
		&lt;td colspan='3' rowspan='1' style='height: 78px; width: 291px;' align='undefined' valign='undefined'&gt;Name: Citrix Systems Dubai&amp;nbsp;&lt;br&gt; Address: Dubai Internet City, PO Box 500179 - dubai - Dubai - United Arab Emirates&amp;nbsp;&lt;br&gt; Phone Number: &amp;nbsp;&lt;br&gt; Email: &amp;nbsp;&lt;br&gt; Primary Contact: &amp;nbsp;&lt;/td&gt;
    &lt;/tr&gt;
    &lt;tr&gt;
	   &lt;td colspan='3' rowspan='1' style='height: 0px; width: 291px;' align='undefined' valign='undefined'&gt;&amp;nbsp;&lt;/td&gt;
    &lt;/tr&gt;
  &lt;/tbody&gt;
&lt;/table&gt;</description>
                <styleUrl>#style0x70000</styleUrl>
                <Point>
                    <extrude xmlns:ns5="http://www.w3.org/2001/XMLSchema-instance" xmlns:ns6="http://www.w3.org/2001/XMLSchema" ns5:type="ns6:boolean">false</extrude>
                    <altitudeMode>clampToGround</altitudeMode>
                    <coordinates>55.16292,25.100935</coordinates>
                </Point>
            </Placemark>
            <Placemark>
                <name> Incident :  Fire rages in industrial zone near Dubai port</name>
                <visibility xmlns:ns5="http://www.w3.org/2001/XMLSchema-instance" xmlns:ns6="http://www.w3.org/2001/XMLSchema" ns5:type="ns6:boolean">true</visibility>
                <open xmlns:ns5="http://www.w3.org/2001/XMLSchema-instance" xmlns:ns6="http://www.w3.org/2001/XMLSchema" ns5:type="ns6:boolean">false</open>
                <description>&lt;table style='text-align: left; width: 480px; height: 240px;' border='1' border-color='gray' border-style='solid' cellpadding='2' cellspacing='2'&gt;
&lt;tbody&gt;
    &lt;tr style='font-weight: bold;'&gt;
		&lt;td style='height: 78px; width: 184px;' align='undefined' valign='undefined'&gt;&lt;span style='font-weight: normal;'&gt;&lt;img src='http:\\66.216.18.155\Razient\iconsgi\suppliers.gif'/&gt;&lt;/span&gt;&lt;/td&gt;
		&lt;td colspan='3' rowspan='1' style='height: 78px; width: 291px;' align='undefined' valign='undefined'&gt;Citrix Systems Dubai&amp;nbsp;
Dubai Internet City, PO Box 500179&amp;nbsp;&lt;/td&gt;
    &lt;/tr&gt;
    &lt;tr&gt;
      &lt;td style='height: 0px; width: 184px; text-align: left;' valign='undefined'&gt;&lt;span style='font-weight: bold;'&gt;Summary:&lt;/span&gt;&lt;/td&gt;
	   &lt;td colspan='3' rowspan='1' style='height: 0px; width: 291px;' align='undefined' valign='undefined'&gt; Fire rages in industrial zone near Dubai port&amp;nbsp;&lt;/td&gt;
    &lt;/tr&gt;
    &lt;tr&gt;
      &lt;td style='width: 184px; height: 26px; font-weight: bold;' align='undefined' valign='undefined'&gt;Country&lt;/td&gt;
      &lt;td style='width: 292px; height: 26px;' align='undefined' valign='undefined'&gt;United Arab Emirates&amp;nbsp;&lt;/td&gt;
      &lt;td style='height: 26px; width: 184px; font-weight: bold;' align='undefined' valign='undefined'&gt;Severity	&lt;/td&gt;
      &lt;td style='height: 26px; width: 291px;' align='undefined' valign='undefined'&gt;Medium&amp;nbsp;&lt;/td&gt;
    &lt;/tr&gt;
    &lt;tr&gt;
      &lt;td style='width: 184px; height: 30px; font-weight: bold;' align='undefined' valign='undefined'&gt;State&lt;/td&gt;
      &lt;td style='width: 292px; height: 30px;' align='undefined' valign='undefined'&gt;Dubai&amp;nbsp;
&lt;/td&gt;
      &lt;td style='height: 30px; width: 184px; font-weight: bold;' align='undefined' valign='undefined'&gt;Type&lt;/td&gt;
      &lt;td style='height: 30px; width: 291px;' align='undefined' valign='undefined'&gt;Fire&amp;nbsp;&lt;/td&gt;
    &lt;/tr&gt;
    &lt;tr&gt;
      &lt;td style='width: 184px; height: 24px; font-weight: bold;' align='undefined' valign='undefined'&gt;City&lt;/td&gt;
      &lt;td style='width: 292px; height: 24px;' align='undefined' valign='undefined'&gt;dubai&amp;nbsp;
&lt;/td&gt;
      &lt;td style='height: 24px; width: 184px; font-weight: bold;' align='undefined' valign='undefined'&gt;Date&lt;/td&gt;
      &lt;td style='height: 24px; width: 291px;' align='undefined' valign='undefined'&gt;2011-09-28&amp;nbsp;
&lt;/td&gt;
    &lt;/tr&gt;
    &lt;tr&gt;
      &lt;td style='width: 184px; height: 26px; font-weight: bold;' align='undefined' valign='undefined'&gt;Deaths&lt;/td&gt;
      &lt;td style='width: 292px; height: 26px;' align='undefined' valign='undefined'&gt;0&amp;nbsp;
&lt;/td&gt;
      &lt;td style='height: 26px; width: 184px; font-weight: bold;' align='undefined' valign='undefined'&gt;Url&lt;/td&gt;
      &lt;td style='height: 26px; width: 291px;' align='undefined' valign='undefined'&gt;&lt;A href=' http://www.cbsnews.com/stories/2011/09/28/ap/middleeast/main20112678.shtml'&gt;Link to News&amp;nbsp;&lt;/A&gt;
&lt;/td&gt;
    &lt;/tr&gt;
    &lt;tr&gt;
      &lt;td style='width: 184px; height: 90px; font-weight: bold;' align='undefined' valign='undefined'&gt;Description&lt;/td&gt;
      &lt;td colspan='3' rowspan='1' style='height: 90px; width: 291px;' align='undefined' valign='undefined'&gt;A major fire engulfed part of an industrial district near Dubais main seaport Wednesday.Towering flames and thick plumes of smoke poured from the warehouse at the center of the blaze near the Jebel Ali port, about 15 miles southwest of central Dubai.&amp;nbsp;
&lt;/td&gt;
    &lt;/tr&gt;
  &lt;/tbody&gt;
&lt;/table&gt;</description>
                <styleUrl>#style9x93309</styleUrl>
                <Point>
                    <extrude xmlns:ns5="http://www.w3.org/2001/XMLSchema-instance" xmlns:ns6="http://www.w3.org/2001/XMLSchema" ns5:type="ns6:boolean">false</extrude>
                    <altitudeMode>clampToGround</altitudeMode>
                    <coordinates>55.364444,25.257278</coordinates>
                </Point>
            </Placemark>
            <Placemark>
                <name>Citrix Systems, Inc. Dallas</name>
                <visibility xmlns:ns5="http://www.w3.org/2001/XMLSchema-instance" xmlns:ns6="http://www.w3.org/2001/XMLSchema" ns5:type="ns6:boolean">true</visibility>
                <open xmlns:ns5="http://www.w3.org/2001/XMLSchema-instance" xmlns:ns6="http://www.w3.org/2001/XMLSchema" ns5:type="ns6:boolean">true</open>
                <address>5001 LBJ Frwy, Ste. 1015,dallas,Texas,United States</address>
                <description>&lt;table style='text-align: left; width: 480px; height: 240px;' border='1' border-color='gray' border-style='solid' cellpadding='2' cellspacing='2'&gt;
&lt;tbody&gt;
    &lt;tr style='font-weight: bold;'&gt;
		&lt;td style='height: 78px; width: 184px;' align='undefined' valign='undefined'&gt;&lt;span style='font-weight: normal;'&gt;&lt;img src='http:\\www.razient.com\Razient\iconsgi\customer.png'/&gt;&lt;/span&gt;&lt;/td&gt;
		&lt;td colspan='3' rowspan='1' style='height: 78px; width: 291px;' align='undefined' valign='undefined'&gt;Name: Citrix Systems, Inc. Dallas&amp;nbsp;&lt;br&gt; Address: 5001 LBJ Frwy, Ste. 1015 - dallas - Texas - United States&amp;nbsp;&lt;br&gt; Phone Number: &amp;nbsp;&lt;br&gt; Email: &amp;nbsp;&lt;br&gt; Primary Contact: &amp;nbsp;&lt;/td&gt;
    &lt;/tr&gt;
    &lt;tr&gt;
	   &lt;td colspan='3' rowspan='1' style='height: 0px; width: 291px;' align='undefined' valign='undefined'&gt;&amp;nbsp;&lt;/td&gt;
    &lt;/tr&gt;
  &lt;/tbody&gt;
&lt;/table&gt;</description>
                <styleUrl>#style0x70000</styleUrl>
                <Point>
                    <extrude xmlns:ns5="http://www.w3.org/2001/XMLSchema-instance" xmlns:ns6="http://www.w3.org/2001/XMLSchema" ns5:type="ns6:boolean">false</extrude>
                    <altitudeMode>clampToGround</altitudeMode>
                    <coordinates>-96.82311,32.92776</coordinates>
                </Point>
            </Placemark>
            <Placemark>
                <name> Incident :  Fire temporarily shuts down original Sonny Bryans on Inwood</name>
                <visibility xmlns:ns5="http://www.w3.org/2001/XMLSchema-instance" xmlns:ns6="http://www.w3.org/2001/XMLSchema" ns5:type="ns6:boolean">true</visibility>
                <open xmlns:ns5="http://www.w3.org/2001/XMLSchema-instance" xmlns:ns6="http://www.w3.org/2001/XMLSchema" ns5:type="ns6:boolean">false</open>
                <description>&lt;table style='text-align: left; width: 480px; height: 240px;' border='1' border-color='gray' border-style='solid' cellpadding='2' cellspacing='2'&gt;
&lt;tbody&gt;
    &lt;tr style='font-weight: bold;'&gt;
		&lt;td style='height: 78px; width: 184px;' align='undefined' valign='undefined'&gt;&lt;span style='font-weight: normal;'&gt;&lt;img src='http:\\66.216.18.155\Razient\iconsgi\suppliers.gif'/&gt;&lt;/span&gt;&lt;/td&gt;
		&lt;td colspan='3' rowspan='1' style='height: 78px; width: 291px;' align='undefined' valign='undefined'&gt;Citrix Systems, Inc. Dallas&amp;nbsp;
5001 LBJ Frwy, Ste. 1015&amp;nbsp;&lt;/td&gt;
    &lt;/tr&gt;
    &lt;tr&gt;
      &lt;td style='height: 0px; width: 184px; text-align: left;' valign='undefined'&gt;&lt;span style='font-weight: bold;'&gt;Summary:&lt;/span&gt;&lt;/td&gt;
	   &lt;td colspan='3' rowspan='1' style='height: 0px; width: 291px;' align='undefined' valign='undefined'&gt; Fire temporarily shuts down original Sonny Bryans on Inwood&amp;nbsp;&lt;/td&gt;
    &lt;/tr&gt;
    &lt;tr&gt;
      &lt;td style='width: 184px; height: 26px; font-weight: bold;' align='undefined' valign='undefined'&gt;Country&lt;/td&gt;
      &lt;td style='width: 292px; height: 26px;' align='undefined' valign='undefined'&gt;United States&amp;nbsp;&lt;/td&gt;
      &lt;td style='height: 26px; width: 184px; font-weight: bold;' align='undefined' valign='undefined'&gt;Severity	&lt;/td&gt;
      &lt;td style='height: 26px; width: 291px;' align='undefined' valign='undefined'&gt;Medium&amp;nbsp;&lt;/td&gt;
    &lt;/tr&gt;
    &lt;tr&gt;
      &lt;td style='width: 184px; height: 30px; font-weight: bold;' align='undefined' valign='undefined'&gt;State&lt;/td&gt;
      &lt;td style='width: 292px; height: 30px;' align='undefined' valign='undefined'&gt;Texas&amp;nbsp;
&lt;/td&gt;
      &lt;td style='height: 30px; width: 184px; font-weight: bold;' align='undefined' valign='undefined'&gt;Type&lt;/td&gt;
      &lt;td style='height: 30px; width: 291px;' align='undefined' valign='undefined'&gt;Fire&amp;nbsp;&lt;/td&gt;
    &lt;/tr&gt;
    &lt;tr&gt;
      &lt;td style='width: 184px; height: 24px; font-weight: bold;' align='undefined' valign='undefined'&gt;City&lt;/td&gt;
      &lt;td style='width: 292px; height: 24px;' align='undefined' valign='undefined'&gt;dallas&amp;nbsp;
&lt;/td&gt;
      &lt;td style='height: 24px; width: 184px; font-weight: bold;' align='undefined' valign='undefined'&gt;Date&lt;/td&gt;
      &lt;td style='height: 24px; width: 291px;' align='undefined' valign='undefined'&gt;2011-09-27&amp;nbsp;
&lt;/td&gt;
    &lt;/tr&gt;
    &lt;tr&gt;
      &lt;td style='width: 184px; height: 26px; font-weight: bold;' align='undefined' valign='undefined'&gt;Deaths&lt;/td&gt;
      &lt;td style='width: 292px; height: 26px;' align='undefined' valign='undefined'&gt;0&amp;nbsp;
&lt;/td&gt;
      &lt;td style='height: 26px; width: 184px; font-weight: bold;' align='undefined' valign='undefined'&gt;Url&lt;/td&gt;
      &lt;td style='height: 26px; width: 291px;' align='undefined' valign='undefined'&gt;&lt;A href=' http://www.pegasusnews.com/news/2011/sep/28/fire-temporarily-shuts-down-sonny-bryans-inwood/'&gt;Link to News&amp;nbsp;&lt;/A&gt;
&lt;/td&gt;
    &lt;/tr&gt;
    &lt;tr&gt;
      &lt;td style='width: 184px; height: 90px; font-weight: bold;' align='undefined' valign='undefined'&gt;Description&lt;/td&gt;
      &lt;td colspan='3' rowspan='1' style='height: 90px; width: 291px;' align='undefined' valign='undefined'&gt; There was a fire at Sonny Bryans on Tuesday night, sufficiently damaging the restaurant so that it is closed until the weekend.&amp;nbsp;
&lt;/td&gt;
    &lt;/tr&gt;
  &lt;/tbody&gt;
&lt;/table&gt;</description>
                <styleUrl>#style9x93309</styleUrl>
                <Point>
                    <extrude xmlns:ns5="http://www.w3.org/2001/XMLSchema-instance" xmlns:ns6="http://www.w3.org/2001/XMLSchema" ns5:type="ns6:boolean">false</extrude>
                    <altitudeMode>clampToGround</altitudeMode>
                    <coordinates>-96.8212909,32.8725949</coordinates>
                </Point>
            </Placemark>
            <Placemark>
                <name>Citrix Supplier 1 - Headquarters</name>
                <visibility xmlns:ns5="http://www.w3.org/2001/XMLSchema-instance" xmlns:ns6="http://www.w3.org/2001/XMLSchema" ns5:type="ns6:boolean">true</visibility>
                <open xmlns:ns5="http://www.w3.org/2001/XMLSchema-instance" xmlns:ns6="http://www.w3.org/2001/XMLSchema" ns5:type="ns6:boolean">true</open>
                <address>12500 TI Blvd,dallas,Texas,United States</address>
                <description>&lt;table style='text-align: left; width: 480px; height: 240px;' border='1' border-color='gray' border-style='solid' cellpadding='2' cellspacing='2'&gt;
&lt;tbody&gt;
    &lt;tr style='font-weight: bold;'&gt;
		&lt;td style='height: 78px; width: 184px;' align='undefined' valign='undefined'&gt;&lt;span style='font-weight: normal;'&gt;&lt;img src='http:\\www.razient.com\Razient\iconsgi\supplier.png'/&gt;&lt;/span&gt;&lt;/td&gt;
		&lt;td colspan='3' rowspan='1' style='height: 78px; width: 291px;' align='undefined' valign='undefined'&gt;Name: Citrix Supplier 1 - Headquarters&amp;nbsp;&lt;br&gt; Address: 12500 TI Blvd - dallas - Texas - United States&amp;nbsp;&lt;br&gt; Phone Number: &amp;nbsp;&lt;br&gt; Email: &amp;nbsp;&lt;br&gt; Primary Contact: &amp;nbsp;&lt;/td&gt;
    &lt;/tr&gt;
    &lt;tr&gt;
      &lt;td style='height: 0px; width: 184px; text-align: left;' valign='undefined'&gt;&lt;span style='font-weight: bold;'&gt;Parts:&lt;/span&gt;&lt;/td&gt;
	   &lt;td colspan='3' rowspan='1' style='height: 0px; width: 291px;' align='undefined' valign='undefined'&gt;&amp;nbsp;&lt;/td&gt;
    &lt;/tr&gt;
  &lt;/tbody&gt;
&lt;/table&gt;</description>
                <styleUrl>#style0x80000</styleUrl>
                <Point>
                    <extrude xmlns:ns5="http://www.w3.org/2001/XMLSchema-instance" xmlns:ns6="http://www.w3.org/2001/XMLSchema" ns5:type="ns6:boolean">false</extrude>
                    <altitudeMode>clampToGround</altitudeMode>
                    <coordinates>-96.75363,32.910885</coordinates>
                </Point>
            </Placemark>
            <Placemark>
                <name> Incident :  Fire temporarily shuts down original Sonny Bryans on Inwood</name>
                <visibility xmlns:ns5="http://www.w3.org/2001/XMLSchema-instance" xmlns:ns6="http://www.w3.org/2001/XMLSchema" ns5:type="ns6:boolean">true</visibility>
                <open xmlns:ns5="http://www.w3.org/2001/XMLSchema-instance" xmlns:ns6="http://www.w3.org/2001/XMLSchema" ns5:type="ns6:boolean">false</open>
                <description>&lt;table style='text-align: left; width: 480px; height: 240px;' border='1' border-color='gray' border-style='solid' cellpadding='2' cellspacing='2'&gt;
&lt;tbody&gt;
    &lt;tr style='font-weight: bold;'&gt;
		&lt;td style='height: 78px; width: 184px;' align='undefined' valign='undefined'&gt;&lt;span style='font-weight: normal;'&gt;&lt;img src='http:\\66.216.18.155\Razient\iconsgi\suppliers.gif'/&gt;&lt;/span&gt;&lt;/td&gt;
		&lt;td colspan='3' rowspan='1' style='height: 78px; width: 291px;' align='undefined' valign='undefined'&gt;Citrix Supplier 1 - Headquarters&amp;nbsp;
12500 TI Blvd&amp;nbsp;&lt;/td&gt;
    &lt;/tr&gt;
    &lt;tr&gt;
      &lt;td style='height: 0px; width: 184px; text-align: left;' valign='undefined'&gt;&lt;span style='font-weight: bold;'&gt;Summary:&lt;/span&gt;&lt;/td&gt;
	   &lt;td colspan='3' rowspan='1' style='height: 0px; width: 291px;' align='undefined' valign='undefined'&gt; Fire temporarily shuts down original Sonny Bryans on Inwood&amp;nbsp;&lt;/td&gt;
    &lt;/tr&gt;
    &lt;tr&gt;
      &lt;td style='width: 184px; height: 26px; font-weight: bold;' align='undefined' valign='undefined'&gt;Country&lt;/td&gt;
      &lt;td style='width: 292px; height: 26px;' align='undefined' valign='undefined'&gt;United States&amp;nbsp;&lt;/td&gt;
      &lt;td style='height: 26px; width: 184px; font-weight: bold;' align='undefined' valign='undefined'&gt;Severity	&lt;/td&gt;
      &lt;td style='height: 26px; width: 291px;' align='undefined' valign='undefined'&gt;Medium&amp;nbsp;&lt;/td&gt;
    &lt;/tr&gt;
    &lt;tr&gt;
      &lt;td style='width: 184px; height: 30px; font-weight: bold;' align='undefined' valign='undefined'&gt;State&lt;/td&gt;
      &lt;td style='width: 292px; height: 30px;' align='undefined' valign='undefined'&gt;Texas&amp;nbsp;
&lt;/td&gt;
      &lt;td style='height: 30px; width: 184px; font-weight: bold;' align='undefined' valign='undefined'&gt;Type&lt;/td&gt;
      &lt;td style='height: 30px; width: 291px;' align='undefined' valign='undefined'&gt;Fire&amp;nbsp;&lt;/td&gt;
    &lt;/tr&gt;
    &lt;tr&gt;
      &lt;td style='width: 184px; height: 24px; font-weight: bold;' align='undefined' valign='undefined'&gt;City&lt;/td&gt;
      &lt;td style='width: 292px; height: 24px;' align='undefined' valign='undefined'&gt;dallas&amp;nbsp;
&lt;/td&gt;
      &lt;td style='height: 24px; width: 184px; font-weight: bold;' align='undefined' valign='undefined'&gt;Date&lt;/td&gt;
      &lt;td style='height: 24px; width: 291px;' align='undefined' valign='undefined'&gt;2011-09-27&amp;nbsp;
&lt;/td&gt;
    &lt;/tr&gt;
    &lt;tr&gt;
      &lt;td style='width: 184px; height: 26px; font-weight: bold;' align='undefined' valign='undefined'&gt;Deaths&lt;/td&gt;
      &lt;td style='width: 292px; height: 26px;' align='undefined' valign='undefined'&gt;0&amp;nbsp;
&lt;/td&gt;
      &lt;td style='height: 26px; width: 184px; font-weight: bold;' align='undefined' valign='undefined'&gt;Url&lt;/td&gt;
      &lt;td style='height: 26px; width: 291px;' align='undefined' valign='undefined'&gt;&lt;A href=' http://www.pegasusnews.com/news/2011/sep/28/fire-temporarily-shuts-down-sonny-bryans-inwood/'&gt;Link to News&amp;nbsp;&lt;/A&gt;
&lt;/td&gt;
    &lt;/tr&gt;
    &lt;tr&gt;
      &lt;td style='width: 184px; height: 90px; font-weight: bold;' align='undefined' valign='undefined'&gt;Description&lt;/td&gt;
      &lt;td colspan='3' rowspan='1' style='height: 90px; width: 291px;' align='undefined' valign='undefined'&gt; There was a fire at Sonny Bryans on Tuesday night, sufficiently damaging the restaurant so that it is closed until the weekend.&amp;nbsp;
&lt;/td&gt;
    &lt;/tr&gt;
  &lt;/tbody&gt;
&lt;/table&gt;</description>
                <styleUrl>#style9x93309</styleUrl>
                <Point>
                    <extrude xmlns:ns5="http://www.w3.org/2001/XMLSchema-instance" xmlns:ns6="http://www.w3.org/2001/XMLSchema" ns5:type="ns6:boolean">false</extrude>
                    <altitudeMode>clampToGround</altitudeMode>
                    <coordinates>-96.8212909,32.8725949</coordinates>
                </Point>
            </Placemark>
            <Placemark>
                <name>Citrix Systems Asia Pacific Ltd.</name>
                <visibility xmlns:ns5="http://www.w3.org/2001/XMLSchema-instance" xmlns:ns6="http://www.w3.org/2001/XMLSchema" ns5:type="ns6:boolean">true</visibility>
                <open xmlns:ns5="http://www.w3.org/2001/XMLSchema-instance" xmlns:ns6="http://www.w3.org/2001/XMLSchema" ns5:type="ns6:boolean">true</open>
                <address>No. 268, Central Tibet Road,shanghai,Shanghai,China</address>
                <description>&lt;table style='text-align: left; width: 480px; height: 240px;' border='1' border-color='gray' border-style='solid' cellpadding='2' cellspacing='2'&gt;
&lt;tbody&gt;
    &lt;tr style='font-weight: bold;'&gt;
		&lt;td style='height: 78px; width: 184px;' align='undefined' valign='undefined'&gt;&lt;span style='font-weight: normal;'&gt;&lt;img src='http:\\www.razient.com\Razient\iconsgi\customer.png'/&gt;&lt;/span&gt;&lt;/td&gt;
		&lt;td colspan='3' rowspan='1' style='height: 78px; width: 291px;' align='undefined' valign='undefined'&gt;Name: Citrix Systems Asia Pacific Ltd.&amp;nbsp;&lt;br&gt; Address: No. 268, Central Tibet Road - shanghai - Shanghai - China&amp;nbsp;&lt;br&gt; Phone Number: &amp;nbsp;&lt;br&gt; Email: &amp;nbsp;&lt;br&gt; Primary Contact: &amp;nbsp;&lt;/td&gt;
    &lt;/tr&gt;
    &lt;tr&gt;
	   &lt;td colspan='3' rowspan='1' style='height: 0px; width: 291px;' align='undefined' valign='undefined'&gt;&amp;nbsp;&lt;/td&gt;
    &lt;/tr&gt;
  &lt;/tbody&gt;
&lt;/table&gt;</description>
                <styleUrl>#style0x70000</styleUrl>
                <Point>
                    <extrude xmlns:ns5="http://www.w3.org/2001/XMLSchema-instance" xmlns:ns6="http://www.w3.org/2001/XMLSchema" ns5:type="ns6:boolean">false</extrude>
                    <altitudeMode>clampToGround</altitudeMode>
                    <coordinates>121.4737,31.230392</coordinates>
                </Point>
            </Placemark>
            <Placemark>
                <name> Incident : Shanghai Subway Crash Injures 260&#xD;
</name>
                <visibility xmlns:ns5="http://www.w3.org/2001/XMLSchema-instance" xmlns:ns6="http://www.w3.org/2001/XMLSchema" ns5:type="ns6:boolean">true</visibility>
                <open xmlns:ns5="http://www.w3.org/2001/XMLSchema-instance" xmlns:ns6="http://www.w3.org/2001/XMLSchema" ns5:type="ns6:boolean">false</open>
                <description>&lt;table style='text-align: left; width: 480px; height: 240px;' border='1' border-color='gray' border-style='solid' cellpadding='2' cellspacing='2'&gt;
&lt;tbody&gt;
    &lt;tr style='font-weight: bold;'&gt;
		&lt;td style='height: 78px; width: 184px;' align='undefined' valign='undefined'&gt;&lt;span style='font-weight: normal;'&gt;&lt;img src='http:\\66.216.18.155\Razient\iconsgi\suppliers.gif'/&gt;&lt;/span&gt;&lt;/td&gt;
		&lt;td colspan='3' rowspan='1' style='height: 78px; width: 291px;' align='undefined' valign='undefined'&gt;Citrix Systems Asia Pacific Ltd.&amp;nbsp;
No. 268, Central Tibet Road&amp;nbsp;&lt;/td&gt;
    &lt;/tr&gt;
    &lt;tr&gt;
      &lt;td style='height: 0px; width: 184px; text-align: left;' valign='undefined'&gt;&lt;span style='font-weight: bold;'&gt;Summary:&lt;/span&gt;&lt;/td&gt;
	   &lt;td colspan='3' rowspan='1' style='height: 0px; width: 291px;' align='undefined' valign='undefined'&gt;Shanghai Subway Crash Injures 260&#xD;
&amp;nbsp;&lt;/td&gt;
    &lt;/tr&gt;
    &lt;tr&gt;
      &lt;td style='width: 184px; height: 26px; font-weight: bold;' align='undefined' valign='undefined'&gt;Country&lt;/td&gt;
      &lt;td style='width: 292px; height: 26px;' align='undefined' valign='undefined'&gt;China&amp;nbsp;&lt;/td&gt;
      &lt;td style='height: 26px; width: 184px; font-weight: bold;' align='undefined' valign='undefined'&gt;Severity	&lt;/td&gt;
      &lt;td style='height: 26px; width: 291px;' align='undefined' valign='undefined'&gt;High&amp;nbsp;&lt;/td&gt;
    &lt;/tr&gt;
    &lt;tr&gt;
      &lt;td style='width: 184px; height: 30px; font-weight: bold;' align='undefined' valign='undefined'&gt;State&lt;/td&gt;
      &lt;td style='width: 292px; height: 30px;' align='undefined' valign='undefined'&gt;Shanghai&amp;nbsp;
&lt;/td&gt;
      &lt;td style='height: 30px; width: 184px; font-weight: bold;' align='undefined' valign='undefined'&gt;Type&lt;/td&gt;
      &lt;td style='height: 30px; width: 291px;' align='undefined' valign='undefined'&gt;Train Crash&amp;nbsp;&lt;/td&gt;
    &lt;/tr&gt;
    &lt;tr&gt;
      &lt;td style='width: 184px; height: 24px; font-weight: bold;' align='undefined' valign='undefined'&gt;City&lt;/td&gt;
      &lt;td style='width: 292px; height: 24px;' align='undefined' valign='undefined'&gt;shanghai&amp;nbsp;
&lt;/td&gt;
      &lt;td style='height: 24px; width: 184px; font-weight: bold;' align='undefined' valign='undefined'&gt;Date&lt;/td&gt;
      &lt;td style='height: 24px; width: 291px;' align='undefined' valign='undefined'&gt;2011-09-27&amp;nbsp;
&lt;/td&gt;
    &lt;/tr&gt;
    &lt;tr&gt;
      &lt;td style='width: 184px; height: 26px; font-weight: bold;' align='undefined' valign='undefined'&gt;Deaths&lt;/td&gt;
      &lt;td style='width: 292px; height: 26px;' align='undefined' valign='undefined'&gt;0&amp;nbsp;
&lt;/td&gt;
      &lt;td style='height: 26px; width: 184px; font-weight: bold;' align='undefined' valign='undefined'&gt;Url&lt;/td&gt;
      &lt;td style='height: 26px; width: 291px;' align='undefined' valign='undefined'&gt;&lt;A href=' http://www.bloomberg.com/news/2011-09-27/shanghai-subway-train-collision-injures-at-least-40-people-500-evacuated.html'&gt;Link to News&amp;nbsp;&lt;/A&gt;
&lt;/td&gt;
    &lt;/tr&gt;
    &lt;tr&gt;
      &lt;td style='width: 184px; height: 90px; font-weight: bold;' align='undefined' valign='undefined'&gt;Description&lt;/td&gt;
      &lt;td colspan='3' rowspan='1' style='height: 90px; width: 291px;' align='undefined' valign='undefined'&gt;A Shanghai subway train rammed into the back of another locomotive after a signaling fault, injuring 260 people and adding to concerns that the pace of Chinas rail expansion may undermine safety.The accident on line 10, which opened last year, occurred between Yuyuan station, in the citys historic district, and Lao Ximen at about 251 p.m. &#xD;
&#xD;
&amp;nbsp;
&lt;/td&gt;
    &lt;/tr&gt;
  &lt;/tbody&gt;
&lt;/table&gt;</description>
                <styleUrl>#style4x93304</styleUrl>
                <Point>
                    <extrude xmlns:ns5="http://www.w3.org/2001/XMLSchema-instance" xmlns:ns6="http://www.w3.org/2001/XMLSchema" ns5:type="ns6:boolean">false</extrude>
                    <altitudeMode>clampToGround</altitudeMode>
                    <coordinates>121.473704,31.230393</coordinates>
                </Point>
            </Placemark>
            <Placemark>
                <name>Citrix Systems India Pvt Ltd.</name>
                <visibility xmlns:ns5="http://www.w3.org/2001/XMLSchema-instance" xmlns:ns6="http://www.w3.org/2001/XMLSchema" ns5:type="ns6:boolean">true</visibility>
                <open xmlns:ns5="http://www.w3.org/2001/XMLSchema-instance" xmlns:ns6="http://www.w3.org/2001/XMLSchema" ns5:type="ns6:boolean">true</open>
                <address>Unit No. 216, 2F, Old Mathura Road,new delhi,Delhi,India</address>
                <description>&lt;table style='text-align: left; width: 480px; height: 240px;' border='1' border-color='gray' border-style='solid' cellpadding='2' cellspacing='2'&gt;
&lt;tbody&gt;
    &lt;tr style='font-weight: bold;'&gt;
		&lt;td style='height: 78px; width: 184px;' align='undefined' valign='undefined'&gt;&lt;span style='font-weight: normal;'&gt;&lt;img src='http:\\www.razient.com\Razient\iconsgi\customer.png'/&gt;&lt;/span&gt;&lt;/td&gt;
		&lt;td colspan='3' rowspan='1' style='height: 78px; width: 291px;' align='undefined' valign='undefined'&gt;Name: Citrix Systems India Pvt Ltd.&amp;nbsp;&lt;br&gt; Address: Unit No. 216, 2F, Old Mathura Road - new delhi - Delhi - India&amp;nbsp;&lt;br&gt; Phone Number: &amp;nbsp;&lt;br&gt; Email: &amp;nbsp;&lt;br&gt; Primary Contact: &amp;nbsp;&lt;/td&gt;
    &lt;/tr&gt;
    &lt;tr&gt;
	   &lt;td colspan='3' rowspan='1' style='height: 0px; width: 291px;' align='undefined' valign='undefined'&gt;&amp;nbsp;&lt;/td&gt;
    &lt;/tr&gt;
  &lt;/tbody&gt;
&lt;/table&gt;</description>
                <styleUrl>#style0x70000</styleUrl>
                <Point>
                    <extrude xmlns:ns5="http://www.w3.org/2001/XMLSchema-instance" xmlns:ns6="http://www.w3.org/2001/XMLSchema" ns5:type="ns6:boolean">false</extrude>
                    <altitudeMode>clampToGround</altitudeMode>
                    <coordinates>77.22496,28.635307</coordinates>
                </Point>
            </Placemark>
            <Placemark>
                <name> Incident : Three killed in building collapse in Jama Masjid area&#xD;
</name>
                <visibility xmlns:ns5="http://www.w3.org/2001/XMLSchema-instance" xmlns:ns6="http://www.w3.org/2001/XMLSchema" ns5:type="ns6:boolean">true</visibility>
                <open xmlns:ns5="http://www.w3.org/2001/XMLSchema-instance" xmlns:ns6="http://www.w3.org/2001/XMLSchema" ns5:type="ns6:boolean">false</open>
                <description>&lt;table style='text-align: left; width: 480px; height: 240px;' border='1' border-color='gray' border-style='solid' cellpadding='2' cellspacing='2'&gt;
&lt;tbody&gt;
    &lt;tr style='font-weight: bold;'&gt;
		&lt;td style='height: 78px; width: 184px;' align='undefined' valign='undefined'&gt;&lt;span style='font-weight: normal;'&gt;&lt;img src='http:\\66.216.18.155\Razient\iconsgi\suppliers.gif'/&gt;&lt;/span&gt;&lt;/td&gt;
		&lt;td colspan='3' rowspan='1' style='height: 78px; width: 291px;' align='undefined' valign='undefined'&gt;Citrix Systems India Pvt Ltd.&amp;nbsp;
Unit No. 216, 2F, Old Mathura Road&amp;nbsp;&lt;/td&gt;
    &lt;/tr&gt;
    &lt;tr&gt;
      &lt;td style='height: 0px; width: 184px; text-align: left;' valign='undefined'&gt;&lt;span style='font-weight: bold;'&gt;Summary:&lt;/span&gt;&lt;/td&gt;
	   &lt;td colspan='3' rowspan='1' style='height: 0px; width: 291px;' align='undefined' valign='undefined'&gt;Three killed in building collapse in Jama Masjid area&#xD;
&amp;nbsp;&lt;/td&gt;
    &lt;/tr&gt;
    &lt;tr&gt;
      &lt;td style='width: 184px; height: 26px; font-weight: bold;' align='undefined' valign='undefined'&gt;Country&lt;/td&gt;
      &lt;td style='width: 292px; height: 26px;' align='undefined' valign='undefined'&gt;India&amp;nbsp;&lt;/td&gt;
      &lt;td style='height: 26px; width: 184px; font-weight: bold;' align='undefined' valign='undefined'&gt;Severity	&lt;/td&gt;
      &lt;td style='height: 26px; width: 291px;' align='undefined' valign='undefined'&gt;High&amp;nbsp;&lt;/td&gt;
    &lt;/tr&gt;
    &lt;tr&gt;
      &lt;td style='width: 184px; height: 30px; font-weight: bold;' align='undefined' valign='undefined'&gt;State&lt;/td&gt;
      &lt;td style='width: 292px; height: 30px;' align='undefined' valign='undefined'&gt;Delhi&amp;nbsp;
&lt;/td&gt;
      &lt;td style='height: 30px; width: 184px; font-weight: bold;' align='undefined' valign='undefined'&gt;Type&lt;/td&gt;
      &lt;td style='height: 30px; width: 291px;' align='undefined' valign='undefined'&gt;Collapse&amp;nbsp;&lt;/td&gt;
    &lt;/tr&gt;
    &lt;tr&gt;
      &lt;td style='width: 184px; height: 24px; font-weight: bold;' align='undefined' valign='undefined'&gt;City&lt;/td&gt;
      &lt;td style='width: 292px; height: 24px;' align='undefined' valign='undefined'&gt;new delhi&amp;nbsp;
&lt;/td&gt;
      &lt;td style='height: 24px; width: 184px; font-weight: bold;' align='undefined' valign='undefined'&gt;Date&lt;/td&gt;
      &lt;td style='height: 24px; width: 291px;' align='undefined' valign='undefined'&gt;2011-09-27&amp;nbsp;
&lt;/td&gt;
    &lt;/tr&gt;
    &lt;tr&gt;
      &lt;td style='width: 184px; height: 26px; font-weight: bold;' align='undefined' valign='undefined'&gt;Deaths&lt;/td&gt;
      &lt;td style='width: 292px; height: 26px;' align='undefined' valign='undefined'&gt;3&amp;nbsp;
&lt;/td&gt;
      &lt;td style='height: 26px; width: 184px; font-weight: bold;' align='undefined' valign='undefined'&gt;Url&lt;/td&gt;
      &lt;td style='height: 26px; width: 291px;' align='undefined' valign='undefined'&gt;&lt;A href=' http://www.thehindu.com/news/national/article2490930.ece'&gt;Link to News&amp;nbsp;&lt;/A&gt;
&lt;/td&gt;
    &lt;/tr&gt;
    &lt;tr&gt;
      &lt;td style='width: 184px; height: 90px; font-weight: bold;' align='undefined' valign='undefined'&gt;Description&lt;/td&gt;
      &lt;td colspan='3' rowspan='1' style='height: 90px; width: 291px;' align='undefined' valign='undefined'&gt; At least three persons were killed and five injured on Tuesday night when an old three-storeyed building collapsed near Old Delhis Jama Masjid area.&#xD;
&#xD;
The incident took place at Chandni Mahal area at around 8 pm and around 15 people still feared trapped under the debris, police said.&#xD;
&#xD;
&amp;nbsp;
&lt;/td&gt;
    &lt;/tr&gt;
  &lt;/tbody&gt;
&lt;/table&gt;</description>
                <styleUrl>#style13x93313</styleUrl>
                <Point>
                    <extrude xmlns:ns5="http://www.w3.org/2001/XMLSchema-instance" xmlns:ns6="http://www.w3.org/2001/XMLSchema" ns5:type="ns6:boolean">false</extrude>
                    <altitudeMode>clampToGround</altitudeMode>
                    <coordinates>77.22945999999999,28.635308</coordinates>
                </Point>
            </Placemark>
            <Placemark>
                <name>Citrix Supplier 3 - Headquarters</name>
                <visibility xmlns:ns5="http://www.w3.org/2001/XMLSchema-instance" xmlns:ns6="http://www.w3.org/2001/XMLSchema" ns5:type="ns6:boolean">true</visibility>
                <open xmlns:ns5="http://www.w3.org/2001/XMLSchema-instance" xmlns:ns6="http://www.w3.org/2001/XMLSchema" ns5:type="ns6:boolean">true</open>
                <address>Cowley Road,cambridge,Cambridgeshire,United Kingdom</address>
                <description>&lt;table style='text-align: left; width: 480px; height: 240px;' border='1' border-color='gray' border-style='solid' cellpadding='2' cellspacing='2'&gt;
&lt;tbody&gt;
    &lt;tr style='font-weight: bold;'&gt;
		&lt;td style='height: 78px; width: 184px;' align='undefined' valign='undefined'&gt;&lt;span style='font-weight: normal;'&gt;&lt;img src='http:\\www.razient.com\Razient\iconsgi\supplier.png'/&gt;&lt;/span&gt;&lt;/td&gt;
		&lt;td colspan='3' rowspan='1' style='height: 78px; width: 291px;' align='undefined' valign='undefined'&gt;Name: Citrix Supplier 3 - Headquarters&amp;nbsp;&lt;br&gt; Address: Cowley Road - cambridge - Cambridgeshire - United Kingdom&amp;nbsp;&lt;br&gt; Phone Number: &amp;nbsp;&lt;br&gt; Email: &amp;nbsp;&lt;br&gt; Primary Contact: &amp;nbsp;&lt;/td&gt;
    &lt;/tr&gt;
    &lt;tr&gt;
      &lt;td style='height: 0px; width: 184px; text-align: left;' valign='undefined'&gt;&lt;span style='font-weight: bold;'&gt;Parts:&lt;/span&gt;&lt;/td&gt;
	   &lt;td colspan='3' rowspan='1' style='height: 0px; width: 291px;' align='undefined' valign='undefined'&gt;&amp;nbsp;&lt;/td&gt;
    &lt;/tr&gt;
  &lt;/tbody&gt;
&lt;/table&gt;</description>
                <styleUrl>#style0x80000</styleUrl>
                <Point>
                    <extrude xmlns:ns5="http://www.w3.org/2001/XMLSchema-instance" xmlns:ns6="http://www.w3.org/2001/XMLSchema" ns5:type="ns6:boolean">false</extrude>
                    <altitudeMode>clampToGround</altitudeMode>
                    <coordinates>0.152804,52.23327</coordinates>
                </Point>
            </Placemark>
            <Placemark>
                <name> Incident :  East Anglia Bomb scare rocks city centre university campus</name>
                <visibility xmlns:ns5="http://www.w3.org/2001/XMLSchema-instance" xmlns:ns6="http://www.w3.org/2001/XMLSchema" ns5:type="ns6:boolean">true</visibility>
                <open xmlns:ns5="http://www.w3.org/2001/XMLSchema-instance" xmlns:ns6="http://www.w3.org/2001/XMLSchema" ns5:type="ns6:boolean">false</open>
                <description>&lt;table style='text-align: left; width: 480px; height: 240px;' border='1' border-color='gray' border-style='solid' cellpadding='2' cellspacing='2'&gt;
&lt;tbody&gt;
    &lt;tr style='font-weight: bold;'&gt;
		&lt;td style='height: 78px; width: 184px;' align='undefined' valign='undefined'&gt;&lt;span style='font-weight: normal;'&gt;&lt;img src='http:\\66.216.18.155\Razient\iconsgi\suppliers.gif'/&gt;&lt;/span&gt;&lt;/td&gt;
		&lt;td colspan='3' rowspan='1' style='height: 78px; width: 291px;' align='undefined' valign='undefined'&gt;Citrix Supplier 3 - Headquarters&amp;nbsp;
Cowley Road&amp;nbsp;&lt;/td&gt;
    &lt;/tr&gt;
    &lt;tr&gt;
      &lt;td style='height: 0px; width: 184px; text-align: left;' valign='undefined'&gt;&lt;span style='font-weight: bold;'&gt;Summary:&lt;/span&gt;&lt;/td&gt;
	   &lt;td colspan='3' rowspan='1' style='height: 0px; width: 291px;' align='undefined' valign='undefined'&gt; East Anglia Bomb scare rocks city centre university campus&amp;nbsp;&lt;/td&gt;
    &lt;/tr&gt;
    &lt;tr&gt;
      &lt;td style='width: 184px; height: 26px; font-weight: bold;' align='undefined' valign='undefined'&gt;Country&lt;/td&gt;
      &lt;td style='width: 292px; height: 26px;' align='undefined' valign='undefined'&gt;United Kingdom&amp;nbsp;&lt;/td&gt;
      &lt;td style='height: 26px; width: 184px; font-weight: bold;' align='undefined' valign='undefined'&gt;Severity	&lt;/td&gt;
      &lt;td style='height: 26px; width: 291px;' align='undefined' valign='undefined'&gt;Low&amp;nbsp;&lt;/td&gt;
    &lt;/tr&gt;
    &lt;tr&gt;
      &lt;td style='width: 184px; height: 30px; font-weight: bold;' align='undefined' valign='undefined'&gt;State&lt;/td&gt;
      &lt;td style='width: 292px; height: 30px;' align='undefined' valign='undefined'&gt;Cambridgeshire&amp;nbsp;
&lt;/td&gt;
      &lt;td style='height: 30px; width: 184px; font-weight: bold;' align='undefined' valign='undefined'&gt;Type&lt;/td&gt;
      &lt;td style='height: 30px; width: 291px;' align='undefined' valign='undefined'&gt;Bomb Scare&amp;nbsp;&lt;/td&gt;
    &lt;/tr&gt;
    &lt;tr&gt;
      &lt;td style='width: 184px; height: 24px; font-weight: bold;' align='undefined' valign='undefined'&gt;City&lt;/td&gt;
      &lt;td style='width: 292px; height: 24px;' align='undefined' valign='undefined'&gt;cambridge&amp;nbsp;
&lt;/td&gt;
      &lt;td style='height: 24px; width: 184px; font-weight: bold;' align='undefined' valign='undefined'&gt;Date&lt;/td&gt;
      &lt;td style='height: 24px; width: 291px;' align='undefined' valign='undefined'&gt;2011-09-26&amp;nbsp;
&lt;/td&gt;
    &lt;/tr&gt;
    &lt;tr&gt;
      &lt;td style='width: 184px; height: 26px; font-weight: bold;' align='undefined' valign='undefined'&gt;Deaths&lt;/td&gt;
      &lt;td style='width: 292px; height: 26px;' align='undefined' valign='undefined'&gt;0&amp;nbsp;
&lt;/td&gt;
      &lt;td style='height: 26px; width: 184px; font-weight: bold;' align='undefined' valign='undefined'&gt;Url&lt;/td&gt;
      &lt;td style='height: 26px; width: 291px;' align='undefined' valign='undefined'&gt;&lt;A href=' http://www.eadt.co.uk/news/east_anglia_bomb_scare_rocks_city_centre_university_campus_1_1071875'&gt;Link to News&amp;nbsp;&lt;/A&gt;
&lt;/td&gt;
    &lt;/tr&gt;
    &lt;tr&gt;
      &lt;td style='width: 184px; height: 90px; font-weight: bold;' align='undefined' valign='undefined'&gt;Description&lt;/td&gt;
      &lt;td colspan='3' rowspan='1' style='height: 90px; width: 291px;' align='undefined' valign='undefined'&gt;Police and other emergency services were called to reports of a suspicious device being found at an Anglia Ruskin University building at 1.17pm today.Officers cordoned off East Road in Cambridge city centre while a bomb disposal team from RAF Wittering attended and made the device safe&#xD;
&amp;nbsp;
&lt;/td&gt;
    &lt;/tr&gt;
  &lt;/tbody&gt;
&lt;/table&gt;</description>
                <styleUrl>#style2x93302</styleUrl>
                <Point>
                    <extrude xmlns:ns5="http://www.w3.org/2001/XMLSchema-instance" xmlns:ns6="http://www.w3.org/2001/XMLSchema" ns5:type="ns6:boolean">false</extrude>
                    <altitudeMode>clampToGround</altitudeMode>
                    <coordinates>0.134465,52.209918</coordinates>
                </Point>
            </Placemark>
        </Folder>
    </Document>
</kml>
